_open_time,Open,High,Low,Close,Volume
2025-01-01 00:00:00,3337.78,3343.02,3335.84,3340.26,707.4428
2025-01-01 00:05:00,3340.28,3344.01,3339.55,3342.99,437.6174
2025-01-01 00:10:00,3342.99,3349.34,3341.91,3348.5,766.8736
2025-01-01 00:15:00,3348.51,3352.86,3347.62,3351.05,574.4167
2025-01-01 00:20:00,3351.06,3353.37,3347.72,3349.33,420.7842
2025-01-01 00:25:00,3349.33,3350.36,3347.33,3349.43,561.7065
2025-01-01 00:30:00,3349.43,3358.61,3349.01,3356.8,2388.9724
2025-01-01 00:35:00,3356.81,3360.0,3355.52,3359.96,792.5621
2025-01-01 00:40:00,3359.96,3360.99,3355.62,3356.09,322.1264
2025-01-01 00:45:00,3356.09,3358.86,3353.89,3356.56,308.0876
2025-01-01 00:50:00,3356.56,3363.07,3355.62,3361.42,455.9356
2025-01-01 00:55:00,3361.42,3365.71,3359.0,3363.7,1157.9191
2025-01-01 01:00:00,3363.69,3366.4,3357.53,3359.66,999.5615
2025-01-01 01:05:00,3359.6,3360.0,3355.0,3360.0,567.9667
2025-01-01 01:10:00,3360.0,3362.42,3358.4,3360.93,496.4114
2025-01-01 01:15:00,3360.92,3360.92,3353.03,3354.56,569.1843
2025-01-01 01:20:00,3354.55,3356.84,3351.11,3354.05,381.6096
2025-01-01 01:25:00,3354.04,3355.36,3352.61,3352.79,180.0292
2025-01-01 01:30:00,3352.8,3358.28,3352.38,3356.11,594.6228
2025-01-01 01:35:00,3356.12,3356.85,3354.2,3354.73,238.7497
2025-01-01 01:40:00,3354.72,3356.85,3352.45,3352.46,301.234
2025-01-01 01:45:00,3352.46,3354.3,3351.0,3353.17,575.9721
2025-01-01 01:50:00,3353.18,3353.44,3342.67,3343.58,966.8916
2025-01-01 01:55:00,3343.6,3347.69,3342.73,3346.54,265.9047
2025-01-01 02:00:00,3346.54,3352.92,3346.35,3351.94,372.2225
2025-01-01 02:05:00,3351.94,3353.14,3347.36,3348.1,528.8844
2025-01-01 02:10:00,3348.09,3354.57,3347.8,3354.32,412.5247
2025-01-01 02:15:00,3354.32,3354.32,3350.2,3352.85,324.5266
2025-01-01 02:20:00,3352.86,3354.06,3349.0,3351.37,460.6344
2025-01-01 02:25:00,3351.36,3351.36,3349.4,3349.94,328.6642
2025-01-01 02:30:00,3349.94,3354.61,3349.93,3353.36,458.3753
2025-01-01 02:35:00,3353.37,3360.01,3353.36,3358.23,1610.7084
2025-01-01 02:40:00,3358.23,3360.01,3356.7,3357.78,934.8554
2025-01-01 02:45:00,3357.79,3359.4,3354.93,3355.66,910.3466
2025-01-01 02:50:00,3355.65,3368.42,3355.37,3362.06,1996.7996
2025-01-01 02:55:00,3362.07,3364.94,3361.24,3362.61,437.2679
2025-01-01 03:00:00,3362.61,3362.75,3358.59,3360.96,939.1315
2025-01-01 03:05:00,3360.95,3363.72,3359.39,3359.49,273.9986
2025-01-01 03:10:00,3359.5,3361.41,3359.43,3359.68,153.0585
2025-01-01 03:15:00,3359.69,3359.69,3354.5,3356.09,396.5901
2025-01-01 03:20:00,3356.08,3356.59,3351.64,3355.23,365.0402
2025-01-01 03:25:00,3355.23,3356.38,3354.37,3354.51,273.0888
2025-01-01 03:30:00,3354.51,3355.59,3353.26,3354.01,288.7269
2025-01-01 03:35:00,3354.02,3356.78,3352.0,3356.53,247.7863
2025-01-01 03:40:00,3356.44,3357.15,3354.09,3355.95,340.2404
2025-01-01 03:45:00,3355.95,3356.31,3351.0,3354.99,335.8264
2025-01-01 03:50:00,3354.99,3356.47,3354.99,3355.83,183.0791
2025-01-01 03:55:00,3355.84,3355.84,3354.75,3355.2,228.8978
2025-01-01 04:00:00,3355.2,3356.61,3351.85,3355.66,320.83
2025-01-01 04:05:00,3355.66,3355.66,3350.79,3350.8,218.0986
2025-01-01 04:10:00,3350.8,3351.5,3348.19,3349.1,528.961
2025-01-01 04:15:00,3349.09,3350.36,3346.03,3349.07,391.0171
2025-01-01 04:20:00,3349.08,3351.69,3346.92,3347.85,610.2719
2025-01-01 04:25:00,3347.85,3350.0,3347.7,3348.21,241.4378
2025-01-01 04:30:00,3348.21,3350.36,3345.0,3345.0,302.2769
2025-01-01 04:35:00,3345.0,3347.34,3344.45,3346.01,273.2973
2025-01-01 04:40:00,3346.02,3348.42,3345.32,3345.51,255.3022
2025-01-01 04:45:00,3345.51,3347.15,3341.94,3345.74,507.1739
2025-01-01 04:50:00,3345.73,3346.79,3343.59,3343.6,257.6884
2025-01-01 04:55:00,3343.6,3347.34,3339.45,3341.14,720.2955
2025-01-01 05:00:00,3341.14,3344.05,3340.02,3344.05,285.9801
2025-01-01 05:05:00,3344.05,3346.89,3344.04,3345.14,218.6449
2025-01-01 05:10:00,3345.15,3348.13,3344.56,3346.8,282.9131
2025-01-01 05:15:00,3346.79,3347.95,3345.33,3347.95,254.0466
2025-01-01 05:20:00,3347.95,3349.73,3346.6,3348.0,271.7508
2025-01-01 05:25:00,3348.0,3351.18,3348.0,3350.01,165.7448
2025-01-01 05:30:00,3350.01,3351.57,3348.06,3348.07,322.682
2025-01-01 05:35:00,3348.07,3348.07,3345.09,3345.1,293.9359
2025-01-01 05:40:00,3345.09,3349.34,3344.32,3348.09,388.0147
2025-01-01 05:45:00,3348.08,3349.35,3347.68,3348.76,281.2325
2025-01-01 05:50:00,3348.76,3348.76,3345.0,3346.41,289.5377
2025-01-01 05:55:00,3346.41,3346.41,3344.88,3345.41,192.579
2025-01-01 06:00:00,3345.41,3348.0,3343.5,3345.04,296.4423
2025-01-01 06:05:00,3345.05,3345.05,3339.01,3340.78,552.5251
2025-01-01 06:10:00,3340.78,3341.91,3340.77,3341.49,203.799
2025-01-01 06:15:00,3341.49,3343.32,3340.84,3342.24,441.3467
2025-01-01 06:20:00,3342.25,3345.24,3342.24,3343.57,337.5966
2025-01-01 06:25:00,3343.57,3345.33,3343.07,3344.0,213.8923
2025-01-01 06:30:00,3344.0,3344.0,3342.0,3342.31,2061.2723
2025-01-01 06:35:00,3342.32,3342.32,3336.88,3341.68,1249.4075
2025-01-01 06:40:00,3341.68,3344.48,3341.68,3344.48,341.3003
2025-01-01 06:45:00,3344.49,3345.89,3343.81,3343.97,205.2374
2025-01-01 06:50:00,3343.97,3345.01,3342.89,3344.63,166.937
2025-01-01 06:55:00,3344.64,3346.61,3344.64,3346.6,255.3926
2025-01-01 07:00:00,3346.61,3346.61,3342.32,3342.33,171.3207
2025-01-01 07:05:00,3342.32,3343.71,3340.5,3341.85,285.0614
2025-01-01 07:10:00,3341.89,3345.88,3340.3,3341.26,2586.2809
2025-01-01 07:15:00,3341.26,3344.83,3340.77,3344.02,216.3402
2025-01-01 07:20:00,3344.02,3344.93,3339.35,3341.3,379.4195
2025-01-01 07:25:00,3341.31,3341.92,3340.59,3341.59,266.5148
2025-01-01 07:30:00,3341.58,3344.13,3341.03,3341.04,265.0997
2025-01-01 07:35:00,3341.04,3345.47,3341.03,3343.67,296.6104
2025-01-01 07:40:00,3343.67,3344.03,3342.31,3344.02,156.3942
2025-01-01 07:45:00,3344.03,3344.8,3343.31,3343.5,292.0235
2025-01-01 07:50:00,3343.51,3350.49,3343.5,3348.83,732.2917
2025-01-01 07:55:00,3348.84,3348.84,3345.32,3347.12,222.0641
2025-01-01 08:00:00,3347.11,3348.77,3346.2,3347.56,166.1721
2025-01-01 08:05:00,3347.56,3348.84,3345.0,3345.0,262.2138
2025-01-01 08:10:00,3345.0,3347.31,3345.0,3347.23,271.8833
2025-01-01 08:15:00,3347.23,3348.3,3345.69,3346.51,231.3261
2025-01-01 08:20:00,3346.5,3346.51,3343.33,3343.34,210.7767
2025-01-01 08:25:00,3343.34,3343.68,3331.56,3337.85,2176.967
2025-01-01 08:30:00,3337.85,3341.23,3336.84,3339.78,1255.4537
2025-01-01 08:35:00,3339.79,3342.33,3338.34,3340.81,647.9687
2025-01-01 08:40:00,3340.82,3342.66,3339.69,3339.69,395.554
2025-01-01 08:45:00,3339.7,3339.7,3333.3,3334.04,1186.0243
2025-01-01 08:50:00,3334.04,3340.1,3334.03,3337.83,1040.4089
2025-01-01 08:55:00,3337.83,3337.83,3335.64,3337.01,625.2265
2025-01-01 09:00:00,3337.0,3341.0,3337.0,3340.99,508.3935
2025-01-01 09:05:00,3341.0,3341.0,3334.0,3334.27,931.8456
2025-01-01 09:10:00,3334.27,3335.28,3330.9,3334.29,558.855
2025-01-01 09:15:00,3334.3,3334.35,3323.66,3327.18,2328.4243
2025-01-01 09:20:00,3327.18,3327.75,3315.98,3316.72,5579.9313
2025-01-01 09:25:00,3316.72,3324.18,3313.88,3322.34,5356.1725
2025-01-01 09:30:00,3322.38,3329.25,3321.23,3327.04,876.2816
2025-01-01 09:35:00,3327.05,3327.45,3322.09,3322.6,401.6894
2025-01-01 09:40:00,3322.52,3327.16,3319.6,3327.16,549.2884
2025-01-01 09:45:00,3327.16,3330.26,3324.22,3328.89,769.8576
2025-01-01 09:50:00,3328.83,3335.0,3328.83,3333.39,655.0038
2025-01-01 09:55:00,3333.38,3334.99,3332.5,3334.64,206.9494
2025-01-01 10:00:00,3334.83,3337.89,3333.41,3336.92,530.1353
2025-01-01 10:05:00,3336.92,3338.82,3333.97,3334.06,483.3513
2025-01-01 10:10:00,3334.06,3334.73,3328.55,3330.1,657.312
2025-01-01 10:15:00,3330.1,3334.95,3329.68,3334.62,280.3251
2025-01-01 10:20:00,3334.61,3335.79,3333.37,3335.79,402.3987
2025-01-01 10:25:00,3335.79,3336.4,3329.58,3332.96,1371.9622
2025-01-01 10:30:00,3332.96,3337.29,3332.0,3333.38,348.8751
2025-01-01 10:35:00,3333.38,3334.12,3332.0,3333.48,240.0968
2025-01-01 10:40:00,3333.48,3333.49,3328.6,3330.92,285.7556
2025-01-01 10:45:00,3330.92,3331.98,3328.86,3331.25,345.8459
2025-01-01 10:50:00,3331.25,3331.25,3327.24,3327.61,468.8267
2025-01-01 10:55:00,3327.62,3329.04,3325.7,3326.69,280.0655
2025-01-01 11:00:00,3326.69,3327.64,3323.71,3324.66,593.0758
2025-01-01 11:05:00,3324.66,3330.48,3323.82,3330.17,1060.6188
2025-01-01 11:10:00,3330.17,3330.55,3328.63,3329.52,307.5905
2025-01-01 11:15:00,3329.51,3334.35,3329.51,3332.49,457.627
2025-01-01 11:20:00,3332.49,3334.91,3330.56,3333.67,564.9831
2025-01-01 11:25:00,3333.67,3335.6,3332.53,3335.6,365.9353
2025-01-01 11:30:00,3335.6,3338.08,3334.73,3336.49,824.6525
2025-01-01 11:35:00,3336.5,3336.57,3335.0,3335.0,291.7454
2025-01-01 11:40:00,3335.01,3342.8,3334.41,3342.75,1046.7774
2025-01-01 11:45:00,3342.76,3348.35,3341.8,3342.26,688.7396
2025-01-01 11:50:00,3342.31,3342.85,3339.81,3340.8,198.7852
2025-01-01 11:55:00,3340.8,3343.09,3340.3,3341.0,332.0521
2025-01-01 12:00:00,3341.01,3343.26,3338.58,3342.18,326.7323
2025-01-01 12:05:00,3342.18,3343.73,3341.69,3343.71,316.0077
2025-01-01 12:10:00,3343.72,3344.27,3341.57,3341.82,315.9963
2025-01-01 12:15:00,3341.81,3345.33,3341.57,3343.75,408.4943
2025-01-01 12:20:00,3343.75,3351.28,3343.75,3348.8,981.5116
2025-01-01 12:25:00,3348.66,3351.54,3347.15,3350.75,675.9843
2025-01-01 12:30:00,3350.74,3352.31,3347.6,3347.61,782.0798
2025-01-01 12:35:00,3347.61,3350.43,3344.93,3350.43,774.7467
2025-01-01 12:40:00,3350.43,3352.0,3347.62,3347.62,340.5372
2025-01-01 12:45:00,3347.63,3348.74,3344.51,3344.8,327.7485
2025-01-01 12:50:00,3344.81,3345.94,3344.32,3345.85,229.2239
2025-01-01 12:55:00,3345.84,3348.0,3345.25,3347.46,387.8327
2025-01-01 13:00:00,3347.46,3353.11,3345.57,3353.01,763.3975
2025-01-01 13:05:00,3353.02,3353.5,3342.45,3342.93,771.6043
2025-01-01 13:10:00,3342.94,3342.94,3337.41,3338.83,583.93
2025-01-01 13:15:00,3338.83,3342.7,3334.04,3338.12,707.735
2025-01-01 13:20:00,3338.13,3339.28,3332.51,3334.24,680.6536
2025-01-01 13:25:00,3334.24,3338.45,3333.36,3336.29,456.0263
2025-01-01 13:30:00,3336.28,3341.89,3335.6,3341.0,431.1006
2025-01-01 13:35:00,3341.0,3343.74,3338.5,3338.5,409.0883
2025-01-01 13:40:00,3338.47,3338.49,3334.63,3337.28,315.6343
2025-01-01 13:45:00,3337.29,3342.56,3337.18,3342.13,433.5931
2025-01-01 13:50:00,3342.12,3343.01,3339.71,3340.01,698.6256
2025-01-01 13:55:00,3340.01,3343.77,3339.29,3343.37,380.8431
2025-01-01 14:00:00,3343.37,3353.1,3343.36,3353.1,1044.2478
2025-01-01 14:05:00,3353.1,3359.37,3346.6,3349.54,1028.1652
2025-01-01 14:10:00,3349.55,3351.43,3347.99,3348.51,826.4706
2025-01-01 14:15:00,3348.51,3348.86,3343.04,3343.04,1034.2092
2025-01-01 14:20:00,3343.05,3344.23,3341.38,3341.98,478.4106
2025-01-01 14:25:00,3341.98,3341.99,3337.28,3337.58,1055.177
2025-01-01 14:30:00,3337.47,3337.47,3328.2,3331.3,1749.4323
2025-01-01 14:35:00,3331.3,3341.99,3331.29,3338.98,581.8617
2025-01-01 14:40:00,3338.98,3341.4,3337.28,3338.94,706.808
2025-01-01 14:45:00,3338.95,3349.7,3335.41,3345.68,910.5244
2025-01-01 14:50:00,3345.68,3349.74,3344.41,3345.33,762.1755
2025-01-01 14:55:00,3345.32,3348.32,3344.77,3345.86,551.4989
2025-01-01 15:00:00,3345.86,3351.0,3343.61,3347.06,735.0368
2025-01-01 15:05:00,3347.07,3350.3,3343.76,3345.48,700.9977
2025-01-01 15:10:00,3345.48,3345.48,3333.42,3337.29,673.8518
2025-01-01 15:15:00,3337.28,3341.44,3333.72,3341.31,553.4068
2025-01-01 15:20:00,3341.31,3344.39,3340.85,3340.95,673.2049
2025-01-01 15:25:00,3340.94,3341.96,3338.66,3338.8,284.9559
2025-01-01 15:30:00,3338.8,3343.62,3337.5,3339.56,479.5299
2025-01-01 15:35:00,3339.56,3342.23,3338.53,3342.23,269.8027
2025-01-01 15:40:00,3342.23,3347.34,3340.82,3347.33,529.3529
2025-01-01 15:45:00,3347.34,3353.48,3347.33,3350.56,1153.5207
2025-01-01 15:50:00,3350.55,3351.09,3347.34,3349.33,688.2547
2025-01-01 15:55:00,3349.33,3355.91,3347.55,3352.93,929.7172
2025-01-01 16:00:00,3352.93,3357.19,3346.69,3349.33,1350.1706
2025-01-01 16:05:00,3349.33,3354.41,3348.71,3353.82,642.3894
2025-01-01 16:10:00,3353.82,3353.88,3347.0,3347.72,1333.1632
2025-01-01 16:15:00,3347.71,3348.57,3343.36,3345.36,837.9017
2025-01-01 16:20:00,3345.36,3348.83,3343.47,3347.51,586.3067
2025-01-01 16:25:00,3347.51,3349.34,3344.0,3345.07,548.3137
2025-01-01 16:30:00,3345.07,3345.33,3340.3,3344.2,866.6879
2025-01-01 16:35:00,3344.2,3346.27,3341.52,3342.51,577.6095
2025-01-01 16:40:00,3342.51,3342.58,3336.0,3336.32,949.3168
2025-01-01 16:45:00,3336.32,3338.94,3335.8,3337.65,1166.6412
2025-01-01 16:50:00,3337.65,3338.3,3332.26,3337.41,646.4972
2025-01-01 16:55:00,3337.4,3339.28,3335.21,3338.68,392.7891
2025-01-01 17:00:00,3338.68,3340.0,3333.02,3333.02,530.6304
2025-01-01 17:05:00,3333.02,3335.28,3331.43,3332.51,617.0613
2025-01-01 17:10:00,3332.5,3333.0,3329.33,3330.82,557.7343
2025-01-01 17:15:00,3330.82,3333.95,3323.03,3325.42,995.0684
2025-01-01 17:20:00,3325.42,3331.88,3324.8,3331.3,583.7243
2025-01-01 17:25:00,3331.3,3334.86,3331.14,3334.01,421.4864
2025-01-01 17:30:00,3334.01,3335.73,3332.26,3334.44,324.8452
2025-01-01 17:35:00,3334.45,3338.95,3333.96,3336.41,466.8477
2025-01-01 17:40:00,3336.41,3337.68,3336.28,3337.67,237.4808
2025-01-01 17:45:00,3337.68,3337.68,3333.54,3335.24,369.5816
2025-01-01 17:50:00,3335.24,3341.99,3335.23,3340.8,453.2659
2025-01-01 17:55:00,3340.8,3344.81,3340.0,3343.7,687.8956
2025-01-01 18:00:00,3343.71,3345.0,3336.84,3338.29,516.7612
2025-01-01 18:05:00,3338.3,3338.3,3333.84,3334.88,446.9978
2025-01-01 18:10:00,3334.88,3335.28,3333.26,3334.51,644.6588
2025-01-01 18:15:00,3334.5,3338.0,3333.81,3337.22,608.5967
2025-01-01 18:20:00,3337.23,3338.6,3335.56,3337.5,325.391
2025-01-01 18:25:00,3337.51,3341.27,3336.28,3338.82,363.7851
2025-01-01 18:30:00,3338.81,3347.0,3338.52,3346.99,798.6329
2025-01-01 18:35:00,3347.0,3349.96,3343.32,3348.24,865.2377
2025-01-01 18:40:00,3348.23,3348.88,3345.09,3348.34,745.8002
2025-01-01 18:45:00,3348.35,3352.0,3347.25,3347.38,870.1527
2025-01-01 18:50:00,3347.38,3349.98,3343.68,3347.48,498.9046
2025-01-01 18:55:00,3347.49,3350.0,3347.2,3348.57,887.006
2025-01-01 19:00:00,3348.57,3352.0,3345.58,3350.14,1521.6297
2025-01-01 19:05:00,3350.14,3351.22,3346.52,3347.48,625.4844
2025-01-01 19:10:00,3347.48,3354.38,3346.62,3348.48,674.226
2025-01-01 19:15:00,3348.47,3348.47,3344.75,3348.34,496.5697
2025-01-01 19:20:00,3348.35,3350.0,3343.31,3346.33,462.8901
2025-01-01 19:25:00,3346.34,3347.14,3343.15,3345.0,398.4299
2025-01-01 19:30:00,3345.0,3345.0,3337.92,3341.31,1045.6684
2025-01-01 19:35:00,3341.31,3350.36,3341.3,3349.36,1217.5785
2025-01-01 19:40:00,3349.37,3352.15,3347.82,3350.36,718.6318
2025-01-01 19:45:00,3350.36,3364.14,3349.65,3359.8,2784.6129
2025-01-01 19:50:00,3359.79,3360.97,3352.55,3354.38,1355.4889
2025-01-01 19:55:00,3354.37,3356.56,3350.72,3356.55,948.3156
2025-01-01 20:00:00,3356.56,3360.5,3356.08,3360.45,871.7734
2025-01-01 20:05:00,3360.45,3361.41,3357.84,3359.0,1146.8345
2025-01-01 20:10:00,3359.0,3360.41,3357.27,3357.95,1617.0658
2025-01-01 20:15:00,3357.94,3362.07,3352.0,3353.65,835.3955
2025-01-01 20:20:00,3353.65,3357.32,3353.01,3354.72,610.2213
2025-01-01 20:25:00,3354.72,3356.82,3353.76,3354.25,393.2582
2025-01-01 20:30:00,3354.26,3357.19,3352.08,3354.37,669.1023
2025-01-01 20:35:00,3354.38,3356.31,3352.36,3352.43,373.961
2025-01-01 20:40:00,3352.43,3356.95,3352.43,3355.19,571.6848
2025-01-01 20:45:00,3355.19,3362.6,3355.18,3361.76,985.1367
2025-01-01 20:50:00,3361.67,3361.82,3360.46,3361.39,467.2868
2025-01-01 20:55:00,3361.38,3361.39,3359.39,3360.4,506.7478
2025-01-01 21:00:00,3360.41,3364.53,3359.23,3359.62,1096.53
2025-01-01 21:05:00,3359.63,3360.41,3353.77,3354.42,787.8304
2025-01-01 21:10:00,3354.37,3358.36,3353.76,3356.67,456.6002
2025-01-01 21:15:00,3356.66,3359.4,3355.92,3358.61,1142.93
2025-01-01 21:20:00,3358.62,3371.39,3358.39,3368.98,1071.898
2025-01-01 21:25:00,3368.98,3369.06,3364.57,3367.82,538.6376
2025-01-01 21:30:00,3367.81,3368.45,3362.41,3365.0,619.6308
2025-01-01 21:35:00,3365.0,3365.14,3359.64,3361.1,526.8545
2025-01-01 21:40:00,3361.13,3365.0,3361.12,3362.29,385.5999
2025-01-01 21:45:00,3362.32,3364.43,3361.76,3363.44,475.1595
2025-01-01 21:50:00,3363.44,3369.22,3363.44,3365.01,667.3388
2025-01-01 21:55:00,3365.0,3368.39,3364.24,3368.39,514.2356
2025-01-01 22:00:00,3368.39,3369.45,3362.64,3363.53,902.739
2025-01-01 22:05:00,3363.52,3365.45,3359.0,3362.28,695.2933
2025-01-01 22:10:00,3362.27,3363.74,3361.5,3363.42,404.544
2025-01-01 22:15:00,3363.42,3366.16,3362.67,3364.5,621.7934
2025-01-01 22:20:00,3364.5,3371.86,3364.09,3369.97,1474.8976
2025-01-01 22:25:00,3369.96,3374.85,3368.77,3368.78,1178.1074
2025-01-01 22:30:00,3368.77,3369.33,3366.28,3366.63,1715.2697
2025-01-01 22:35:00,3366.64,3366.64,3362.75,3364.43,1287.4797
2025-01-01 22:40:00,3364.42,3368.52,3363.74,3368.52,502.2332
2025-01-01 22:45:00,3368.52,3368.52,3365.64,3368.09,971.619
2025-01-01 22:50:00,3368.08,3368.09,3365.66,3367.33,362.6103
2025-01-01 22:55:00,3367.33,3368.44,3359.3,3361.63,2278.5369
2025-01-01 23:00:00,3361.63,3365.06,3356.32,3362.82,1111.2091
2025-01-01 23:05:00,3362.79,3366.79,3361.81,3363.71,688.897
2025-01-01 23:10:00,3363.7,3365.0,3360.6,3361.42,400.4549
2025-01-01 23:15:00,3361.5,3361.5,3354.53,3355.63,490.8614
2025-01-01 23:20:00,3355.63,3358.0,3354.98,3354.99,572.5469
2025-01-01 23:25:00,3354.99,3358.0,3354.58,3356.5,293.038
2025-01-01 23:30:00,3356.5,3357.99,3353.0,3356.64,467.4375
2025-01-01 23:35:00,3356.64,3356.64,3352.66,3356.12,672.2734
2025-01-01 23:40:00,3356.12,3359.71,3355.06,3359.06,339.1283
2025-01-01 23:45:00,3359.07,3359.47,3357.38,3357.39,357.047
2025-01-01 23:50:00,3357.38,3357.89,3356.28,3357.88,269.9736
2025-01-01 23:55:00,3357.88,3361.99,3357.87,3360.38,461.9425
2025-01-02 00:00:00,3360.39,3361.59,3355.14,3355.14,1350.6034
2025-01-02 00:05:00,3355.14,3360.41,3354.5,3360.41,466.5817
2025-01-02 00:10:00,3360.4,3361.39,3355.51,3361.39,439.2725
2025-01-02 00:15:00,3361.39,3366.44,3355.47,3359.43,954.9104
2025-01-02 00:20:00,3359.44,3383.36,3357.33,3382.48,2116.4866
2025-01-02 00:25:00,3382.49,3394.98,3379.72,3385.04,5929.3195
2025-01-02 00:30:00,3385.03,3393.88,3376.04,3390.01,2763.2436
2025-01-02 00:35:00,3390.01,3395.0,3384.76,3391.99,2638.4404
2025-01-02 00:40:00,3392.0,3395.0,3388.54,3391.36,1402.782
2025-01-02 00:45:00,3391.35,3399.3,3386.8,3396.9,4792.3341
2025-01-02 00:50:00,3396.89,3400.0,3395.67,3397.7,1386.1676
2025-01-02 00:55:00,3397.69,3398.38,3385.0,3389.92,1113.3077
2025-01-02 01:00:00,3389.91,3397.92,3389.75,3397.59,1599.318
2025-01-02 01:05:00,3397.6,3405.6,3397.43,3401.68,3328.8479
2025-01-02 01:10:00,3401.67,3402.93,3397.73,3399.33,783.6274
2025-01-02 01:15:00,3399.33,3403.39,3395.95,3397.28,811.5533
2025-01-02 01:20:00,3397.28,3397.59,3391.5,3392.27,691.5496
2025-01-02 01:25:00,3392.27,3395.0,3391.78,3392.57,517.9703
2025-01-02 01:30:00,3392.57,3392.62,3377.72,3378.25,1465.8511
2025-01-02 01:35:00,3378.22,3386.54,3378.22,3386.43,921.5042
2025-01-02 01:40:00,3386.44,3390.0,3386.25,3388.6,492.0054
2025-01-02 01:45:00,3388.6,3389.26,3382.64,3384.45,391.4016
2025-01-02 01:50:00,3384.44,3385.71,3382.19,3382.27,692.351
2025-01-02 01:55:00,3382.28,3384.52,3381.28,3383.92,346.4755
2025-01-02 02:00:00,3383.93,3386.54,3381.68,3382.99,422.1247
2025-01-02 02:05:00,3382.99,3390.0,3382.17,3388.79,729.4605
2025-01-02 02:10:00,3388.79,3392.0,3387.54,3387.95,331.2456
2025-01-02 02:15:00,3387.94,3388.29,3378.0,3383.51,605.6665
2025-01-02 02:20:00,3383.51,3388.55,3383.51,3386.88,358.4568
2025-01-02 02:25:00,3386.87,3393.57,3386.87,3389.16,708.7498
2025-01-02 02:30:00,3389.15,3389.16,3381.63,3385.26,584.4167
2025-01-02 02:35:00,3385.27,3389.42,3383.51,3387.52,694.2742
2025-01-02 02:40:00,3387.54,3390.31,3386.09,3388.04,428.1916
2025-01-02 02:45:00,3388.05,3394.36,3388.05,3390.81,569.082
2025-01-02 02:50:00,3390.82,3396.33,3390.61,3394.89,459.0555
2025-01-02 02:55:00,3394.9,3398.5,3394.66,3398.49,758.8383
2025-01-02 03:00:00,3398.49,3401.99,3393.66,3393.66,1106.4771
2025-01-02 03:05:00,3393.66,3393.66,3389.0,3389.04,565.3619
2025-01-02 03:10:00,3389.05,3391.11,3387.23,3389.18,435.8866
2025-01-02 03:15:00,3389.17,3393.22,3388.07,3390.88,492.1615
2025-01-02 03:20:00,3390.89,3396.3,3390.88,3395.08,634.9893
2025-01-02 03:25:00,3395.08,3397.0,3393.72,3394.39,381.2549
2025-01-02 03:30:00,3394.38,3394.91,3390.2,3390.2,484.6048
2025-01-02 03:35:00,3390.19,3392.11,3387.32,3387.32,416.6278
2025-01-02 03:40:00,3387.33,3390.98,3387.33,3389.33,392.3688
2025-01-02 03:45:00,3389.32,3392.33,3388.68,3391.33,303.9379
2025-01-02 03:50:00,3391.33,3394.38,3388.54,3391.43,1875.9307
2025-01-02 03:55:00,3391.42,3391.42,3388.0,3388.55,1063.4297
2025-01-02 04:00:00,3388.54,3393.07,3388.15,3388.26,738.4542
2025-01-02 04:05:00,3388.25,3392.03,3388.0,3391.3,509.0247
2025-01-02 04:10:00,3391.29,3394.22,3389.27,3391.21,2399.2931
2025-01-02 04:15:00,3391.2,3395.13,3388.73,3389.45,1689.9749
2025-01-02 04:20:00,3389.45,3390.8,3388.0,3389.89,832.6545
2025-01-02 04:25:00,3389.89,3391.17,3388.8,3389.28,1019.372
2025-01-02 04:30:00,3389.28,3398.91,3388.01,3398.91,1807.2556
2025-01-02 04:35:00,3398.91,3415.66,3397.76,3415.04,4989.9797
2025-01-02 04:40:00,3415.04,3422.99,3413.2,3417.21,3718.3661
2025-01-02 04:45:00,3417.21,3427.54,3416.68,3423.29,1933.7129
2025-01-02 04:50:00,3423.29,3424.73,3415.0,3417.22,997.2497
2025-01-02 04:55:00,3417.23,3417.69,3414.2,3417.69,628.2787
2025-01-02 05:00:00,3417.69,3419.14,3410.0,3410.41,818.6393
2025-01-02 05:05:00,3410.42,3410.42,3403.99,3408.06,1044.1198
2025-01-02 05:10:00,3408.05,3410.0,3406.63,3406.85,412.595
2025-01-02 05:15:00,3406.84,3411.77,3404.8,3410.67,589.2234
2025-01-02 05:20:00,3410.68,3413.46,3410.0,3410.74,585.3021
2025-01-02 05:25:00,3410.74,3416.81,3410.74,3416.04,877.7189
2025-01-02 05:30:00,3416.04,3417.66,3414.33,3415.28,1276.5781
2025-01-02 05:35:00,3415.29,3417.69,3414.32,3417.01,511.3389
2025-01-02 05:40:00,3417.0,3418.25,3415.22,3417.89,463.5853
2025-01-02 05:45:00,3417.89,3418.04,3413.72,3414.81,566.1211
2025-01-02 05:50:00,3414.82,3415.37,3409.65,3411.94,580.7328
2025-01-02 05:55:00,3411.94,3413.36,3406.27,3412.39,1356.3101
2025-01-02 06:00:00,3412.4,3415.0,3411.89,3414.99,537.9808
2025-01-02 06:05:00,3414.99,3415.68,3405.64,3407.51,605.3683
2025-01-02 06:10:00,3407.52,3409.02,3405.07,3407.54,412.2476
2025-01-02 06:15:00,3407.55,3407.55,3403.14,3404.22,459.2884
2025-01-02 06:20:00,3404.21,3405.62,3402.13,3405.62,662.0409
2025-01-02 06:25:00,3405.63,3409.0,3403.3,3403.3,527.8743
2025-01-02 06:30:00,3403.3,3408.42,3402.27,3404.44,776.8896
2025-01-02 06:35:00,3404.45,3409.65,3403.97,3409.04,883.5297
2025-01-02 06:40:00,3409.05,3410.18,3406.77,3409.53,386.4081
2025-01-02 06:45:00,3409.54,3412.0,3406.44,3406.44,444.8751
2025-01-02 06:50:00,3406.44,3408.41,3406.44,3406.44,581.9812
2025-01-02 06:55:00,3406.45,3410.72,3406.44,3410.37,485.7251
2025-01-02 07:00:00,3410.37,3412.34,3408.79,3411.34,516.0745
2025-01-02 07:05:00,3411.33,3414.38,3410.0,3412.66,451.6139
2025-01-02 07:10:00,3412.66,3415.68,3412.42,3415.34,963.1642
2025-01-02 07:15:00,3415.34,3417.39,3413.8,3415.99,741.396
2025-01-02 07:20:00,3416.0,3420.0,3414.67,3419.38,876.6363
2025-01-02 07:25:00,3419.39,3419.99,3417.01,3418.05,510.3591
2025-01-02 07:30:00,3418.04,3420.96,3417.96,3420.55,701.2814
2025-01-02 07:35:00,3420.55,3420.58,3416.92,3418.7,419.6617
2025-01-02 07:40:00,3418.71,3418.71,3416.21,3417.31,808.2656
2025-01-02 07:45:00,3417.31,3417.34,3415.15,3415.88,792.1813
2025-01-02 07:50:00,3415.87,3417.26,3414.23,3416.41,593.4332
2025-01-02 07:55:00,3416.42,3422.0,3416.41,3420.05,895.0375
2025-01-02 08:00:00,3420.06,3426.35,3420.06,3425.74,1519.705
2025-01-02 08:05:00,3425.74,3426.81,3423.31,3426.27,818.015
2025-01-02 08:10:00,3426.27,3433.0,3424.94,3432.21,1665.3999
2025-01-02 08:15:00,3432.21,3433.0,3423.6,3424.9,866.0449
2025-01-02 08:20:00,3424.91,3426.86,3418.15,3418.16,880.7548
2025-01-02 08:25:00,3418.15,3419.98,3416.75,3418.29,773.4929
2025-01-02 08:30:00,3418.3,3420.0,3414.21,3419.99,612.12
2025-01-02 08:35:00,3420.0,3420.87,3417.0,3417.73,534.109
2025-01-02 08:40:00,3417.73,3424.45,3417.5,3424.38,801.5018
2025-01-02 08:45:00,3424.39,3427.45,3422.65,3426.73,595.5887
2025-01-02 08:50:00,3426.73,3432.5,3426.22,3431.75,1509.9582
2025-01-02 08:55:00,3431.76,3442.62,3431.17,3437.93,2204.3731
2025-01-02 09:00:00,3437.92,3440.0,3434.83,3439.99,1473.8762
2025-01-02 09:05:00,3439.99,3441.63,3434.5,3436.52,904.4348
2025-01-02 09:10:00,3436.52,3442.0,3434.4,3441.99,755.9083
2025-01-02 09:15:00,3442.0,3445.99,3440.96,3443.02,1994.8197
2025-01-02 09:20:00,3443.02,3445.83,3438.99,3441.3,1137.6153
2025-01-02 09:25:00,3441.31,3445.73,3439.28,3445.46,488.7596
2025-01-02 09:30:00,3445.47,3447.0,3442.05,3444.49,630.0878
2025-01-02 09:35:00,3444.49,3444.5,3438.66,3439.23,970.4698
2025-01-02 09:40:00,3439.23,3443.32,3439.23,3442.36,401.9266
2025-01-02 09:45:00,3442.35,3442.56,3439.23,3441.16,637.9728
2025-01-02 09:50:00,3441.16,3450.0,3441.16,3449.6,1401.4313
2025-01-02 09:55:00,3449.6,3470.0,3449.43,3467.95,6178.5972
2025-01-02 10:00:00,3467.94,3472.97,3460.55,3460.55,1622.142
2025-01-02 10:05:00,3460.55,3465.3,3457.99,3463.31,1315.9821
2025-01-02 10:10:00,3463.31,3464.93,3458.0,3458.99,910.4463
2025-01-02 10:15:00,3459.0,3465.3,3458.99,3464.83,1023.6978
2025-01-02 10:20:00,3464.83,3470.0,3463.83,3467.94,1224.8811
2025-01-02 10:25:00,3467.93,3476.0,3467.03,3471.17,1138.2686
2025-01-02 10:30:00,3471.16,3474.98,3467.07,3474.78,1228.5451
2025-01-02 10:35:00,3474.78,3475.51,3467.93,3471.99,1578.343
2025-01-02 10:40:00,3472.0,3472.77,3467.52,3468.27,573.4594
2025-01-02 10:45:00,3468.27,3471.89,3466.86,3467.53,656.6185
2025-01-02 10:50:00,3467.53,3469.19,3463.83,3465.93,1201.9876
2025-01-02 10:55:00,3465.93,3470.91,3465.8,3468.81,701.1758
2025-01-02 11:00:00,3468.81,3469.31,3464.97,3466.29,785.9149
2025-01-02 11:05:00,3466.28,3471.96,3464.29,3468.95,752.8192
2025-01-02 11:10:00,3468.96,3468.96,3461.46,3463.56,571.1853
2025-01-02 11:15:00,3463.57,3464.43,3461.61,3463.34,614.2315
2025-01-02 11:20:00,3463.34,3465.54,3459.18,3459.61,1040.6646
2025-01-02 11:25:00,3459.61,3465.55,3456.87,3465.54,1033.723
2025-01-02 11:30:00,3465.55,3469.35,3465.21,3468.56,586.7077
2025-01-02 11:35:00,3468.57,3472.21,3468.56,3471.25,598.9628
2025-01-02 11:40:00,3471.25,3471.96,3469.3,3471.8,497.4573
2025-01-02 11:45:00,3471.8,3475.0,3471.79,3473.19,1055.9797
2025-01-02 11:50:00,3473.2,3473.2,3467.88,3470.26,452.0088
2025-01-02 11:55:00,3470.26,3473.97,3470.26,3471.18,535.4673
2025-01-02 12:00:00,3471.18,3474.41,3471.18,3474.05,1018.3395
2025-01-02 12:05:00,3474.05,3474.69,3472.14,3474.31,542.1639
2025-01-02 12:10:00,3474.31,3481.13,3473.96,3477.75,1983.1174
2025-01-02 12:15:00,3477.76,3480.69,3476.33,3479.08,1043.3295
2025-01-02 12:20:00,3479.07,3479.08,3470.0,3473.35,1399.5771
2025-01-02 12:25:00,3473.36,3474.47,3469.84,3471.74,874.1796
2025-01-02 12:30:00,3471.74,3472.65,3465.93,3471.51,812.2669
2025-01-02 12:35:00,3471.51,3473.67,3468.55,3473.34,592.2971
2025-01-02 12:40:00,3473.33,3475.25,3472.78,3473.23,542.2461
2025-01-02 12:45:00,3473.22,3480.41,3473.22,3478.66,1867.907
2025-01-02 12:50:00,3478.66,3478.67,3475.0,3476.08,528.6332
2025-01-02 12:55:00,3476.08,3481.14,3475.06,3480.48,509.9329
2025-01-02 13:00:00,3480.48,3484.4,3473.6,3477.73,2785.0939
2025-01-02 13:05:00,3477.74,3480.61,3475.28,3478.83,967.469
2025-01-02 13:10:00,3478.84,3478.84,3459.44,3462.82,3627.7038
2025-01-02 13:15:00,3462.82,3467.5,3460.34,3465.61,1697.8254
2025-01-02 13:20:00,3465.56,3467.75,3463.17,3465.23,1075.9173
2025-01-02 13:25:00,3465.24,3469.01,3465.23,3468.53,915.0495
2025-01-02 13:30:00,3468.53,3473.0,3464.62,3471.24,1472.7015
2025-01-02 13:35:00,3471.24,3472.8,3466.79,3471.01,930.3433
2025-01-02 13:40:00,3471.01,3474.48,3469.6,3469.93,873.0228
2025-01-02 13:45:00,3469.92,3469.93,3461.0,3463.72,1274.5754
2025-01-02 13:50:00,3463.71,3465.39,3461.28,3462.75,1120.4166
2025-01-02 13:55:00,3462.74,3467.21,3461.39,3465.85,756.3079
2025-01-02 14:00:00,3465.86,3467.49,3440.38,3443.96,4479.8806
2025-01-02 14:05:00,3443.95,3458.45,3443.32,3458.38,5619.6891
2025-01-02 14:10:00,3458.38,3459.0,3453.55,3458.48,1176.4143
2025-01-02 14:15:00,3458.49,3462.41,3449.45,3450.58,1239.2268
2025-01-02 14:20:00,3450.57,3456.73,3448.88,3455.96,780.4895
2025-01-02 14:25:00,3455.95,3463.79,3455.95,3462.58,986.4807
2025-01-02 14:30:00,3462.58,3509.99,3459.68,3480.32,14098.8555
2025-01-02 14:35:00,3480.33,3481.49,3460.47,3462.3,7979.2172
2025-01-02 14:40:00,3462.3,3489.4,3462.03,3479.75,4831.6446
2025-01-02 14:45:00,3479.76,3492.35,3478.5,3488.88,2912.7213
2025-01-02 14:50:00,3488.84,3497.54,3482.17,3495.6,2777.6975
2025-01-02 14:55:00,3495.61,3498.0,3487.25,3495.19,1585.2365
2025-01-02 15:00:00,3495.15,3496.26,3482.62,3486.99,2163.2922
2025-01-02 15:05:00,3486.98,3491.66,3480.65,3483.62,1697.8249
2025-01-02 15:10:00,3483.62,3488.47,3478.36,3485.62,2199.6826
2025-01-02 15:15:00,3485.63,3489.08,3475.01,3475.02,2101.9368
2025-01-02 15:20:00,3475.02,3475.95,3457.88,3464.14,3418.3124
2025-01-02 15:25:00,3464.05,3472.56,3463.32,3469.55,1290.5538
2025-01-02 15:30:00,3469.54,3472.0,3460.8,3460.8,1851.2012
2025-01-02 15:35:00,3460.81,3466.0,3457.08,3463.99,1653.5608
2025-01-02 15:40:00,3463.99,3468.0,3456.52,3462.52,969.5824
2025-01-02 15:45:00,3462.51,3470.91,3457.7,3468.68,2758.7564
2025-01-02 15:50:00,3468.68,3468.68,3457.0,3464.41,988.6889
2025-01-02 15:55:00,3464.4,3466.15,3461.0,3463.51,1346.5954
2025-01-02 16:00:00,3463.52,3466.26,3448.6,3452.39,2610.7992
2025-01-02 16:05:00,3452.39,3460.0,3450.45,3459.5,1189.0137
2025-01-02 16:10:00,3459.5,3470.98,3453.92,3469.07,998.6625
2025-01-02 16:15:00,3469.07,3476.39,3468.23,3474.61,2035.1796
2025-01-02 16:20:00,3474.6,3478.7,3470.55,3477.4,2616.4647
2025-01-02 16:25:00,3477.4,3484.46,3472.28,3480.53,2742.7653
2025-01-02 16:30:00,3480.53,3483.62,3476.12,3483.61,1628.492
2025-01-02 16:35:00,3483.62,3487.71,3482.66,3484.64,1170.0944
2025-01-02 16:40:00,3484.64,3491.19,3478.62,3483.49,2053.0788
2025-01-02 16:45:00,3483.49,3483.62,3480.6,3482.49,1496.7256
2025-01-02 16:50:00,3482.48,3482.49,3468.53,3470.71,992.1627
2025-01-02 16:55:00,3470.7,3473.1,3468.18,3469.54,538.2773
2025-01-02 17:00:00,3469.54,3474.29,3466.5,3474.29,579.1687
2025-01-02 17:05:00,3474.29,3475.64,3469.02,3469.51,682.2306
2025-01-02 17:10:00,3469.5,3478.8,3469.39,3477.66,616.3414
2025-01-02 17:15:00,3477.67,3478.95,3473.85,3477.23,858.8109
2025-01-02 17:20:00,3477.22,3477.23,3468.69,3471.32,876.1634
2025-01-02 17:25:00,3471.32,3471.56,3462.51,3463.39,1815.8492
2025-01-02 17:30:00,3463.38,3463.52,3452.4,3454.86,1654.1002
2025-01-02 17:35:00,3454.87,3456.62,3439.94,3442.93,3551.1233
2025-01-02 17:40:00,3442.93,3451.76,3442.28,3447.69,3791.0522
2025-01-02 17:45:00,3447.69,3448.39,3428.99,3433.57,2703.4736
2025-01-02 17:50:00,3433.58,3443.79,3433.57,3441.99,1294.2577
2025-01-02 17:55:00,3441.98,3451.77,3441.31,3450.46,901.6377
2025-01-02 18:00:00,3450.42,3454.95,3440.21,3443.42,1215.8488
2025-01-02 18:05:00,3443.37,3459.79,3441.74,3456.23,1134.8934
2025-01-02 18:10:00,3456.22,3457.49,3451.0,3452.94,514.5989
2025-01-02 18:15:00,3452.94,3457.96,3449.53,3456.77,861.0498
2025-01-02 18:20:00,3456.77,3463.0,3456.09,3457.2,1073.853
2025-01-02 18:25:00,3457.19,3459.13,3452.26,3458.69,517.6991
2025-01-02 18:30:00,3458.69,3459.0,3451.71,3453.65,493.5215
2025-01-02 18:35:00,3453.65,3455.13,3451.45,3452.36,952.6472
2025-01-02 18:40:00,3452.35,3455.3,3449.0,3455.13,980.6237
2025-01-02 18:45:00,3455.13,3464.69,3455.03,3460.01,1642.0918
2025-01-02 18:50:00,3460.0,3460.77,3456.76,3459.79,495.7642
2025-01-02 18:55:00,3459.79,3465.53,3459.79,3465.24,815.1976
2025-01-02 19:00:00,3465.23,3468.18,3460.84,3467.58,1922.0057
2025-01-02 19:05:00,3467.58,3470.58,3465.53,3468.1,942.4055
2025-01-02 19:10:00,3468.1,3469.36,3466.46,3466.46,441.6251
2025-01-02 19:15:00,3466.45,3470.13,3465.52,3469.0,592.3504
2025-01-02 19:20:00,3469.0,3472.11,3468.54,3472.1,927.3488
2025-01-02 19:25:00,3472.1,3474.69,3470.19,3470.65,686.744
2025-01-02 19:30:00,3470.65,3470.65,3463.83,3463.87,868.4784
2025-01-02 19:35:00,3463.88,3466.0,3459.13,3463.2,838.1247
2025-01-02 19:40:00,3463.2,3467.16,3462.85,3465.32,243.643
2025-01-02 19:45:00,3465.33,3468.45,3460.0,3464.9,644.8324
2025-01-02 19:50:00,3464.91,3469.43,3463.38,3469.42,503.3479
2025-01-02 19:55:00,3469.42,3469.43,3462.51,3463.18,420.4652
2025-01-02 20:00:00,3463.18,3470.0,3463.18,3470.0,615.4134
2025-01-02 20:05:00,3469.99,3469.99,3464.74,3466.45,666.3493
2025-01-02 20:10:00,3466.46,3468.55,3464.61,3468.55,335.9407
2025-01-02 20:15:00,3468.55,3470.65,3464.24,3470.65,467.5899
2025-01-02 20:20:00,3470.65,3475.28,3470.32,3473.92,642.4733
2025-01-02 20:25:00,3473.92,3473.92,3468.78,3468.78,375.1941
2025-01-02 20:30:00,3468.78,3470.55,3463.01,3463.24,677.9901
2025-01-02 20:35:00,3463.24,3463.25,3454.81,3454.82,1059.1478
2025-01-02 20:40:00,3454.82,3459.49,3454.81,3456.5,474.8673
2025-01-02 20:45:00,3456.5,3460.88,3454.74,3459.55,452.7071
2025-01-02 20:50:00,3459.56,3461.82,3454.75,3454.75,711.9728
2025-01-02 20:55:00,3454.74,3457.2,3452.04,3453.0,751.2583
2025-01-02 21:00:00,3453.0,3455.93,3451.38,3451.38,674.6947
2025-01-02 21:05:00,3451.37,3451.37,3443.89,3446.02,978.031
2025-01-02 21:10:00,3446.02,3448.47,3443.01,3446.94,842.2305
2025-01-02 21:15:00,3446.95,3453.1,3446.01,3450.46,389.6984
2025-01-02 21:20:00,3450.46,3452.99,3446.98,3452.47,873.9642
2025-01-02 21:25:00,3452.47,3453.73,3450.46,3452.96,246.4192
2025-01-02 21:30:00,3452.97,3452.97,3448.03,3448.71,399.6794
2025-01-02 21:35:00,3448.72,3453.47,3448.0,3453.47,470.2164
2025-01-02 21:40:00,3453.47,3454.88,3450.0,3450.69,367.6061
2025-01-02 21:45:00,3450.7,3452.47,3448.0,3452.47,437.3493
2025-01-02 21:50:00,3452.46,3453.38,3449.5,3452.41,509.9258
2025-01-02 21:55:00,3452.42,3455.14,3451.87,3454.2,264.9188
2025-01-02 22:00:00,3454.2,3454.2,3450.97,3451.69,378.9047
2025-01-02 22:05:00,3451.69,3451.69,3449.9,3451.58,213.961
2025-01-02 22:10:00,3451.58,3451.58,3445.65,3447.12,593.2664
2025-01-02 22:15:00,3447.11,3447.11,3441.19,3442.29,784.4797
2025-01-02 22:20:00,3442.29,3442.29,3421.79,3427.8,2932.3023
2025-01-02 22:25:00,3427.84,3438.4,3427.41,3434.78,980.0665
2025-01-02 22:30:00,3434.82,3440.79,3434.82,3438.97,788.0663
2025-01-02 22:35:00,3438.97,3438.97,3432.28,3438.12,888.9173
2025-01-02 22:40:00,3438.12,3440.34,3435.66,3439.39,684.7374
2025-01-02 22:45:00,3439.39,3443.42,3437.2,3440.63,261.9696
2025-01-02 22:50:00,3440.63,3442.15,3439.59,3442.14,312.6104
2025-01-02 22:55:00,3442.15,3444.19,3440.6,3440.61,278.4312
2025-01-02 23:00:00,3440.6,3445.54,3440.0,3445.53,950.6773
2025-01-02 23:05:00,3445.54,3445.67,3437.83,3437.84,933.4975
2025-01-02 23:10:00,3437.84,3442.41,3437.49,3442.41,1375.8726
2025-01-02 23:15:00,3442.42,3448.67,3441.44,3448.46,584.4782
2025-01-02 23:20:00,3448.46,3450.29,3447.55,3447.7,940.1711
2025-01-02 23:25:00,3447.7,3451.48,3446.73,3450.81,395.4015
2025-01-02 23:30:00,3450.8,3456.99,3450.8,3451.87,572.1469
2025-01-02 23:35:00,3451.88,3455.5,3451.72,3453.13,301.8471
2025-01-02 23:40:00,3453.13,3454.18,3451.4,3452.27,411.0808
2025-01-02 23:45:00,3452.27,3452.27,3448.0,3449.19,466.4236
2025-01-02 23:50:00,3449.19,3452.31,3449.18,3451.91,275.0865
2025-01-02 23:55:00,3451.91,3456.0,3451.55,3455.67,364.486
2025-01-03 00:00:00,3455.68,3456.35,3453.43,3455.43,497.8598
2025-01-03 00:05:00,3455.42,3457.49,3453.11,3453.97,350.7858
2025-01-03 00:10:00,3453.97,3453.98,3451.0,3451.0,297.3882
2025-01-03 00:15:00,3451.01,3451.62,3447.57,3447.58,285.5145
2025-01-03 00:20:00,3447.59,3455.26,3446.75,3455.25,1514.1126
2025-01-03 00:25:00,3455.25,3466.3,3455.25,3462.83,1546.2344
2025-01-03 00:30:00,3462.83,3466.54,3458.0,3458.14,702.2278
2025-01-03 00:35:00,3458.14,3460.2,3454.03,3454.04,483.0861
2025-01-03 00:40:00,3454.04,3456.4,3452.72,3454.18,410.4265
2025-01-03 00:45:00,3454.18,3456.32,3451.5,3451.51,315.3597
2025-01-03 00:50:00,3451.51,3451.51,3447.79,3448.59,365.9416
2025-01-03 00:55:00,3448.58,3451.2,3448.58,3449.22,218.2657
2025-01-03 01:00:00,3449.22,3451.46,3447.67,3449.69,465.1913
2025-01-03 01:05:00,3449.69,3452.49,3447.31,3447.37,479.2787
2025-01-03 01:10:00,3447.36,3450.14,3442.62,3448.35,676.3484
2025-01-03 01:15:00,3448.36,3449.3,3446.0,3448.45,278.8728
2025-01-03 01:20:00,3448.44,3452.3,3447.16,3452.01,426.7353
2025-01-03 01:25:00,3452.02,3458.5,3450.83,3458.5,571.1675
2025-01-03 01:30:00,3458.5,3459.12,3452.72,3453.86,360.6617
2025-01-03 01:35:00,3453.87,3454.37,3449.69,3453.58,531.4438
2025-01-03 01:40:00,3453.58,3453.98,3449.4,3452.92,488.85
2025-01-03 01:45:00,3452.93,3456.6,3451.92,3454.56,480.5975
2025-01-03 01:50:00,3454.56,3460.79,3454.56,3460.79,772.8974
2025-01-03 01:55:00,3460.8,3465.59,3459.57,3464.83,1552.7673
2025-01-03 02:00:00,3464.83,3464.84,3460.5,3462.45,715.1066
2025-01-03 02:05:00,3462.45,3469.52,3461.2,3467.15,623.5522
2025-01-03 02:10:00,3467.15,3471.04,3467.03,3469.99,1197.1917
2025-01-03 02:15:00,3469.99,3476.96,3469.0,3473.24,1192.8294
2025-01-03 02:20:00,3473.23,3477.03,3471.04,3472.61,1248.9021
2025-01-03 02:25:00,3472.61,3475.32,3471.69,3474.95,676.0359
2025-01-03 02:30:00,3474.95,3474.95,3469.2,3469.2,825.2764
2025-01-03 02:35:00,3469.21,3470.41,3465.01,3469.86,757.7259
2025-01-03 02:40:00,3469.86,3470.89,3466.09,3466.09,413.3777
2025-01-03 02:45:00,3466.09,3467.8,3464.23,3465.0,523.4332
2025-01-03 02:50:00,3465.0,3466.42,3460.0,3460.77,594.3038
2025-01-03 02:55:00,3460.77,3461.35,3457.04,3457.95,723.7283
2025-01-03 03:00:00,3457.96,3461.35,3456.4,3459.56,466.1
2025-01-03 03:05:00,3459.59,3463.52,3459.59,3460.83,447.6127
2025-01-03 03:10:00,3460.82,3460.82,3457.82,3457.91,233.376
2025-01-03 03:15:00,3457.9,3461.32,3457.0,3460.53,723.6003
2025-01-03 03:20:00,3460.52,3461.07,3456.02,3460.24,522.1484
2025-01-03 03:25:00,3460.23,3462.83,3460.0,3460.01,399.2583
2025-01-03 03:30:00,3460.01,3464.48,3458.6,3464.33,1085.5127
2025-01-03 03:35:00,3464.33,3465.72,3463.1,3464.5,443.1496
2025-01-03 03:40:00,3464.49,3466.0,3463.62,3465.53,505.4304
2025-01-03 03:45:00,3465.52,3468.33,3465.52,3467.68,765.1995
2025-01-03 03:50:00,3467.68,3472.52,3466.86,3472.52,791.1841
2025-01-03 03:55:00,3472.52,3472.89,3470.0,3470.16,431.2323
2025-01-03 04:00:00,3470.17,3470.94,3464.84,3467.8,838.8586
2025-01-03 04:05:00,3467.81,3469.68,3467.09,3468.8,240.1266
2025-01-03 04:10:00,3468.8,3469.84,3466.81,3466.83,318.8343
2025-01-03 04:15:00,3466.83,3467.32,3462.75,3465.51,405.7363
2025-01-03 04:20:00,3465.51,3466.9,3462.24,3462.5,278.9108
2025-01-03 04:25:00,3462.5,3462.5,3460.39,3461.79,220.3775
2025-01-03 04:30:00,3461.78,3462.97,3461.03,3461.42,307.0303
2025-01-03 04:35:00,3461.42,3461.42,3458.0,3458.61,425.8993
2025-01-03 04:40:00,3458.61,3459.6,3456.0,3459.14,654.0186
2025-01-03 04:45:00,3459.14,3461.81,3457.89,3460.08,430.853
2025-01-03 04:50:00,3460.08,3460.49,3456.94,3458.65,270.6741
2025-01-03 04:55:00,3458.65,3459.57,3457.7,3458.38,330.1326
2025-01-03 05:00:00,3458.39,3460.51,3453.2,3453.68,523.0229
2025-01-03 05:05:00,3453.69,3455.92,3449.85,3453.46,844.673
2025-01-03 05:10:00,3453.46,3455.05,3453.46,3454.88,243.596
2025-01-03 05:15:00,3454.88,3458.5,3453.09,3456.04,350.8493
2025-01-03 05:20:00,3456.03,3456.03,3448.47,3448.48,535.7257
2025-01-03 05:25:00,3448.48,3449.08,3444.81,3449.08,683.0887
2025-01-03 05:30:00,3449.09,3449.45,3446.72,3448.9,250.7456
2025-01-03 05:35:00,3448.9,3453.03,3447.58,3452.71,384.3848
2025-01-03 05:40:00,3452.71,3453.47,3449.69,3451.28,303.3146
2025-01-03 05:45:00,3451.28,3453.0,3448.74,3452.65,294.0128
2025-01-03 05:50:00,3452.64,3457.2,3452.64,3454.75,613.2786
2025-01-03 05:55:00,3454.75,3457.1,3454.75,3455.98,252.3019
2025-01-03 06:00:00,3455.98,3457.49,3453.46,3457.07,482.0774
2025-01-03 06:05:00,3457.07,3461.51,3456.87,3458.5,540.7724
2025-01-03 06:10:00,3458.5,3460.35,3457.59,3458.0,254.2692
2025-01-03 06:15:00,3458.01,3458.79,3453.05,3454.09,365.1982
2025-01-03 06:20:00,3454.08,3454.09,3446.61,3447.56,771.5138
2025-01-03 06:25:00,3447.56,3451.0,3447.56,3449.01,793.8796
2025-01-03 06:30:00,3449.01,3450.46,3447.94,3448.69,698.9615
2025-01-03 06:35:00,3448.69,3450.7,3447.67,3450.0,321.0375
2025-01-03 06:40:00,3450.0,3452.47,3449.85,3450.66,456.2226
2025-01-03 06:45:00,3450.67,3450.67,3444.13,3445.48,571.6991
2025-01-03 06:50:00,3445.47,3447.68,3445.47,3447.34,277.1684
2025-01-03 06:55:00,3447.35,3447.67,3442.0,3442.6,534.5691
2025-01-03 07:00:00,3442.59,3444.4,3437.89,3438.41,1119.7858
2025-01-03 07:05:00,3438.42,3441.95,3437.21,3437.58,764.7812
2025-01-03 07:10:00,3437.57,3439.7,3434.13,3438.4,588.0988
2025-01-03 07:15:00,3438.39,3443.9,3438.39,3441.43,620.5633
2025-01-03 07:20:00,3441.42,3441.43,3437.57,3437.58,1951.1747
2025-01-03 07:25:00,3437.58,3437.58,3433.0,3435.73,923.3475
2025-01-03 07:30:00,3435.72,3439.26,3435.5,3439.25,1091.8006
2025-01-03 07:35:00,3439.26,3441.1,3433.2,3433.93,614.1669
2025-01-03 07:40:00,3433.93,3438.71,3432.44,3438.15,1161.8901
2025-01-03 07:45:00,3438.14,3438.4,3437.01,3438.4,586.8076
2025-01-03 07:50:00,3438.39,3439.0,3435.51,3435.52,458.8819
2025-01-03 07:55:00,3435.52,3436.0,3433.26,3433.27,485.6224
2025-01-03 08:00:00,3433.27,3436.01,3431.51,3436.01,1084.2882
2025-01-03 08:05:00,3436.0,3436.0,3431.51,3431.52,622.6654
2025-01-03 08:10:00,3431.52,3434.5,3430.24,3434.49,1283.6082
2025-01-03 08:15:00,3434.5,3439.0,3434.49,3438.47,715.0984
2025-01-03 08:20:00,3438.47,3442.51,3437.2,3440.53,689.2076
2025-01-03 08:25:00,3440.53,3441.15,3431.51,3431.53,882.5538
2025-01-03 08:30:00,3431.54,3431.54,3423.44,3426.07,1619.8519
2025-01-03 08:35:00,3426.07,3430.77,3424.0,3430.77,713.4658
2025-01-03 08:40:00,3430.82,3434.21,3428.51,3434.17,690.2478
2025-01-03 08:45:00,3434.17,3436.11,3431.52,3432.0,695.1469
2025-01-03 08:50:00,3432.0,3434.38,3431.25,3433.58,311.6149
2025-01-03 08:55:00,3433.58,3433.69,3427.5,3430.2,556.1069
2025-01-03 09:00:00,3430.2,3432.52,3429.11,3432.52,551.0837
2025-01-03 09:05:00,3432.51,3436.87,3431.53,3436.19,777.8606
2025-01-03 09:10:00,3436.19,3440.61,3436.18,3440.61,853.3559
2025-01-03 09:15:00,3440.6,3446.42,3439.98,3443.66,1003.3077
2025-01-03 09:20:00,3443.65,3446.38,3442.23,3445.17,496.5807
2025-01-03 09:25:00,3445.17,3446.19,3444.0,3444.57,540.5195
2025-01-03 09:30:00,3444.58,3445.21,3441.12,3444.52,465.8426
2025-01-03 09:35:00,3444.52,3449.28,3444.03,3448.44,1288.0228
2025-01-03 09:40:00,3448.45,3450.85,3447.8,3447.81,791.1347
2025-01-03 09:45:00,3447.81,3448.23,3443.64,3444.48,613.855
2025-01-03 09:50:00,3444.56,3447.13,3444.36,3445.69,731.6087
2025-01-03 09:55:00,3445.69,3445.72,3443.62,3443.62,306.2464
2025-01-03 10:00:00,3443.63,3444.79,3439.47,3441.82,956.2891
2025-01-03 10:05:00,3441.82,3443.65,3440.45,3440.66,409.7585
2025-01-03 10:10:00,3440.66,3442.03,3438.59,3439.49,418.8867
2025-01-03 10:15:00,3439.49,3443.6,3439.49,3442.2,507.7864
2025-01-03 10:20:00,3442.2,3444.0,3440.6,3442.18,332.1704
2025-01-03 10:25:00,3442.18,3447.4,3442.17,3446.05,399.1706
2025-01-03 10:30:00,3446.05,3451.69,3446.04,3450.03,459.0359
2025-01-03 10:35:00,3450.03,3452.0,3448.78,3449.95,621.8243
2025-01-03 10:40:00,3449.96,3450.14,3446.13,3446.14,495.3209
2025-01-03 10:45:00,3446.13,3447.44,3444.12,3447.44,542.2262
2025-01-03 10:50:00,3447.44,3448.97,3444.5,3444.55,603.4804
2025-01-03 10:55:00,3444.55,3448.3,3444.54,3446.01,297.2617
2025-01-03 11:00:00,3446.0,3450.46,3446.0,3450.45,276.6452
2025-01-03 11:05:00,3450.46,3450.46,3447.2,3447.21,277.3331
2025-01-03 11:10:00,3447.21,3449.45,3447.2,3449.45,214.5414
2025-01-03 11:15:00,3449.45,3450.46,3447.67,3450.46,323.3757
2025-01-03 11:20:00,3450.45,3457.43,3450.45,3456.49,1226.8567
2025-01-03 11:25:00,3456.51,3457.29,3453.73,3457.01,758.1102
2025-01-03 11:30:00,3457.02,3458.8,3455.61,3455.61,1253.6093
2025-01-03 11:35:00,3455.62,3461.6,3455.03,3460.16,904.562
2025-01-03 11:40:00,3460.15,3460.58,3457.5,3459.0,561.8123
2025-01-03 11:45:00,3459.0,3462.46,3458.47,3462.45,512.2124
2025-01-03 11:50:00,3462.45,3468.01,3460.5,3467.57,1332.9179
2025-01-03 11:55:00,3467.57,3467.57,3465.0,3465.62,1268.8581
2025-01-03 12:00:00,3465.61,3465.62,3461.26,3462.42,1446.6384
2025-01-03 12:05:00,3462.42,3468.51,3461.34,3468.5,424.7327
2025-01-03 12:10:00,3468.5,3474.36,3467.6,3471.94,1085.3984
2025-01-03 12:15:00,3471.94,3472.56,3467.6,3470.0,979.0273
2025-01-03 12:20:00,3470.0,3470.47,3466.51,3467.28,587.5365
2025-01-03 12:25:00,3467.28,3474.49,3462.57,3473.48,868.3066
2025-01-03 12:30:00,3473.4,3476.53,3469.55,3469.88,1111.5983
2025-01-03 12:35:00,3469.89,3470.21,3466.66,3468.48,482.9853
2025-01-03 12:40:00,3468.48,3469.45,3465.52,3465.78,532.2943
2025-01-03 12:45:00,3465.78,3469.09,3465.21,3467.53,467.1086
2025-01-03 12:50:00,3467.53,3470.0,3466.45,3469.34,418.1393
2025-01-03 12:55:00,3469.33,3469.34,3462.87,3463.83,931.6184
2025-01-03 13:00:00,3463.83,3468.82,3463.51,3466.0,535.1505
2025-01-03 13:05:00,3466.0,3481.47,3464.14,3480.0,1675.72
2025-01-03 13:10:00,3480.05,3489.6,3480.05,3485.2,3146.1536
2025-01-03 13:15:00,3485.2,3485.2,3474.89,3475.77,1842.2099
2025-01-03 13:20:00,3475.76,3492.0,3475.62,3491.83,2328.8723
2025-01-03 13:25:00,3491.83,3498.38,3486.16,3486.17,3700.692
2025-01-03 13:30:00,3486.16,3491.45,3484.31,3488.0,1647.2951
2025-01-03 13:35:00,3488.01,3492.94,3486.5,3489.03,1029.1588
2025-01-03 13:40:00,3489.02,3492.64,3484.31,3487.99,1207.0552
2025-01-03 13:45:00,3487.99,3490.0,3482.5,3485.11,840.0358
2025-01-03 13:50:00,3485.11,3488.05,3479.04,3487.67,1437.4577
2025-01-03 13:55:00,3487.67,3487.68,3480.0,3481.85,1039.8249
2025-01-03 14:00:00,3481.86,3486.76,3481.61,3486.6,812.5036
2025-01-03 14:05:00,3486.6,3497.03,3486.0,3496.2,1387.7018
2025-01-03 14:10:00,3496.19,3499.99,3495.25,3495.65,2009.3242
2025-01-03 14:15:00,3495.64,3507.01,3495.64,3504.11,4934.9816
2025-01-03 14:20:00,3504.11,3510.68,3500.17,3510.37,1930.8218
2025-01-03 14:25:00,3510.38,3513.6,3507.76,3511.99,2239.8161
2025-01-03 14:30:00,3511.99,3536.0,3507.21,3521.39,9020.2459
2025-01-03 14:35:00,3521.38,3535.0,3509.03,3532.49,5786.9797
2025-01-03 14:40:00,3532.5,3536.61,3523.29,3525.39,3097.9647
2025-01-03 14:45:00,3525.39,3528.72,3518.62,3528.27,2635.0748
2025-01-03 14:50:00,3528.27,3536.64,3519.51,3526.41,4010.7943
2025-01-03 14:55:00,3526.4,3531.54,3521.38,3527.19,2538.5563
2025-01-03 15:00:00,3527.19,3529.52,3520.09,3529.36,2597.5181
2025-01-03 15:05:00,3529.37,3534.88,3525.32,3530.34,2265.5438
2025-01-03 15:10:00,3530.34,3544.88,3525.09,3535.38,4426.0701
2025-01-03 15:15:00,3535.38,3539.87,3527.76,3530.74,2772.185
2025-01-03 15:20:00,3530.74,3535.22,3521.0,3533.87,1802.6494
2025-01-03 15:25:00,3533.92,3541.5,3533.73,3539.31,1606.4301
2025-01-03 15:30:00,3539.32,3545.0,3535.95,3544.21,2458.9538
2025-01-03 15:35:00,3544.22,3550.83,3542.85,3550.61,6666.1168
2025-01-03 15:40:00,3550.6,3557.46,3547.5,3554.38,3334.664
2025-01-03 15:45:00,3554.38,3576.0,3554.08,3571.4,9950.734
2025-01-03 15:50:00,3571.4,3572.39,3560.61,3568.0,3107.2144
2025-01-03 15:55:00,3568.0,3570.4,3564.44,3565.13,2439.5801
2025-01-03 16:00:00,3565.14,3581.2,3565.14,3579.15,3745.8374
2025-01-03 16:05:00,3579.14,3585.45,3571.06,3580.23,5489.4321
2025-01-03 16:10:00,3580.23,3589.54,3578.51,3587.58,2793.2938
2025-01-03 16:15:00,3587.57,3591.29,3585.08,3587.5,3212.8079
2025-01-03 16:20:00,3587.49,3596.59,3581.57,3594.96,4634.034
2025-01-03 16:25:00,3594.95,3595.39,3579.42,3581.69,3112.3415
2025-01-03 16:30:00,3581.69,3588.7,3580.0,3587.69,2390.0076
2025-01-03 16:35:00,3587.69,3591.98,3583.31,3587.08,2659.1475
2025-01-03 16:40:00,3587.08,3590.0,3583.01,3588.55,1816.4052
2025-01-03 16:45:00,3588.54,3598.8,3583.77,3595.0,3169.8089
2025-01-03 16:50:00,3595.0,3596.58,3583.34,3583.34,1989.9099
2025-01-03 16:55:00,3583.35,3587.41,3581.29,3584.28,1425.0318
2025-01-03 17:00:00,3584.28,3587.6,3582.12,3584.29,1680.0736
2025-01-03 17:05:00,3584.28,3593.45,3583.62,3583.63,1159.0842
2025-01-03 17:10:00,3583.62,3584.52,3578.48,3579.44,1201.4051
2025-01-03 17:15:00,3579.43,3583.08,3576.05,3576.21,1097.0464
2025-01-03 17:20:00,3576.21,3585.17,3573.6,3585.09,1010.2037
2025-01-03 17:25:00,3585.09,3585.44,3576.79,3577.81,903.1059
2025-01-03 17:30:00,3577.81,3581.56,3576.58,3580.51,1518.0391
2025-01-03 17:35:00,3580.51,3585.53,3577.82,3584.62,887.3562
2025-01-03 17:40:00,3584.61,3586.01,3582.46,3583.01,1192.8372
2025-01-03 17:45:00,3583.0,3583.01,3577.5,3582.51,1039.6109
2025-01-03 17:50:00,3582.51,3585.0,3576.6,3578.4,4649.2233
2025-01-03 17:55:00,3578.4,3578.4,3574.9,3575.47,719.2914
2025-01-03 18:00:00,3575.47,3581.35,3574.08,3579.32,1221.3539
2025-01-03 18:05:00,3579.32,3582.63,3578.58,3580.12,664.642
2025-01-03 18:10:00,3580.12,3591.33,3578.6,3587.61,1220.6646
2025-01-03 18:15:00,3587.6,3593.97,3586.53,3592.6,1138.4685
2025-01-03 18:20:00,3592.61,3593.65,3589.83,3591.88,772.288
2025-01-03 18:25:00,3591.88,3600.0,3591.88,3599.99,1280.4861
2025-01-03 18:30:00,3599.99,3608.96,3597.64,3606.82,4921.4299
2025-01-03 18:35:00,3606.83,3615.39,3605.86,3608.73,4232.4946
2025-01-03 18:40:00,3608.73,3617.5,3607.0,3612.91,1599.5424
2025-01-03 18:45:00,3612.78,3617.27,3611.38,3611.63,1477.4204
2025-01-03 18:50:00,3611.63,3611.63,3599.03,3607.33,2005.464
2025-01-03 18:55:00,3607.34,3607.64,3601.62,3605.59,1384.4448
2025-01-03 19:00:00,3605.59,3609.6,3602.24,3607.86,1594.9241
2025-01-03 19:05:00,3607.85,3617.99,3606.14,3613.83,2319.3938
2025-01-03 19:10:00,3613.82,3623.14,3613.5,3620.09,2131.6739
2025-01-03 19:15:00,3620.09,3625.1,3620.0,3623.02,1715.7465
2025-01-03 19:20:00,3623.02,3625.65,3616.31,3616.77,1287.6019
2025-01-03 19:25:00,3616.77,3620.86,3616.77,3620.86,896.4893
2025-01-03 19:30:00,3620.85,3626.29,3618.79,3621.83,1649.0375
2025-01-03 19:35:00,3621.83,3624.27,3618.03,3623.44,760.8132
2025-01-03 19:40:00,3623.45,3630.0,3621.75,3621.76,1303.7713
2025-01-03 19:45:00,3621.75,3623.76,3618.03,3620.81,785.3051
2025-01-03 19:50:00,3620.82,3622.41,3616.5,3621.0,977.914
2025-01-03 19:55:00,3620.99,3624.35,3620.1,3622.83,811.0478
2025-01-03 20:00:00,3622.82,3623.44,3616.05,3616.58,1107.4874
2025-01-03 20:05:00,3616.59,3618.32,3609.75,3610.98,1554.2409
2025-01-03 20:10:00,3610.99,3611.99,3600.0,3608.89,2534.2373
2025-01-03 20:15:00,3608.89,3610.29,3604.77,3607.55,710.2147
2025-01-03 20:20:00,3607.55,3613.74,3604.05,3612.26,951.4041
2025-01-03 20:25:00,3612.25,3614.52,3609.69,3612.43,811.3248
2025-01-03 20:30:00,3612.43,3612.43,3608.15,3611.99,708.5134
2025-01-03 20:35:00,3612.0,3614.13,3607.63,3608.43,557.6525
2025-01-03 20:40:00,3608.43,3609.0,3605.0,3608.88,547.3655
2025-01-03 20:45:00,3608.88,3611.2,3606.75,3608.83,640.5765
2025-01-03 20:50:00,3608.82,3609.23,3604.01,3606.19,882.2607
2025-01-03 20:55:00,3606.19,3606.4,3600.0,3600.57,1668.0394
2025-01-03 21:00:00,3600.57,3603.3,3595.0,3601.05,1181.1741
2025-01-03 21:05:00,3601.05,3611.42,3601.05,3608.04,1198.9359
2025-01-03 21:10:00,3608.03,3608.38,3604.63,3606.67,483.5662
2025-01-03 21:15:00,3606.68,3609.74,3605.82,3609.0,258.2262
2025-01-03 21:20:00,3608.93,3612.39,3607.01,3611.25,1191.0149
2025-01-03 21:25:00,3611.26,3615.27,3610.93,3613.69,1257.3117
2025-01-03 21:30:00,3613.68,3615.95,3610.9,3612.11,413.3648
2025-01-03 21:35:00,3612.11,3616.23,3611.3,3614.34,785.306
2025-01-03 21:40:00,3614.33,3616.69,3612.27,3615.65,760.2208
2025-01-03 21:45:00,3615.65,3615.96,3606.61,3606.91,592.5063
2025-01-03 21:50:00,3606.9,3610.0,3606.05,3609.99,431.869
2025-01-03 21:55:00,3610.0,3614.8,3608.3,3614.39,721.6508
2025-01-03 22:00:00,3614.38,3620.98,3614.38,3618.61,896.7891
2025-01-03 22:05:00,3618.6,3619.26,3613.76,3617.26,745.7957
2025-01-03 22:10:00,3617.26,3617.26,3610.21,3613.92,579.3352
2025-01-03 22:15:00,3613.94,3621.14,3613.41,3620.74,935.2119
2025-01-03 22:20:00,3620.74,3621.29,3615.15,3620.59,1405.8262
2025-01-03 22:25:00,3620.6,3624.38,3620.57,3620.9,2021.0962
2025-01-03 22:30:00,3620.89,3622.7,3616.84,3619.18,570.6869
2025-01-03 22:35:00,3619.18,3619.18,3616.84,3617.85,334.19
2025-01-03 22:40:00,3617.85,3619.7,3613.59,3614.12,507.8344
2025-01-03 22:45:00,3614.12,3616.67,3612.97,3612.97,339.1558
2025-01-03 22:50:00,3612.97,3616.13,3612.97,3614.96,479.7441
2025-01-03 22:55:00,3614.95,3618.27,3614.95,3616.18,257.2048
2025-01-03 23:00:00,3616.19,3617.72,3614.93,3615.79,625.109
2025-01-03 23:05:00,3615.78,3617.5,3612.04,3614.69,405.8169
2025-01-03 23:10:00,3614.69,3614.95,3610.4,3611.93,717.32
2025-01-03 23:15:00,3611.92,3612.59,3608.46,3611.75,599.851
2025-01-03 23:20:00,3611.75,3611.75,3610.0,3610.32,501.759
2025-01-03 23:25:00,3610.32,3610.48,3606.86,3607.36,776.754
2025-01-03 23:30:00,3607.35,3608.64,3604.77,3607.71,1013.7577
2025-01-03 23:35:00,3607.71,3608.34,3605.6,3605.6,399.4351
2025-01-03 23:40:00,3605.57,3610.29,3604.63,3609.28,1117.6022
2025-01-03 23:45:00,3609.28,3609.29,3605.62,3605.83,812.8276
2025-01-03 23:50:00,3605.83,3606.28,3605.47,3606.02,326.6482
2025-01-03 23:55:00,3606.02,3609.28,3605.62,3609.01,428.3221
2025-01-04 00:00:00,3609.0,3611.35,3607.81,3609.37,827.4252
2025-01-04 00:05:00,3609.36,3610.18,3604.04,3605.74,998.2033
2025-01-04 00:10:00,3605.75,3609.2,3604.14,3609.2,593.905
2025-01-04 00:15:00,3609.2,3617.39,3609.19,3616.08,847.4233
2025-01-04 00:20:00,3616.07,3620.86,3615.67,3618.71,813.4241
2025-01-04 00:25:00,3618.72,3618.72,3614.5,3616.5,454.3401
2025-01-04 00:30:00,3616.5,3616.5,3612.41,3612.42,586.006
2025-01-04 00:35:00,3612.42,3612.42,3604.32,3605.63,995.0367
2025-01-04 00:40:00,3605.62,3608.64,3603.86,3607.01,795.5648
2025-01-04 00:45:00,3607.01,3608.89,3602.75,3603.43,957.1687
2025-01-04 00:50:00,3603.43,3605.63,3601.81,3604.64,516.8949
2025-01-04 00:55:00,3604.64,3605.11,3602.4,3602.41,334.9542
2025-01-04 01:00:00,3602.42,3604.11,3596.31,3596.6,1138.4606
2025-01-04 01:05:00,3596.59,3597.69,3588.54,3589.99,1746.1797
2025-01-04 01:10:00,3590.0,3591.03,3579.92,3585.92,4250.7016
2025-01-04 01:15:00,3585.93,3590.21,3582.44,3589.55,1332.2497
2025-01-04 01:20:00,3589.54,3596.77,3587.94,3596.41,697.5598
2025-01-04 01:25:00,3596.42,3596.68,3593.88,3594.24,413.6963
2025-01-04 01:30:00,3594.23,3594.39,3590.14,3593.0,508.1168
2025-01-04 01:35:00,3593.0,3595.35,3590.34,3593.0,606.4416
2025-01-04 01:40:00,3593.01,3594.0,3590.78,3593.69,605.4306
2025-01-04 01:45:00,3593.7,3594.75,3591.96,3592.1,489.6714
2025-01-04 01:50:00,3592.1,3596.78,3591.79,3596.62,339.2131
2025-01-04 01:55:00,3596.62,3598.59,3596.27,3596.27,500.1863
2025-01-04 02:00:00,3596.28,3597.77,3593.33,3593.72,609.9506
2025-01-04 02:05:00,3593.72,3593.72,3588.0,3589.45,716.7081
2025-01-04 02:10:00,3589.44,3592.56,3588.19,3591.02,388.4579
2025-01-04 02:15:00,3591.03,3592.56,3589.72,3590.0,365.6685
2025-01-04 02:20:00,3590.01,3590.01,3586.82,3588.13,528.8565
2025-01-04 02:25:00,3588.13,3588.13,3583.68,3585.43,344.6918
2025-01-04 02:30:00,3585.43,3589.27,3582.88,3589.26,426.9529
2025-01-04 02:35:00,3589.27,3595.15,3589.26,3593.06,776.3565
2025-01-04 02:40:00,3593.06,3593.06,3590.64,3591.91,345.4865
2025-01-04 02:45:00,3591.98,3596.76,3591.98,3594.75,559.772
2025-01-04 02:50:00,3594.75,3600.0,3594.75,3599.33,408.2497
2025-01-04 02:55:00,3599.33,3599.33,3594.93,3596.4,328.8294
2025-01-04 03:00:00,3596.4,3596.4,3594.29,3595.0,278.6497
2025-01-04 03:05:00,3595.0,3600.42,3591.5,3591.55,680.6761
2025-01-04 03:10:00,3591.54,3597.29,3591.0,3597.29,503.8616
2025-01-04 03:15:00,3597.29,3597.59,3593.13,3593.64,331.126
2025-01-04 03:20:00,3593.63,3594.19,3592.2,3593.75,312.2203
2025-01-04 03:25:00,3593.75,3594.49,3591.72,3594.1,277.1834
2025-01-04 03:30:00,3594.1,3595.65,3591.71,3595.64,407.9634
2025-01-04 03:35:00,3595.65,3599.6,3595.65,3596.87,396.2152
2025-01-04 03:40:00,3596.86,3597.99,3594.74,3597.3,296.851
2025-01-04 03:45:00,3597.3,3598.71,3594.24,3595.27,494.7758
2025-01-04 03:50:00,3595.26,3597.07,3595.0,3596.21,423.699
2025-01-04 03:55:00,3596.2,3598.02,3595.62,3597.97,508.0964
2025-01-04 04:00:00,3597.98,3597.98,3588.5,3588.79,669.2609
2025-01-04 04:05:00,3588.8,3591.4,3588.15,3588.95,545.4964
2025-01-04 04:10:00,3588.95,3591.56,3588.92,3591.37,432.8968
2025-01-04 04:15:00,3591.38,3593.05,3590.77,3591.01,256.8075
2025-01-04 04:20:00,3591.01,3592.33,3590.32,3591.33,502.2294
2025-01-04 04:25:00,3591.33,3591.8,3588.0,3588.01,883.8742
2025-01-04 04:30:00,3588.0,3588.32,3584.33,3587.54,714.2899
2025-01-04 04:35:00,3587.54,3588.0,3584.16,3585.42,402.551
2025-01-04 04:40:00,3585.41,3590.13,3585.41,3590.13,492.1175
2025-01-04 04:45:00,3590.12,3590.13,3586.66,3588.99,511.0974
2025-01-04 04:50:00,3588.99,3589.49,3587.76,3588.88,230.5647
2025-01-04 04:55:00,3588.89,3591.48,3588.01,3591.47,504.5598
2025-01-04 05:00:00,3591.48,3591.74,3588.0,3588.01,485.3376
2025-01-04 05:05:00,3588.01,3589.4,3588.0,3588.0,300.6564
2025-01-04 05:10:00,3588.0,3588.84,3586.71,3588.83,297.5905
2025-01-04 05:15:00,3588.84,3591.12,3588.83,3591.12,183.3171
2025-01-04 05:20:00,3591.11,3594.54,3590.9,3592.4,648.5089
2025-01-04 05:25:00,3592.41,3594.99,3592.4,3594.69,357.6794
2025-01-04 05:30:00,3594.69,3595.21,3593.03,3594.41,528.738
2025-01-04 05:35:00,3594.41,3595.21,3592.44,3594.76,456.5008
2025-01-04 05:40:00,3594.76,3595.61,3594.69,3595.02,355.1124
2025-01-04 05:45:00,3595.01,3595.02,3592.32,3592.33,301.0429
2025-01-04 05:50:00,3592.32,3592.33,3589.04,3590.65,863.6384
2025-01-04 05:55:00,3590.64,3597.01,3590.64,3596.65,1980.9843
2025-01-04 06:00:00,3596.66,3598.68,3596.58,3597.96,1727.6521
2025-01-04 06:05:00,3597.96,3600.01,3595.8,3598.0,591.4163
2025-01-04 06:10:00,3598.01,3604.22,3597.3,3603.04,1896.4178
2025-01-04 06:15:00,3603.05,3607.13,3601.8,3602.8,854.1711
2025-01-04 06:20:00,3602.8,3602.8,3599.77,3601.75,611.8697
2025-01-04 06:25:00,3601.76,3603.84,3601.42,3601.71,353.6249
2025-01-04 06:30:00,3601.7,3601.71,3598.34,3598.35,434.8875
2025-01-04 06:35:00,3598.35,3600.5,3598.34,3599.33,242.1139
2025-01-04 06:40:00,3599.34,3599.34,3597.12,3597.93,262.1225
2025-01-04 06:45:00,3597.93,3598.6,3595.2,3598.6,351.8576
2025-01-04 06:50:00,3598.6,3601.69,3598.37,3601.69,397.2854
2025-01-04 06:55:00,3601.69,3602.14,3599.91,3600.61,332.1522
2025-01-04 07:00:00,3600.61,3600.63,3599.0,3599.01,368.4889
2025-01-04 07:05:00,3599.01,3602.0,3598.56,3601.99,337.0673
2025-01-04 07:10:00,3601.99,3609.81,3601.99,3607.39,966.4662
2025-01-04 07:15:00,3607.39,3609.66,3603.03,3604.84,835.8603
2025-01-04 07:20:00,3604.85,3604.85,3599.09,3600.77,1071.7746
2025-01-04 07:25:00,3600.77,3604.5,3600.76,3604.49,304.6653
2025-01-04 07:30:00,3604.5,3604.97,3603.0,3603.01,308.5907
2025-01-04 07:35:00,3603.01,3603.6,3602.5,3602.51,528.0461
2025-01-04 07:40:00,3602.51,3603.45,3601.84,3603.45,546.1348
2025-01-04 07:45:00,3603.45,3604.92,3598.44,3598.57,943.7082
2025-01-04 07:50:00,3598.57,3599.69,3596.18,3596.19,1378.4925
2025-01-04 07:55:00,3596.18,3596.19,3593.2,3594.04,837.7468
2025-01-04 08:00:00,3594.05,3597.98,3593.73,3596.67,916.6788
2025-01-04 08:05:00,3596.67,3600.34,3592.21,3600.33,923.1122
2025-01-04 08:10:00,3600.34,3603.62,3599.11,3603.61,379.7279
2025-01-04 08:15:00,3603.61,3603.62,3598.6,3601.61,494.6885
2025-01-04 08:20:00,3601.6,3601.62,3594.01,3595.18,448.3458
2025-01-04 08:25:00,3595.19,3596.18,3590.01,3595.69,892.4116
2025-01-04 08:30:00,3595.69,3601.55,3595.1,3596.81,755.735
2025-01-04 08:35:00,3596.82,3600.41,3593.28,3593.28,459.7168
2025-01-04 08:40:00,3593.28,3595.92,3591.13,3591.18,566.6435
2025-01-04 08:45:00,3591.17,3591.18,3586.16,3587.59,710.7499
2025-01-04 08:50:00,3587.58,3590.31,3586.16,3586.86,1153.6572
2025-01-04 08:55:00,3586.86,3588.51,3585.0,3585.01,713.2055
2025-01-04 09:00:00,3585.01,3589.22,3585.0,3587.94,412.868
2025-01-04 09:05:00,3587.94,3590.0,3584.64,3585.67,645.2137
2025-01-04 09:10:00,3585.67,3586.14,3583.73,3585.32,475.6444
2025-01-04 09:15:00,3585.32,3593.57,3585.31,3593.56,754.7295
2025-01-04 09:20:00,3593.56,3595.52,3591.51,3593.84,723.1891
2025-01-04 09:25:00,3593.84,3595.58,3592.59,3593.84,232.3583
2025-01-04 09:30:00,3593.84,3594.17,3592.08,3592.92,454.9552
2025-01-04 09:35:00,3592.92,3592.92,3589.6,3590.0,453.6106
2025-01-04 09:40:00,3590.0,3591.57,3589.69,3591.57,291.7401
2025-01-04 09:45:00,3591.57,3591.57,3584.14,3585.65,585.9095
2025-01-04 09:50:00,3585.66,3589.55,3585.65,3588.5,458.2033
2025-01-04 09:55:00,3588.51,3589.55,3587.37,3589.55,447.0185
2025-01-04 10:00:00,3589.55,3592.57,3586.66,3587.08,354.4227
2025-01-04 10:05:00,3587.08,3587.08,3578.21,3579.57,993.932
2025-01-04 10:10:00,3579.56,3580.63,3575.0,3580.62,862.1434
2025-01-04 10:15:00,3580.62,3583.4,3576.74,3577.41,377.1827
2025-01-04 10:20:00,3577.4,3578.2,3572.42,3578.2,745.9791
2025-01-04 10:25:00,3578.19,3581.34,3578.04,3580.16,1045.6739
2025-01-04 10:30:00,3580.16,3583.6,3579.42,3582.51,490.9404
2025-01-04 10:35:00,3582.52,3583.72,3580.6,3583.37,249.1458
2025-01-04 10:40:00,3583.38,3585.89,3583.37,3585.86,305.5702
2025-01-04 10:45:00,3585.87,3587.32,3584.68,3587.31,225.8594
2025-01-04 10:50:00,3587.31,3588.17,3585.52,3587.68,234.59
2025-01-04 10:55:00,3587.68,3588.14,3587.06,3588.09,269.6735
2025-01-04 11:00:00,3588.08,3588.31,3585.0,3585.68,215.6927
2025-01-04 11:05:00,3585.69,3589.48,3585.0,3588.42,398.0991
2025-01-04 11:10:00,3588.42,3592.01,3588.41,3592.0,558.3952
2025-01-04 11:15:00,3592.0,3593.24,3590.23,3592.58,517.7097
2025-01-04 11:20:00,3592.58,3592.58,3588.8,3590.02,381.7999
2025-01-04 11:25:00,3590.03,3590.54,3586.68,3588.3,324.7706
2025-01-04 11:30:00,3588.3,3589.7,3587.14,3589.7,226.7963
2025-01-04 11:35:00,3589.7,3591.84,3588.69,3591.84,189.0871
2025-01-04 11:40:00,3591.85,3596.33,3591.84,3594.53,344.9503
2025-01-04 11:45:00,3594.53,3594.97,3592.98,3594.03,200.7573
2025-01-04 11:50:00,3594.02,3605.57,3593.63,3604.03,2363.9425
2025-01-04 11:55:00,3604.03,3604.33,3600.61,3602.01,444.1733
2025-01-04 12:00:00,3602.01,3605.0,3600.62,3604.9,882.757
2025-01-04 12:05:00,3604.9,3606.46,3603.83,3605.22,682.024
2025-01-04 12:10:00,3605.21,3609.0,3603.36,3608.37,559.5497
2025-01-04 12:15:00,3608.37,3617.54,3606.98,3617.53,1709.7258
2025-01-04 12:20:00,3617.53,3628.88,3616.0,3627.29,2224.4021
2025-01-04 12:25:00,3627.29,3644.4,3625.54,3635.97,5754.2108
2025-01-04 12:30:00,3635.97,3643.71,3632.42,3635.21,1772.7303
2025-01-04 12:35:00,3635.21,3635.93,3631.09,3633.1,1213.234
2025-01-04 12:40:00,3633.1,3634.12,3626.79,3627.98,995.3287
2025-01-04 12:45:00,3627.99,3629.42,3622.52,3628.07,1410.9624
2025-01-04 12:50:00,3628.08,3634.59,3628.08,3631.36,1614.6718
2025-01-04 12:55:00,3631.37,3638.71,3631.36,3635.52,889.9766
2025-01-04 13:00:00,3635.53,3636.68,3630.38,3631.84,1234.06
2025-01-04 13:05:00,3631.84,3633.76,3626.32,3633.76,1272.7763
2025-01-04 13:10:00,3633.77,3647.59,3633.11,3644.14,1366.5111
2025-01-04 13:15:00,3644.22,3649.04,3634.18,3639.01,1571.9392
2025-01-04 13:20:00,3639.01,3640.81,3637.4,3639.99,933.1419
2025-01-04 13:25:00,3640.0,3643.59,3636.64,3638.49,1617.4108
2025-01-04 13:30:00,3638.49,3639.8,3631.32,3632.12,1258.9687
2025-01-04 13:35:00,3632.12,3636.95,3629.75,3634.69,934.6317
2025-01-04 13:40:00,3634.69,3639.5,3633.67,3637.67,920.0095
2025-01-04 13:45:00,3637.68,3643.49,3637.67,3643.02,1048.5608
2025-01-04 13:50:00,3643.03,3648.0,3638.75,3645.55,1687.0822
2025-01-04 13:55:00,3645.55,3649.66,3643.34,3644.0,1350.3043
2025-01-04 14:00:00,3644.0,3647.03,3643.59,3644.1,1561.0431
2025-01-04 14:05:00,3644.09,3646.0,3643.95,3645.91,737.4966
2025-01-04 14:10:00,3645.9,3645.98,3635.13,3636.15,2130.3753
2025-01-04 14:15:00,3636.16,3639.74,3634.2,3637.41,731.0166
2025-01-04 14:20:00,3637.41,3643.2,3637.41,3643.19,427.4889
2025-01-04 14:25:00,3643.2,3644.0,3639.04,3639.61,946.6775
2025-01-04 14:30:00,3639.6,3642.8,3637.24,3641.3,462.3566
2025-01-04 14:35:00,3641.3,3643.69,3638.84,3640.5,631.191
2025-01-04 14:40:00,3640.5,3642.17,3635.97,3637.79,1073.2144
2025-01-04 14:45:00,3637.79,3638.8,3635.77,3638.23,526.9094
2025-01-04 14:50:00,3638.23,3639.0,3633.1,3635.48,974.6841
2025-01-04 14:55:00,3635.48,3637.0,3634.86,3636.99,394.5246
2025-01-04 15:00:00,3637.0,3637.54,3633.67,3636.04,779.2107
2025-01-04 15:05:00,3636.04,3637.38,3633.98,3636.94,445.8161
2025-01-04 15:10:00,3636.93,3642.36,3635.69,3640.9,424.6965
2025-01-04 15:15:00,3640.91,3663.25,3640.28,3655.99,4059.0507
2025-01-04 15:20:00,3655.98,3656.46,3650.97,3653.2,1742.7949
2025-01-04 15:25:00,3653.2,3653.2,3623.91,3636.41,2721.7577
2025-01-04 15:30:00,3636.41,3636.74,3613.9,3619.21,3882.0287
2025-01-04 15:35:00,3619.21,3621.5,3606.34,3611.79,3512.0115
2025-01-04 15:40:00,3611.79,3613.69,3599.0,3603.06,3399.3201
2025-01-04 15:45:00,3603.07,3610.6,3596.46,3599.4,2734.8193
2025-01-04 15:50:00,3599.39,3608.96,3592.06,3608.92,3146.988
2025-01-04 15:55:00,3608.91,3612.03,3603.92,3607.81,2596.7255
2025-01-04 16:00:00,3607.81,3618.0,3607.25,3615.54,924.6715
2025-01-04 16:05:00,3615.53,3615.54,3601.62,3610.0,1334.5483
2025-01-04 16:10:00,3609.99,3616.04,3608.28,3613.8,956.6268
2025-01-04 16:15:00,3613.81,3627.19,3613.66,3619.42,1634.6382
2025-01-04 16:20:00,3619.42,3628.23,3615.25,3623.65,1351.0099
2025-01-04 16:25:00,3623.66,3626.3,3621.22,3621.23,1038.8487
2025-01-04 16:30:00,3621.23,3621.83,3610.17,3610.65,1405.1106
2025-01-04 16:35:00,3610.66,3621.0,3610.0,3620.35,1225.7673
2025-01-04 16:40:00,3620.35,3622.0,3617.08,3618.79,918.1933
2025-01-04 16:45:00,3618.78,3621.71,3616.68,3620.93,722.7032
2025-01-04 16:50:00,3620.92,3625.6,3620.5,3625.13,889.0145
2025-01-04 16:55:00,3625.14,3625.97,3621.91,3622.09,817.974
2025-01-04 17:00:00,3622.09,3627.2,3620.01,3625.65,585.0643
2025-01-04 17:05:00,3625.65,3632.2,3623.71,3627.01,943.043
2025-01-04 17:10:00,3627.0,3628.5,3623.59,3627.88,542.7021
2025-01-04 17:15:00,3627.9,3631.17,3625.38,3629.44,843.7504
2025-01-04 17:20:00,3629.44,3629.44,3625.38,3628.91,408.7862
2025-01-04 17:25:00,3628.91,3628.91,3622.82,3623.21,388.5394
2025-01-04 17:30:00,3623.2,3630.62,3620.78,3630.38,1168.3085
2025-01-04 17:35:00,3630.39,3630.5,3623.88,3626.72,540.2087
2025-01-04 17:40:00,3626.72,3627.2,3621.7,3625.53,518.5032
2025-01-04 17:45:00,3625.52,3630.76,3623.96,3628.54,496.5271
2025-01-04 17:50:00,3628.54,3632.03,3628.16,3630.43,620.0013
2025-01-04 17:55:00,3630.43,3634.1,3630.42,3633.31,387.5685
2025-01-04 18:00:00,3633.32,3639.87,3630.0,3639.6,834.1196
2025-01-04 18:05:00,3639.6,3644.54,3637.55,3638.45,947.8699
2025-01-04 18:10:00,3638.45,3639.42,3636.02,3637.77,434.5663
2025-01-04 18:15:00,3637.77,3640.96,3636.02,3640.39,748.6654
2025-01-04 18:20:00,3640.4,3640.4,3634.2,3636.48,474.7927
2025-01-04 18:25:00,3636.49,3639.15,3635.0,3635.65,227.7261
2025-01-04 18:30:00,3635.64,3636.98,3626.48,3630.08,691.6875
2025-01-04 18:35:00,3630.08,3632.84,3627.55,3629.35,232.9817
2025-01-04 18:40:00,3629.36,3631.99,3628.2,3629.75,228.7964
2025-01-04 18:45:00,3629.74,3630.24,3619.61,3623.99,662.273
2025-01-04 18:50:00,3623.99,3626.74,3623.72,3626.48,340.9654
2025-01-04 18:55:00,3626.49,3626.74,3625.74,3626.73,117.5682
2025-01-04 19:00:00,3626.73,3628.95,3624.24,3625.69,461.2184
2025-01-04 19:05:00,3625.69,3630.22,3624.57,3629.74,391.1981
2025-01-04 19:10:00,3629.74,3632.77,3628.75,3632.76,538.7068
2025-01-04 19:15:00,3632.77,3639.39,3630.93,3631.9,721.0248
2025-01-04 19:20:00,3631.9,3633.41,3629.33,3632.0,306.3445
2025-01-04 19:25:00,3632.0,3634.0,3631.1,3631.1,239.7233
2025-01-04 19:30:00,3631.11,3635.78,3631.11,3635.37,311.1223
2025-01-04 19:35:00,3635.37,3636.1,3631.1,3631.16,364.7164
2025-01-04 19:40:00,3631.19,3631.19,3627.51,3628.98,320.5368
2025-01-04 19:45:00,3628.98,3631.24,3628.08,3628.81,879.7228
2025-01-04 19:50:00,3628.8,3633.25,3628.8,3631.47,305.1683
2025-01-04 19:55:00,3631.47,3632.13,3631.13,3631.14,175.148
2025-01-04 20:00:00,3631.13,3640.0,3631.13,3632.76,850.5513
2025-01-04 20:05:00,3632.77,3637.37,3632.76,3637.35,327.0147
2025-01-04 20:10:00,3637.35,3640.99,3637.35,3639.74,371.9041
2025-01-04 20:15:00,3639.73,3645.57,3639.0,3645.48,499.1905
2025-01-04 20:20:00,3645.47,3649.57,3643.55,3643.55,1160.6283
2025-01-04 20:25:00,3643.56,3647.0,3643.56,3646.01,389.2339
2025-01-04 20:30:00,3646.01,3648.85,3643.5,3645.97,719.0831
2025-01-04 20:35:00,3645.97,3647.72,3644.45,3644.46,371.8867
2025-01-04 20:40:00,3644.46,3663.81,3644.46,3661.13,3054.1428
2025-01-04 20:45:00,3661.13,3668.0,3661.13,3665.47,1902.6911
2025-01-04 20:50:00,3665.47,3665.47,3653.72,3656.58,1212.4185
2025-01-04 20:55:00,3656.59,3660.91,3656.23,3660.47,929.4193
2025-01-04 21:00:00,3660.47,3664.54,3656.58,3663.53,1396.2918
2025-01-04 21:05:00,3663.52,3666.66,3658.21,3658.74,985.8968
2025-01-04 21:10:00,3658.73,3664.93,3657.24,3659.23,1741.5909
2025-01-04 21:15:00,3659.23,3667.78,3656.0,3664.43,1021.7073
2025-01-04 21:20:00,3664.43,3671.6,3663.04,3667.09,1889.0803
2025-01-04 21:25:00,3667.08,3667.94,3663.13,3664.02,604.7477
2025-01-04 21:30:00,3664.02,3667.6,3661.2,3666.11,629.062
2025-01-04 21:35:00,3666.11,3667.49,3663.0,3664.31,294.741
2025-01-04 21:40:00,3664.32,3665.28,3658.06,3660.09,619.5616
2025-01-04 21:45:00,3660.1,3660.1,3656.56,3657.53,630.0162
2025-01-04 21:50:00,3657.53,3659.87,3656.0,3656.01,292.4705
2025-01-04 21:55:00,3656.01,3658.12,3654.73,3658.11,355.4275
2025-01-04 22:00:00,3658.12,3659.06,3656.54,3656.86,333.2825
2025-01-04 22:05:00,3656.86,3659.47,3654.07,3654.5,593.6378
2025-01-04 22:10:00,3654.49,3658.87,3653.73,3654.51,467.5095
2025-01-04 22:15:00,3654.52,3657.26,3652.87,3655.13,317.3408
2025-01-04 22:20:00,3655.13,3655.13,3649.56,3651.14,270.8875
2025-01-04 22:25:00,3651.15,3651.15,3646.0,3647.76,1244.5479
2025-01-04 22:30:00,3647.77,3654.75,3647.76,3654.75,340.55
2025-01-04 22:35:00,3654.75,3656.89,3649.95,3653.7,525.4952
2025-01-04 22:40:00,3653.71,3656.0,3651.88,3653.61,324.8038
2025-01-04 22:45:00,3653.61,3661.85,3651.09,3659.67,515.4173
2025-01-04 22:50:00,3659.67,3662.62,3657.92,3658.34,648.0212
2025-01-04 22:55:00,3658.36,3662.92,3657.1,3660.09,256.2046
2025-01-04 23:00:00,3660.08,3665.75,3656.52,3660.38,780.2874
2025-01-04 23:05:00,3660.33,3661.45,3651.85,3655.02,549.6576
2025-01-04 23:10:00,3655.01,3655.01,3651.12,3652.19,531.1416
2025-01-04 23:15:00,3652.18,3656.18,3651.86,3654.97,632.4608
2025-01-04 23:20:00,3654.98,3658.8,3654.98,3656.23,336.9614
2025-01-04 23:25:00,3656.22,3659.89,3656.22,3658.92,222.6664
2025-01-04 23:30:00,3658.91,3660.21,3657.89,3659.78,356.6862
2025-01-04 23:35:00,3659.79,3660.91,3656.91,3657.5,421.054
2025-01-04 23:40:00,3657.49,3659.4,3655.58,3658.93,456.1528
2025-01-04 23:45:00,3658.94,3662.51,3657.26,3661.64,1215.2356
2025-01-04 23:50:00,3661.65,3663.48,3659.51,3659.52,532.1251
2025-01-04 23:55:00,3659.51,3659.79,3656.01,3656.88,461.0922
2025-01-05 00:00:00,3656.88,3658.35,3653.58,3654.4,755.322
2025-01-05 00:05:00,3654.39,3656.8,3651.03,3656.79,887.4975
2025-01-05 00:10:00,3656.78,3670.0,3656.78,3667.3,1280.552
2025-01-05 00:15:00,3667.3,3675.25,3666.0,3670.63,992.7731
2025-01-05 00:20:00,3670.62,3670.63,3660.0,3660.0,609.9219
2025-01-05 00:25:00,3660.01,3662.18,3659.21,3661.3,344.3072
2025-01-05 00:30:00,3661.3,3665.46,3658.91,3664.27,482.8645
2025-01-05 00:35:00,3664.27,3666.84,3662.17,3662.17,438.5603
2025-01-05 00:40:00,3662.17,3662.17,3655.45,3655.46,320.6131
2025-01-05 00:45:00,3655.46,3658.4,3649.01,3649.34,680.2895
2025-01-05 00:50:00,3649.34,3652.77,3648.32,3652.76,461.5311
2025-01-05 00:55:00,3652.77,3652.87,3649.12,3650.11,467.0131
2025-01-05 01:00:00,3650.11,3651.35,3646.28,3647.98,535.3453
2025-01-05 01:05:00,3647.98,3648.77,3641.57,3645.48,1044.3703
2025-01-05 01:10:00,3645.47,3646.78,3642.63,3645.23,638.7865
2025-01-05 01:15:00,3645.2,3649.05,3643.44,3648.12,491.2512
2025-01-05 01:20:00,3648.11,3649.16,3645.86,3646.51,314.0483
2025-01-05 01:25:00,3646.5,3647.66,3643.28,3643.28,312.3261
2025-01-05 01:30:00,3643.28,3643.81,3636.33,3639.79,872.5747
2025-01-05 01:35:00,3639.8,3640.38,3633.47,3634.64,1018.0053
2025-01-05 01:40:00,3634.65,3638.72,3632.77,3638.51,589.4048
2025-01-05 01:45:00,3638.5,3639.46,3633.5,3633.59,592.6592
2025-01-05 01:50:00,3633.58,3635.59,3631.28,3633.3,454.9101
2025-01-05 01:55:00,3633.29,3638.69,3632.5,3636.78,388.1985
2025-01-05 02:00:00,3636.79,3639.79,3636.4,3637.59,403.8088
2025-01-05 02:05:00,3637.59,3642.28,3635.0,3641.21,377.4804
2025-01-05 02:10:00,3641.21,3642.78,3639.79,3642.72,350.21
2025-01-05 02:15:00,3642.72,3642.73,3639.8,3639.8,154.227
2025-01-05 02:20:00,3639.81,3645.37,3639.8,3643.0,305.8504
2025-01-05 02:25:00,3643.01,3643.82,3641.53,3641.54,320.6202
2025-01-05 02:30:00,3641.54,3641.54,3635.99,3638.08,619.0682
2025-01-05 02:35:00,3638.08,3640.78,3636.78,3637.3,260.4307
2025-01-05 02:40:00,3637.3,3639.8,3635.81,3639.09,281.2113
2025-01-05 02:45:00,3639.09,3641.81,3638.96,3640.01,402.8872
2025-01-05 02:50:00,3640.0,3640.4,3638.0,3638.64,202.3757
2025-01-05 02:55:00,3638.65,3642.0,3636.66,3641.41,261.9189
2025-01-05 03:00:00,3641.42,3641.56,3636.93,3637.29,190.3295
2025-01-05 03:05:00,3637.29,3637.44,3635.0,3636.39,370.0521
2025-01-05 03:10:00,3636.39,3639.17,3636.39,3637.27,305.5652
2025-01-05 03:15:00,3637.27,3639.65,3635.61,3636.68,294.6337
2025-01-05 03:20:00,3636.68,3637.38,3634.0,3634.51,379.4584
2025-01-05 03:25:00,3634.52,3636.94,3632.92,3634.77,304.6735
2025-01-05 03:30:00,3634.78,3635.5,3633.02,3633.63,447.5069
2025-01-05 03:35:00,3633.63,3637.43,3633.62,3635.72,328.1126
2025-01-05 03:40:00,3635.72,3635.72,3632.03,3632.52,275.3015
2025-01-05 03:45:00,3632.52,3636.87,3629.66,3636.09,988.0448
2025-01-05 03:50:00,3636.08,3637.0,3634.8,3636.01,211.074
2025-01-05 03:55:00,3636.01,3637.79,3635.25,3637.79,162.8228
2025-01-05 04:00:00,3637.79,3641.84,3637.78,3641.72,633.8305
2025-01-05 04:05:00,3641.72,3643.99,3640.5,3643.5,366.3729
2025-01-05 04:10:00,3643.49,3644.39,3640.0,3640.0,945.648
2025-01-05 04:15:00,3640.0,3640.77,3637.17,3640.14,257.5596
2025-01-05 04:20:00,3640.15,3646.0,3640.15,3645.66,392.3059
2025-01-05 04:25:00,3645.67,3650.44,3644.91,3647.01,971.5375
2025-01-05 04:30:00,3647.01,3649.4,3646.06,3647.88,486.3318
2025-01-05 04:35:00,3647.88,3648.84,3646.02,3646.84,253.8823
2025-01-05 04:40:00,3646.83,3647.37,3644.0,3644.01,338.7646
2025-01-05 04:45:00,3644.0,3644.43,3642.83,3643.82,213.311
2025-01-05 04:50:00,3643.81,3648.37,3643.07,3647.63,179.4082
2025-01-05 04:55:00,3647.63,3647.63,3643.56,3644.3,228.2893
2025-01-05 05:00:00,3644.31,3644.31,3641.0,3642.18,287.2767
2025-01-05 05:05:00,3642.18,3642.19,3638.54,3639.47,248.4717
2025-01-05 05:10:00,3639.47,3639.48,3636.78,3638.42,219.9016
2025-01-05 05:15:00,3638.42,3638.42,3632.41,3633.78,343.7833
2025-01-05 05:20:00,3633.78,3637.59,3632.52,3634.89,419.572
2025-01-05 05:25:00,3634.88,3639.1,3634.88,3638.84,120.6146
2025-01-05 05:30:00,3638.83,3641.49,3635.84,3636.55,354.8825
2025-01-05 05:35:00,3636.55,3636.76,3633.85,3636.75,192.2101
2025-01-05 05:40:00,3636.75,3636.79,3634.85,3636.19,307.2277
2025-01-05 05:45:00,3636.19,3636.79,3632.51,3632.51,188.6073
2025-01-05 05:50:00,3632.52,3634.58,3631.14,3634.57,488.483
2025-01-05 05:55:00,3634.57,3635.18,3631.18,3632.65,394.7436
2025-01-05 06:00:00,3632.65,3633.44,3629.0,3632.61,348.4693
2025-01-05 06:05:00,3632.62,3635.26,3631.85,3632.78,219.7707
2025-01-05 06:10:00,3632.78,3633.68,3631.14,3633.01,212.6259
2025-01-05 06:15:00,3633.01,3636.3,3633.01,3636.19,135.6013
2025-01-05 06:20:00,3636.2,3637.5,3635.06,3635.06,196.2334
2025-01-05 06:25:00,3635.05,3636.39,3634.57,3634.79,175.8319
2025-01-05 06:30:00,3634.8,3637.76,3634.8,3637.22,242.1273
2025-01-05 06:35:00,3637.21,3637.59,3635.42,3636.1,124.1884
2025-01-05 06:40:00,3636.1,3639.8,3635.4,3639.8,175.0915
2025-01-05 06:45:00,3639.79,3639.8,3637.61,3639.6,189.4469
2025-01-05 06:50:00,3639.6,3641.83,3639.6,3641.4,327.7561
2025-01-05 06:55:00,3641.4,3641.4,3638.81,3639.08,146.811
2025-01-05 07:00:00,3639.09,3639.79,3637.21,3639.65,250.0476
2025-01-05 07:05:00,3639.65,3641.26,3639.01,3639.21,267.5032
2025-01-05 07:10:00,3639.22,3639.22,3633.32,3633.85,322.7143
2025-01-05 07:15:00,3633.9,3634.1,3631.98,3633.02,397.5995
2025-01-05 07:20:00,3633.01,3636.4,3632.2,3635.81,188.2132
2025-01-05 07:25:00,3635.81,3636.0,3632.62,3633.49,253.3926
2025-01-05 07:30:00,3633.48,3634.93,3631.65,3633.35,523.6194
2025-01-05 07:35:00,3633.34,3635.33,3632.84,3634.7,174.6872
2025-01-05 07:40:00,3634.71,3635.12,3634.02,3634.34,179.1121
2025-01-05 07:45:00,3634.34,3634.65,3631.5,3631.76,165.3301
2025-01-05 07:50:00,3631.76,3633.46,3631.65,3632.31,178.0815
2025-01-05 07:55:00,3632.3,3632.32,3630.2,3631.56,306.585
2025-01-05 08:00:00,3631.55,3633.29,3623.36,3624.61,1316.9654
2025-01-05 08:05:00,3624.61,3626.05,3614.72,3619.65,1735.9992
2025-01-05 08:10:00,3619.65,3620.71,3613.67,3618.01,1207.8189
2025-01-05 08:15:00,3618.0,3618.0,3607.35,3612.85,1930.9273
2025-01-05 08:20:00,3612.85,3616.69,3611.07,3616.69,824.0928
2025-01-05 08:25:00,3616.69,3619.83,3616.69,3618.98,499.9085
2025-01-05 08:30:00,3618.98,3622.48,3617.03,3621.56,614.9176
2025-01-05 08:35:00,3621.56,3624.15,3620.0,3622.54,612.7448
2025-01-05 08:40:00,3622.53,3623.0,3620.31,3622.28,313.0839
2025-01-05 08:45:00,3622.28,3623.83,3617.82,3617.83,301.022
2025-01-05 08:50:00,3617.84,3620.64,3617.83,3620.13,271.1189
2025-01-05 08:55:00,3620.14,3621.71,3619.81,3620.01,433.6182
2025-01-05 09:00:00,3620.0,3620.76,3616.59,3616.6,323.189
2025-01-05 09:05:00,3616.59,3617.69,3614.74,3617.18,557.9709
2025-01-05 09:10:00,3617.18,3622.31,3617.18,3621.1,386.8359
2025-01-05 09:15:00,3621.11,3623.4,3619.0,3619.56,397.1523
2025-01-05 09:20:00,3619.55,3619.55,3616.63,3617.01,365.6795
2025-01-05 09:25:00,3617.01,3618.28,3615.2,3615.64,375.2575
2025-01-05 09:30:00,3615.63,3615.64,3610.88,3610.89,342.6173
2025-01-05 09:35:00,3610.89,3617.21,3610.88,3615.97,472.1666
2025-01-05 09:40:00,3615.98,3617.92,3615.71,3617.85,306.6381
2025-01-05 09:45:00,3617.86,3621.61,3613.41,3613.41,892.2435
2025-01-05 09:50:00,3613.41,3613.42,3606.72,3607.28,983.394
2025-01-05 09:55:00,3607.27,3611.72,3605.0,3609.46,1531.6193
2025-01-05 10:00:00,3609.49,3612.46,3603.33,3612.44,1060.7489
2025-01-05 10:05:00,3612.45,3613.51,3604.93,3612.69,845.8572
2025-01-05 10:10:00,3612.69,3616.69,3612.02,3613.91,463.5841
2025-01-05 10:15:00,3613.92,3617.11,3611.36,3616.62,578.4112
2025-01-05 10:20:00,3616.61,3616.62,3610.65,3610.66,444.9863
2025-01-05 10:25:00,3610.65,3612.81,3610.0,3610.18,393.4862
2025-01-05 10:30:00,3610.19,3615.4,3608.24,3614.7,580.3055
2025-01-05 10:35:00,3614.7,3618.12,3614.69,3617.49,457.5039
2025-01-05 10:40:00,3617.5,3617.63,3614.64,3616.3,372.865
2025-01-05 10:45:00,3616.3,3617.69,3614.83,3616.02,514.233
2025-01-05 10:50:00,3616.02,3617.65,3613.4,3613.67,419.8305
2025-01-05 10:55:00,3613.68,3616.5,3613.67,3615.62,258.4106
2025-01-05 11:00:00,3615.61,3615.62,3611.0,3612.28,1420.0996
2025-01-05 11:05:00,3612.29,3614.0,3610.97,3610.98,697.1042
2025-01-05 11:10:00,3610.97,3617.69,3610.71,3617.69,278.5936
2025-01-05 11:15:00,3617.69,3620.96,3617.06,3620.88,526.7693
2025-01-05 11:20:00,3620.88,3620.88,3614.01,3615.7,334.8357
2025-01-05 11:25:00,3615.7,3616.74,3612.8,3614.34,245.5957
2025-01-05 11:30:00,3614.34,3615.3,3609.64,3610.57,486.0269
2025-01-05 11:35:00,3610.58,3613.65,3609.61,3612.72,457.6006
2025-01-05 11:40:00,3612.72,3614.73,3611.65,3614.72,285.3817
2025-01-05 11:45:00,3614.72,3614.73,3612.1,3612.12,260.3811
2025-01-05 11:50:00,3612.12,3613.0,3611.02,3612.04,279.1844
2025-01-05 11:55:00,3612.05,3613.47,3610.24,3613.47,430.8607
2025-01-05 12:00:00,3613.46,3614.08,3610.65,3613.44,551.8897
2025-01-05 12:05:00,3613.45,3613.45,3605.63,3605.64,690.2086
2025-01-05 12:10:00,3605.63,3613.36,3605.0,3613.05,854.5492
2025-01-05 12:15:00,3613.22,3620.27,3613.07,3618.28,938.4512
2025-01-05 12:20:00,3618.29,3618.75,3615.39,3616.41,314.4837
2025-01-05 12:25:00,3616.4,3617.66,3613.13,3614.87,645.37
2025-01-05 12:30:00,3614.87,3616.42,3613.23,3613.5,253.9398
2025-01-05 12:35:00,3613.48,3616.69,3611.45,3616.5,284.3362
2025-01-05 12:40:00,3616.5,3617.69,3615.06,3617.68,260.3693
2025-01-05 12:45:00,3617.68,3620.78,3615.84,3620.78,421.0807
2025-01-05 12:50:00,3620.78,3622.82,3619.34,3620.86,489.6592
2025-01-05 12:55:00,3620.87,3620.87,3613.93,3614.08,322.1003
2025-01-05 13:00:00,3614.13,3617.9,3613.5,3616.85,395.7701
2025-01-05 13:05:00,3616.85,3618.9,3616.4,3618.59,334.037
2025-01-05 13:10:00,3618.58,3619.67,3616.4,3616.41,346.4232
2025-01-05 13:15:00,3616.41,3623.36,3616.4,3622.41,407.3479
2025-01-05 13:20:00,3622.41,3622.6,3618.53,3619.8,382.5921
2025-01-05 13:25:00,3619.8,3622.91,3619.8,3622.57,465.7091
2025-01-05 13:30:00,3622.57,3627.5,3622.5,3626.2,579.5687
2025-01-05 13:35:00,3626.21,3626.79,3621.6,3623.13,504.6341
2025-01-05 13:40:00,3623.13,3625.05,3622.12,3623.66,431.3726
2025-01-05 13:45:00,3623.65,3623.65,3619.0,3619.86,419.9586
2025-01-05 13:50:00,3619.8,3620.71,3617.45,3618.6,605.4278
2025-01-05 13:55:00,3618.6,3618.61,3612.74,3614.65,444.3503
2025-01-05 14:00:00,3614.67,3617.31,3609.32,3616.86,873.1133
2025-01-05 14:05:00,3616.85,3616.86,3609.64,3610.13,461.0734
2025-01-05 14:10:00,3610.13,3610.13,3604.05,3608.46,1260.5165
2025-01-05 14:15:00,3608.46,3608.46,3593.7,3596.18,4213.0633
2025-01-05 14:20:00,3596.19,3604.63,3595.8,3602.82,1497.0082
2025-01-05 14:25:00,3602.81,3607.64,3602.68,3604.94,2157.2067
2025-01-05 14:30:00,3604.94,3604.94,3599.21,3602.0,1172.7896
2025-01-05 14:35:00,3602.0,3611.42,3601.99,3611.38,877.3687
2025-01-05 14:40:00,3611.38,3618.3,3610.91,3618.3,639.6546
2025-01-05 14:45:00,3618.3,3625.92,3618.29,3624.31,1483.4611
2025-01-05 14:50:00,3624.3,3628.15,3621.21,3621.21,758.4711
2025-01-05 14:55:00,3621.22,3624.67,3621.21,3623.11,731.1748
2025-01-05 15:00:00,3623.12,3628.33,3621.52,3628.01,1201.4975
2025-01-05 15:05:00,3628.0,3638.77,3628.0,3633.59,1680.3287
2025-01-05 15:10:00,3633.59,3634.74,3626.01,3626.12,655.0155
2025-01-05 15:15:00,3626.12,3626.49,3620.7,3623.21,1177.5653
2025-01-05 15:20:00,3623.2,3623.21,3619.43,3621.79,481.5614
2025-01-05 15:25:00,3621.79,3625.86,3621.46,3625.0,438.0849
2025-01-05 15:30:00,3625.0,3636.6,3625.0,3630.77,1857.5705
2025-01-05 15:35:00,3630.78,3636.69,3630.64,3630.82,937.6108
2025-01-05 15:40:00,3630.82,3634.0,3630.56,3631.53,434.0544
2025-01-05 15:45:00,3631.52,3634.39,3629.0,3632.52,809.0373
2025-01-05 15:50:00,3632.52,3634.78,3631.75,3632.35,505.3813
2025-01-05 15:55:00,3632.34,3633.39,3628.8,3629.6,420.6174
2025-01-05 16:00:00,3629.6,3635.77,3626.81,3635.17,851.5171
2025-01-05 16:05:00,3635.17,3641.12,3635.16,3637.81,1124.1667
2025-01-05 16:10:00,3637.81,3639.96,3627.52,3637.79,2214.7542
2025-01-05 16:15:00,3637.78,3639.89,3630.23,3631.57,674.9304
2025-01-05 16:20:00,3631.57,3635.48,3630.0,3635.48,616.9628
2025-01-05 16:25:00,3635.47,3637.19,3633.2,3634.59,312.1966
2025-01-05 16:30:00,3634.6,3635.42,3626.06,3626.64,797.9397
2025-01-05 16:35:00,3626.64,3632.2,3626.64,3629.61,435.2436
2025-01-05 16:40:00,3629.62,3630.02,3626.08,3626.09,413.6277
2025-01-05 16:45:00,3626.09,3630.25,3624.51,3630.25,495.956
2025-01-05 16:50:00,3630.24,3630.68,3626.13,3627.94,437.999
2025-01-05 16:55:00,3627.93,3629.3,3627.02,3628.01,228.0897
2025-01-05 17:00:00,3628.02,3631.7,3626.52,3631.57,350.6146
2025-01-05 17:05:00,3631.58,3633.72,3631.57,3633.72,208.2006
2025-01-05 17:10:00,3633.72,3636.96,3633.71,3636.48,416.2218
2025-01-05 17:15:00,3636.49,3636.72,3633.4,3634.6,396.4859
2025-01-05 17:20:00,3634.61,3634.9,3632.76,3633.09,199.7745
2025-01-05 17:25:00,3633.1,3637.8,3633.09,3637.79,328.5491
2025-01-05 17:30:00,3637.79,3648.11,3635.83,3647.8,1559.1599
2025-01-05 17:35:00,3647.8,3648.05,3635.85,3636.42,1013.0011
2025-01-05 17:40:00,3636.42,3636.42,3633.0,3633.59,1104.945
2025-01-05 17:45:00,3633.6,3633.6,3622.78,3624.02,1061.8832
2025-01-05 17:50:00,3624.03,3627.0,3622.47,3624.73,381.9076
2025-01-05 17:55:00,3624.72,3627.82,3623.23,3627.81,536.1532
2025-01-05 18:00:00,3627.81,3629.51,3615.4,3617.88,1090.2344
2025-01-05 18:05:00,3617.88,3624.32,3613.04,3622.56,1323.0319
2025-01-05 18:10:00,3622.55,3622.55,3615.51,3618.52,497.9438
2025-01-05 18:15:00,3618.53,3621.97,3616.15,3621.96,814.9722
2025-01-05 18:20:00,3621.97,3625.39,3621.97,3623.58,606.2945
2025-01-05 18:25:00,3623.58,3624.73,3621.58,3622.11,247.112
2025-01-05 18:30:00,3622.11,3625.36,3621.0,3623.96,395.8209
2025-01-05 18:35:00,3623.97,3631.09,3623.97,3630.93,456.3071
2025-01-05 18:40:00,3630.94,3631.4,3629.74,3629.8,267.7837
2025-01-05 18:45:00,3629.79,3632.76,3629.5,3630.44,414.8395
2025-01-05 18:50:00,3630.44,3632.5,3628.87,3630.37,246.5755
2025-01-05 18:55:00,3630.37,3632.91,3630.36,3630.75,227.7205
2025-01-05 19:00:00,3630.75,3631.5,3626.51,3628.99,501.886
2025-01-05 19:05:00,3629.0,3636.0,3628.99,3636.0,767.5049
2025-01-05 19:10:00,3635.99,3637.04,3633.76,3636.64,776.7045
2025-01-05 19:15:00,3636.64,3639.67,3631.5,3632.76,591.427
2025-01-05 19:20:00,3632.77,3634.39,3631.0,3633.29,396.4683
2025-01-05 19:25:00,3633.3,3636.42,3632.77,3634.35,244.5738
2025-01-05 19:30:00,3634.35,3635.97,3633.59,3634.6,373.2996
2025-01-05 19:35:00,3634.61,3635.38,3633.0,3634.6,374.0746
2025-01-05 19:40:00,3634.61,3636.99,3634.21,3635.76,216.0758
2025-01-05 19:45:00,3635.76,3637.07,3631.75,3633.47,313.045
2025-01-05 19:50:00,3633.47,3635.32,3632.76,3632.82,178.018
2025-01-05 19:55:00,3632.83,3637.79,3632.66,3637.78,250.3605
2025-01-05 20:00:00,3637.78,3639.61,3634.31,3634.32,462.0713
2025-01-05 20:05:00,3634.31,3637.45,3634.0,3637.44,279.6795
2025-01-05 20:10:00,3637.45,3640.0,3637.45,3639.99,332.3908
2025-01-05 20:15:00,3640.0,3656.88,3639.99,3652.39,2730.8805
2025-01-05 20:20:00,3652.38,3652.39,3646.41,3647.77,693.7471
2025-01-05 20:25:00,3647.77,3648.85,3645.73,3645.94,308.5866
2025-01-05 20:30:00,3645.94,3646.75,3637.78,3637.78,935.6277
2025-01-05 20:35:00,3637.79,3640.0,3636.25,3638.64,370.7083
2025-01-05 20:40:00,3638.64,3638.64,3634.93,3636.89,368.9604
2025-01-05 20:45:00,3636.89,3637.16,3629.5,3631.95,487.8332
2025-01-05 20:50:00,3631.95,3636.63,3631.57,3634.48,329.5829
2025-01-05 20:55:00,3634.49,3636.5,3633.56,3635.77,318.5877
2025-01-05 21:00:00,3635.77,3638.28,3634.15,3634.61,505.9245
2025-01-05 21:05:00,3634.61,3639.99,3634.13,3638.16,452.884
2025-01-05 21:10:00,3638.17,3642.5,3638.16,3640.78,406.5326
2025-01-05 21:15:00,3640.77,3640.99,3638.03,3640.99,264.88
2025-01-05 21:20:00,3640.99,3642.7,3638.17,3642.7,408.8084
2025-01-05 21:25:00,3642.7,3643.7,3639.71,3639.71,220.3035
2025-01-05 21:30:00,3639.71,3642.99,3638.79,3642.99,217.8943
2025-01-05 21:35:00,3643.0,3646.5,3643.0,3645.84,600.749
2025-01-05 21:40:00,3645.84,3645.84,3639.79,3641.1,353.5536
2025-01-05 21:45:00,3641.1,3641.16,3639.66,3640.8,130.029
2025-01-05 21:50:00,3640.81,3645.96,3640.62,3645.74,272.4081
2025-01-05 21:55:00,3645.74,3648.4,3645.03,3645.66,251.5727
2025-01-05 22:00:00,3645.65,3645.86,3638.8,3641.2,1042.1376
2025-01-05 22:05:00,3641.2,3642.7,3640.02,3640.25,167.5887
2025-01-05 22:10:00,3640.25,3640.25,3634.78,3638.65,360.0352
2025-01-05 22:15:00,3638.65,3640.67,3635.98,3639.79,293.8579
2025-01-05 22:20:00,3639.8,3641.85,3639.22,3641.85,345.604
2025-01-05 22:25:00,3641.85,3645.59,3641.84,3645.59,256.1508
2025-01-05 22:30:00,3645.59,3645.59,3643.91,3645.01,343.7126
2025-01-05 22:35:00,3645.02,3649.49,3645.01,3649.49,173.0223
2025-01-05 22:40:00,3649.48,3649.48,3642.1,3643.29,603.9753
2025-01-05 22:45:00,3643.29,3643.3,3638.25,3641.03,284.3354
2025-01-05 22:50:00,3641.02,3641.02,3637.64,3638.37,373.537
2025-01-05 22:55:00,3638.38,3646.37,3638.38,3645.32,613.253
2025-01-05 23:00:00,3645.32,3656.0,3644.86,3653.65,1767.6143
2025-01-05 23:05:00,3653.65,3653.93,3645.74,3648.21,489.9539
2025-01-05 23:10:00,3648.2,3650.79,3644.55,3644.87,459.5899
2025-01-05 23:15:00,3644.87,3645.7,3639.0,3639.01,552.1603
2025-01-05 23:20:00,3639.0,3640.09,3633.0,3640.0,401.9909
2025-01-05 23:25:00,3639.99,3641.37,3638.35,3638.58,432.3259
2025-01-05 23:30:00,3638.58,3641.55,3638.57,3639.83,307.9277
2025-01-05 23:35:00,3639.84,3642.47,3639.0,3641.87,700.6388
2025-01-05 23:40:00,3641.86,3644.76,3639.04,3639.44,379.6372
2025-01-05 23:45:00,3639.44,3639.98,3635.1,3639.97,345.6527
2025-01-05 23:50:00,3639.97,3640.2,3634.77,3636.25,199.4624
2025-01-05 23:55:00,3636.25,3636.25,3633.86,3635.99,252.3231
2025-01-06 00:00:00,3636.0,3642.7,3636.0,3638.79,627.5403
2025-01-06 00:05:00,3638.79,3643.72,3636.62,3643.72,400.8804
2025-01-06 00:10:00,3643.71,3646.75,3640.0,3640.01,663.097
2025-01-06 00:15:00,3640.0,3640.93,3628.42,3634.35,816.4613
2025-01-06 00:20:00,3634.35,3646.14,3634.14,3646.12,700.6796
2025-01-06 00:25:00,3646.13,3655.62,3641.4,3641.66,1134.3372
2025-01-06 00:30:00,3641.67,3646.48,3634.77,3635.0,1003.4885
2025-01-06 00:35:00,3635.01,3636.2,3630.0,3634.99,787.1911
2025-01-06 00:40:00,3635.0,3636.47,3630.75,3633.83,394.6051
2025-01-06 00:45:00,3633.82,3636.48,3631.46,3631.46,326.27
2025-01-06 00:50:00,3631.47,3631.47,3622.32,3623.81,1129.3155
2025-01-06 00:55:00,3623.82,3626.51,3621.15,3621.74,654.6732
2025-01-06 01:00:00,3621.74,3626.0,3618.07,3623.72,750.5385
2025-01-06 01:05:00,3623.72,3627.38,3615.12,3619.19,916.6256
2025-01-06 01:10:00,3619.19,3619.19,3613.2,3614.82,979.3607
2025-01-06 01:15:00,3614.76,3618.7,3612.7,3614.02,779.6659
2025-01-06 01:20:00,3614.01,3618.68,3610.63,3618.68,819.9038
2025-01-06 01:25:00,3618.7,3625.0,3618.69,3623.49,1005.3725
2025-01-06 01:30:00,3623.49,3627.16,3622.8,3624.8,626.7651
2025-01-06 01:35:00,3624.81,3626.74,3624.11,3626.4,237.5312
2025-01-06 01:40:00,3626.4,3629.12,3625.5,3627.82,276.3714
2025-01-06 01:45:00,3627.82,3629.75,3626.11,3629.56,392.8909
2025-01-06 01:50:00,3629.56,3655.58,3627.93,3650.82,2360.6736
2025-01-06 01:55:00,3650.81,3651.79,3642.0,3648.84,937.7564
2025-01-06 02:00:00,3648.83,3660.4,3645.01,3657.5,2057.3856
2025-01-06 02:05:00,3657.51,3681.8,3656.4,3678.44,6982.5231
2025-01-06 02:10:00,3678.44,3682.28,3666.2,3668.65,1767.3993
2025-01-06 02:15:00,3668.64,3670.96,3656.3,3670.95,1733.8289
2025-01-06 02:20:00,3670.96,3680.0,3663.89,3666.45,1301.0736
2025-01-06 02:25:00,3666.45,3670.88,3662.45,3663.77,902.0458
2025-01-06 02:30:00,3663.77,3681.57,3659.76,3675.77,3373.5056
2025-01-06 02:35:00,3675.75,3684.03,3675.3,3680.01,1269.6045
2025-01-06 02:40:00,3680.0,3681.59,3667.56,3668.83,1812.823
2025-01-06 02:45:00,3668.82,3671.71,3664.64,3670.79,1650.8616
2025-01-06 02:50:00,3670.79,3672.68,3664.2,3664.2,678.2199
2025-01-06 02:55:00,3664.21,3665.93,3657.77,3658.46,955.3127
2025-01-06 03:00:00,3658.45,3661.58,3654.3,3659.39,529.336
2025-01-06 03:05:00,3659.39,3669.93,3659.38,3666.89,602.2111
2025-01-06 03:10:00,3666.88,3666.89,3664.32,3665.92,329.3467
2025-01-06 03:15:00,3665.92,3671.65,3664.0,3664.26,977.4657
2025-01-06 03:20:00,3664.27,3665.33,3659.09,3665.27,528.5628
2025-01-06 03:25:00,3665.27,3670.02,3664.06,3670.02,683.6686
2025-01-06 03:30:00,3670.02,3675.0,3668.65,3670.5,982.8539
2025-01-06 03:35:00,3670.51,3673.8,3669.55,3671.78,614.6934
2025-01-06 03:40:00,3671.78,3671.78,3667.33,3667.4,534.6157
2025-01-06 03:45:00,3667.4,3667.8,3662.25,3662.34,427.355
2025-01-06 03:50:00,3662.34,3667.94,3662.33,3665.0,383.608
2025-01-06 03:55:00,3665.0,3667.35,3663.13,3664.92,515.2709
2025-01-06 04:00:00,3664.92,3670.92,3664.92,3665.0,777.7249
2025-01-06 04:05:00,3665.0,3666.93,3662.85,3664.27,394.816
2025-01-06 04:10:00,3664.27,3673.81,3664.27,3672.3,691.8066
2025-01-06 04:15:00,3672.29,3678.79,3669.16,3677.02,843.9057
2025-01-06 04:20:00,3677.03,3677.99,3672.08,3673.59,443.7944
2025-01-06 04:25:00,3673.6,3673.97,3664.14,3664.27,758.9588
2025-01-06 04:30:00,3664.21,3665.75,3660.31,3661.0,1462.9707
2025-01-06 04:35:00,3661.01,3665.0,3660.01,3662.22,1329.2932
2025-01-06 04:40:00,3662.21,3663.5,3660.57,3663.32,219.1683
2025-01-06 04:45:00,3663.33,3665.94,3662.84,3664.82,267.1709
2025-01-06 04:50:00,3664.82,3668.95,3664.81,3668.59,298.7272
2025-01-06 04:55:00,3668.6,3675.79,3668.59,3672.68,571.2111
2025-01-06 05:00:00,3672.67,3673.15,3667.29,3670.59,353.9933
2025-01-06 05:05:00,3670.59,3676.37,3670.46,3673.51,648.191
2025-01-06 05:10:00,3673.51,3674.35,3668.65,3668.69,467.7824
2025-01-06 05:15:00,3668.7,3672.93,3668.49,3672.39,579.0062
2025-01-06 05:20:00,3672.39,3687.64,3672.39,3686.19,1246.7159
2025-01-06 05:25:00,3686.19,3689.49,3683.61,3688.11,1540.9348
2025-01-06 05:30:00,3688.11,3694.8,3686.39,3693.77,1712.6705
2025-01-06 05:35:00,3693.78,3698.04,3689.65,3690.8,1419.9093
2025-01-06 05:40:00,3690.8,3692.57,3683.06,3684.84,1712.074
2025-01-06 05:45:00,3684.85,3695.88,3683.45,3689.38,1871.109
2025-01-06 05:50:00,3689.38,3690.31,3681.09,3683.37,997.1548
2025-01-06 05:55:00,3683.37,3683.37,3677.0,3680.61,888.6127
2025-01-06 06:00:00,3680.61,3684.98,3678.89,3683.76,945.2985
2025-01-06 06:05:00,3683.76,3683.77,3674.12,3674.59,603.2915
2025-01-06 06:10:00,3674.59,3676.31,3669.6,3671.44,932.1102
2025-01-06 06:15:00,3671.45,3673.43,3668.26,3671.66,845.2077
2025-01-06 06:20:00,3671.65,3676.09,3671.65,3672.02,495.5881
2025-01-06 06:25:00,3672.03,3673.55,3668.11,3669.21,743.4912
2025-01-06 06:30:00,3669.22,3671.65,3666.32,3669.32,1080.3976
2025-01-06 06:35:00,3669.33,3675.0,3668.22,3674.31,786.8942
2025-01-06 06:40:00,3674.31,3678.0,3673.82,3673.94,1115.1159
2025-01-06 06:45:00,3673.93,3674.75,3669.12,3669.47,902.3758
2025-01-06 06:50:00,3669.51,3671.42,3668.0,3670.69,390.2392
2025-01-06 06:55:00,3670.69,3670.69,3665.61,3666.22,720.6394
2025-01-06 07:00:00,3666.22,3668.45,3659.05,3659.06,1099.746
2025-01-06 07:05:00,3659.05,3663.35,3658.0,3659.95,816.1046
2025-01-06 07:10:00,3659.9,3663.0,3657.0,3658.98,729.2407
2025-01-06 07:15:00,3658.97,3658.97,3643.03,3648.5,3698.3383
2025-01-06 07:20:00,3648.49,3651.51,3642.6,3651.51,1293.6779
2025-01-06 07:25:00,3651.51,3652.93,3648.84,3650.04,1073.9952
2025-01-06 07:30:00,3650.04,3651.77,3644.76,3651.19,655.5559
2025-01-06 07:35:00,3651.19,3651.19,3647.94,3647.94,473.4516
2025-01-06 07:40:00,3647.94,3650.34,3645.86,3650.05,398.4145
2025-01-06 07:45:00,3650.05,3655.4,3647.52,3653.96,935.3612
2025-01-06 07:50:00,3653.96,3654.54,3650.0,3652.49,1039.496
2025-01-06 07:55:00,3652.49,3652.49,3649.09,3650.75,733.6349
2025-01-06 08:00:00,3650.75,3658.98,3650.5,3658.98,522.9093
2025-01-06 08:05:00,3658.98,3660.24,3654.85,3655.59,804.5428
2025-01-06 08:10:00,3655.59,3660.49,3654.83,3655.74,522.6627
2025-01-06 08:15:00,3655.74,3655.99,3649.77,3649.78,529.7706
2025-01-06 08:20:00,3649.77,3650.42,3646.52,3646.54,488.7402
2025-01-06 08:25:00,3646.54,3662.73,3643.7,3650.04,2443.4671
2025-01-06 08:30:00,3650.05,3650.05,3644.71,3644.94,707.0811
2025-01-06 08:35:00,3644.9,3647.14,3642.69,3646.7,901.8611
2025-01-06 08:40:00,3646.7,3646.71,3636.41,3639.69,1562.0178
2025-01-06 08:45:00,3639.69,3642.31,3637.61,3639.06,899.5942
2025-01-06 08:50:00,3639.06,3647.14,3639.06,3644.98,962.0992
2025-01-06 08:55:00,3644.99,3647.37,3640.02,3640.9,1483.4376
2025-01-06 09:00:00,3640.89,3648.1,3640.89,3646.73,550.732
2025-01-06 09:05:00,3646.72,3648.01,3644.88,3647.5,1329.0603
2025-01-06 09:10:00,3647.49,3650.0,3646.76,3649.17,673.682
2025-01-06 09:15:00,3649.18,3650.0,3645.87,3648.26,328.7
2025-01-06 09:20:00,3648.26,3648.27,3645.91,3646.55,237.0015
2025-01-06 09:25:00,3646.53,3646.53,3641.68,3643.55,342.6672
2025-01-06 09:30:00,3643.54,3645.18,3640.38,3645.18,334.752
2025-01-06 09:35:00,3645.18,3645.47,3641.37,3641.47,511.5427
2025-01-06 09:40:00,3641.47,3643.46,3640.94,3642.46,485.9218
2025-01-06 09:45:00,3642.46,3645.4,3641.63,3644.77,1285.3976
2025-01-06 09:50:00,3644.78,3646.44,3641.93,3644.94,841.8927
2025-01-06 09:55:00,3644.94,3646.4,3643.16,3644.75,611.4208
2025-01-06 10:00:00,3644.75,3646.48,3640.01,3641.28,777.0003
2025-01-06 10:05:00,3641.28,3641.58,3633.0,3635.06,2207.4234
2025-01-06 10:10:00,3635.06,3640.68,3634.7,3639.52,806.1901
2025-01-06 10:15:00,3639.53,3641.01,3638.08,3640.05,516.3442
2025-01-06 10:20:00,3640.06,3642.82,3638.55,3640.81,637.0714
2025-01-06 10:25:00,3640.81,3642.07,3639.05,3641.07,1314.6963
2025-01-06 10:30:00,3641.07,3641.97,3637.75,3640.43,763.1499
2025-01-06 10:35:00,3640.43,3640.54,3637.18,3640.49,467.0821
2025-01-06 10:40:00,3640.5,3641.0,3636.4,3636.99,370.1335
2025-01-06 10:45:00,3637.0,3639.5,3635.0,3639.5,426.5299
2025-01-06 10:50:00,3639.51,3640.23,3637.0,3638.99,376.1866
2025-01-06 10:55:00,3638.99,3638.99,3636.0,3637.87,569.4833
2025-01-06 11:00:00,3637.88,3640.0,3636.0,3637.34,590.3609
2025-01-06 11:05:00,3637.33,3643.71,3636.0,3641.97,741.243
2025-01-06 11:10:00,3641.97,3645.5,3640.95,3645.5,366.7804
2025-01-06 11:15:00,3645.49,3649.01,3645.1,3646.8,664.222
2025-01-06 11:20:00,3646.8,3650.0,3643.98,3649.5,797.3716
2025-01-06 11:25:00,3649.5,3654.75,3648.55,3653.3,601.1061
2025-01-06 11:30:00,3653.3,3656.85,3652.8,3653.94,438.9516
2025-01-06 11:35:00,3653.95,3659.58,3653.52,3654.01,981.5072
2025-01-06 11:40:00,3654.01,3654.02,3650.98,3652.92,317.1272
2025-01-06 11:45:00,3652.91,3652.92,3647.01,3647.4,518.4843
2025-01-06 11:50:00,3647.4,3654.0,3646.68,3653.81,679.7755
2025-01-06 11:55:00,3653.81,3656.18,3652.57,3654.52,582.4335
2025-01-06 12:00:00,3654.51,3657.95,3654.42,3654.77,758.728
2025-01-06 12:05:00,3654.76,3656.2,3650.37,3650.38,516.6598
2025-01-06 12:10:00,3650.38,3656.36,3650.38,3653.52,674.4118
2025-01-06 12:15:00,3653.53,3654.57,3648.36,3648.36,607.0854
2025-01-06 12:20:00,3648.37,3656.29,3648.36,3656.28,477.1783
2025-01-06 12:25:00,3656.28,3663.11,3655.8,3657.97,1268.7973
2025-01-06 12:30:00,3657.98,3657.98,3654.1,3654.1,619.9998
2025-01-06 12:35:00,3654.11,3657.06,3654.02,3655.95,445.3534
2025-01-06 12:40:00,3655.95,3657.56,3654.58,3657.5,444.722
2025-01-06 12:45:00,3657.5,3657.56,3652.55,3652.56,589.1939
2025-01-06 12:50:00,3652.55,3653.46,3647.53,3647.73,560.5755
2025-01-06 12:55:00,3647.73,3647.73,3641.73,3642.52,891.9105
2025-01-06 13:00:00,3642.52,3645.57,3638.88,3643.98,875.489
2025-01-06 13:05:00,3643.97,3643.98,3638.5,3640.2,760.6343
2025-01-06 13:10:00,3640.2,3641.26,3631.9,3633.39,1322.936
2025-01-06 13:15:00,3633.38,3635.39,3625.27,3632.64,2234.9752
2025-01-06 13:20:00,3632.65,3642.46,3632.65,3642.45,1432.2192
2025-01-06 13:25:00,3642.46,3648.46,3642.46,3646.51,755.3687
2025-01-06 13:30:00,3646.52,3648.89,3643.0,3643.64,687.3346
2025-01-06 13:35:00,3643.65,3644.47,3638.53,3639.11,851.6474
2025-01-06 13:40:00,3639.11,3645.47,3639.11,3643.71,863.5346
2025-01-06 13:45:00,3643.7,3647.49,3639.86,3646.44,912.901
2025-01-06 13:50:00,3646.43,3652.28,3644.73,3651.01,645.9642
2025-01-06 13:55:00,3651.01,3653.17,3649.84,3651.03,577.5884
2025-01-06 14:00:00,3651.03,3655.4,3648.76,3653.81,845.2147
2025-01-06 14:05:00,3653.82,3653.82,3641.5,3642.01,787.1146
2025-01-06 14:10:00,3642.02,3642.83,3638.53,3642.23,629.3295
2025-01-06 14:15:00,3642.23,3643.37,3623.02,3623.03,3758.3722
2025-01-06 14:20:00,3623.03,3630.0,3622.1,3624.1,1938.8986
2025-01-06 14:25:00,3624.1,3636.0,3624.1,3634.23,2155.3557
2025-01-06 14:30:00,3634.23,3649.4,3633.38,3647.05,2150.7528
2025-01-06 14:35:00,3647.19,3647.76,3630.94,3633.83,1971.4124
2025-01-06 14:40:00,3633.79,3651.52,3633.79,3640.21,5231.1679
2025-01-06 14:45:00,3640.21,3679.03,3640.21,3672.5,5789.4886
2025-01-06 14:50:00,3672.5,3687.2,3660.89,3683.2,6450.586
2025-01-06 14:55:00,3683.19,3702.8,3679.78,3685.47,8085.3102
2025-01-06 15:00:00,3685.48,3690.9,3671.11,3687.86,4532.6222
2025-01-06 15:05:00,3687.95,3696.88,3685.0,3695.24,4104.9005
2025-01-06 15:10:00,3695.31,3697.85,3687.8,3695.67,3278.5063
2025-01-06 15:15:00,3695.67,3698.28,3685.54,3694.83,2774.3445
2025-01-06 15:20:00,3694.82,3696.9,3684.6,3688.61,3395.1312
2025-01-06 15:25:00,3688.6,3697.01,3688.6,3695.61,1765.3942
2025-01-06 15:30:00,3695.61,3700.5,3693.0,3695.65,2737.8181
2025-01-06 15:35:00,3695.7,3697.85,3682.77,3686.54,2785.1642
2025-01-06 15:40:00,3686.58,3691.0,3685.0,3689.3,1342.893
2025-01-06 15:45:00,3689.3,3695.44,3684.74,3686.66,2398.7216
2025-01-06 15:50:00,3686.66,3710.0,3686.65,3709.52,3457.6033
2025-01-06 15:55:00,3709.51,3714.49,3701.85,3714.45,5549.2139
2025-01-06 16:00:00,3714.45,3717.47,3708.19,3716.55,5173.6789
2025-01-06 16:05:00,3716.55,3736.96,3715.0,3736.59,6406.5859
2025-01-06 16:10:00,3736.6,3737.24,3726.99,3730.13,3272.8849
2025-01-06 16:15:00,3730.13,3732.59,3724.6,3728.3,2488.9431
2025-01-06 16:20:00,3728.31,3733.76,3726.86,3731.71,1198.7159
2025-01-06 16:25:00,3731.71,3732.76,3728.17,3732.75,1603.9276
2025-01-06 16:30:00,3732.75,3744.83,3732.05,3740.58,3080.4426
2025-01-06 16:35:00,3740.58,3741.15,3724.58,3728.48,2060.4082
2025-01-06 16:40:00,3728.48,3728.48,3711.89,3713.05,2467.069
2025-01-06 16:45:00,3713.05,3714.45,3691.19,3701.54,4225.7904
2025-01-06 16:50:00,3701.54,3715.9,3701.19,3714.39,2281.7206
2025-01-06 16:55:00,3714.39,3716.45,3708.62,3710.18,1197.1622
2025-01-06 17:00:00,3710.18,3710.19,3695.8,3695.8,1780.1721
2025-01-06 17:05:00,3695.8,3702.32,3692.03,3699.26,1660.3692
2025-01-06 17:10:00,3699.26,3699.26,3691.47,3692.42,1127.8678
2025-01-06 17:15:00,3692.43,3695.2,3685.13,3689.79,1674.6985
2025-01-06 17:20:00,3689.79,3697.11,3687.1,3695.17,1470.5197
2025-01-06 17:25:00,3695.17,3696.28,3686.59,3688.7,1060.6067
2025-01-06 17:30:00,3688.69,3694.07,3686.77,3691.34,1127.6059
2025-01-06 17:35:00,3691.34,3691.53,3671.1,3674.8,3116.8651
2025-01-06 17:40:00,3674.84,3675.06,3655.55,3663.24,4963.5136
2025-01-06 17:45:00,3663.23,3670.93,3656.66,3667.93,2035.8067
2025-01-06 17:50:00,3667.94,3673.27,3661.62,3672.2,1457.1129
2025-01-06 17:55:00,3672.2,3674.54,3670.6,3673.87,673.0932
2025-01-06 18:00:00,3673.86,3673.87,3662.14,3669.5,1157.2601
2025-01-06 18:05:00,3669.5,3674.37,3667.83,3673.47,757.0119
2025-01-06 18:10:00,3673.48,3677.39,3672.54,3677.0,649.8388
2025-01-06 18:15:00,3677.0,3680.56,3674.5,3680.47,560.4016
2025-01-06 18:20:00,3680.48,3690.0,3680.19,3683.68,1376.0308
2025-01-06 18:25:00,3683.68,3686.13,3682.47,3685.87,732.2769
2025-01-06 18:30:00,3685.86,3688.85,3684.6,3686.78,444.9389
2025-01-06 18:35:00,3686.79,3692.3,3686.78,3689.99,626.766
2025-01-06 18:40:00,3689.99,3689.99,3683.92,3687.08,499.4007
2025-01-06 18:45:00,3687.09,3687.36,3675.56,3675.57,745.6749
2025-01-06 18:50:00,3675.56,3683.43,3675.04,3682.98,583.1647
2025-01-06 18:55:00,3682.99,3685.22,3682.02,3682.22,650.5494
2025-01-06 19:00:00,3682.23,3683.92,3675.36,3679.51,747.1934
2025-01-06 19:05:00,3679.51,3689.39,3679.39,3685.87,406.7017
2025-01-06 19:10:00,3685.87,3690.0,3683.91,3689.35,354.8885
2025-01-06 19:15:00,3689.35,3693.69,3688.42,3693.49,529.3304
2025-01-06 19:20:00,3693.48,3693.7,3690.45,3692.11,441.3369
2025-01-06 19:25:00,3692.11,3692.12,3686.67,3691.07,511.4473
2025-01-06 19:30:00,3691.07,3692.11,3686.56,3688.03,600.1379
2025-01-06 19:35:00,3688.04,3695.39,3687.03,3693.7,594.2393
2025-01-06 19:40:00,3693.7,3695.51,3692.48,3694.98,229.6238
2025-01-06 19:45:00,3694.99,3695.51,3691.24,3692.48,265.6986
2025-01-06 19:50:00,3692.48,3695.0,3690.0,3692.72,537.656
2025-01-06 19:55:00,3692.73,3694.07,3687.44,3687.44,557.5419
2025-01-06 20:00:00,3687.44,3692.2,3686.09,3691.29,649.0601
2025-01-06 20:05:00,3691.29,3693.98,3689.46,3693.73,463.4209
2025-01-06 20:10:00,3693.73,3697.52,3693.15,3697.43,534.7301
2025-01-06 20:15:00,3697.42,3698.0,3695.38,3697.05,655.8675
2025-01-06 20:20:00,3697.04,3703.38,3696.17,3703.38,839.2906
2025-01-06 20:25:00,3703.38,3703.38,3694.17,3697.22,607.3322
2025-01-06 20:30:00,3697.21,3697.22,3692.08,3695.18,766.6056
2025-01-06 20:35:00,3695.19,3695.66,3686.71,3687.1,649.307
2025-01-06 20:40:00,3687.11,3688.76,3683.01,3684.42,1042.2948
2025-01-06 20:45:00,3684.43,3685.36,3672.68,3674.25,1121.841
2025-01-06 20:50:00,3674.24,3682.42,3673.19,3681.91,1220.3209
2025-01-06 20:55:00,3681.91,3685.92,3676.0,3683.49,1255.3888
2025-01-06 21:00:00,3683.41,3689.2,3680.21,3680.22,1156.0651
2025-01-06 21:05:00,3680.22,3684.42,3678.48,3678.7,636.0897
2025-01-06 21:10:00,3678.69,3680.83,3676.0,3676.07,613.616
2025-01-06 21:15:00,3676.08,3682.42,3676.07,3680.02,368.6955
2025-01-06 21:20:00,3680.02,3681.03,3666.72,3669.84,1111.6916
2025-01-06 21:25:00,3669.84,3672.79,3667.38,3669.5,960.8004
2025-01-06 21:30:00,3669.51,3678.73,3669.32,3674.46,569.0126
2025-01-06 21:35:00,3674.46,3674.76,3668.03,3673.23,1348.1242
2025-01-06 21:40:00,3673.22,3673.22,3669.4,3670.29,418.619
2025-01-06 21:45:00,3670.3,3676.32,3669.3,3675.94,459.2473
2025-01-06 21:50:00,3675.94,3676.31,3672.29,3673.51,410.7355
2025-01-06 21:55:00,3673.51,3673.51,3666.37,3667.16,687.6268
2025-01-06 22:00:00,3667.17,3671.95,3667.0,3668.32,455.7918
2025-01-06 22:05:00,3668.31,3672.35,3668.31,3672.31,709.3912
2025-01-06 22:10:00,3672.3,3676.83,3670.57,3671.5,679.388
2025-01-06 22:15:00,3671.57,3679.96,3670.57,3679.95,655.1614
2025-01-06 22:20:00,3679.95,3680.39,3676.83,3679.23,347.8496
2025-01-06 22:25:00,3679.23,3680.01,3671.58,3675.94,970.6042
2025-01-06 22:30:00,3675.93,3679.4,3675.93,3679.09,251.2332
2025-01-06 22:35:00,3679.1,3682.69,3679.09,3679.4,284.2489
2025-01-06 22:40:00,3679.4,3680.17,3675.35,3677.4,417.8787
2025-01-06 22:45:00,3677.4,3680.17,3677.38,3680.17,282.0269
2025-01-06 22:50:00,3680.17,3680.96,3677.93,3680.96,294.8058
2025-01-06 22:55:00,3680.95,3683.67,3678.05,3678.52,390.3799
2025-01-06 23:00:00,3678.52,3679.4,3669.06,3672.78,867.5293
2025-01-06 23:05:00,3672.77,3675.96,3668.69,3672.73,488.5482
2025-01-06 23:10:00,3672.73,3673.6,3668.9,3671.46,362.152
2025-01-06 23:15:00,3671.46,3678.0,3671.0,3677.1,369.0981
2025-01-06 23:20:00,3677.11,3677.11,3675.0,3676.48,247.5995
2025-01-06 23:25:00,3676.47,3678.9,3675.91,3678.89,382.1384
2025-01-06 23:30:00,3678.89,3680.0,3676.51,3677.05,401.4803
2025-01-06 23:35:00,3677.06,3680.0,3677.03,3679.99,275.3308
2025-01-06 23:40:00,3679.99,3683.28,3679.72,3682.79,733.6242
2025-01-06 23:45:00,3682.8,3686.39,3682.79,3684.7,454.2722
2025-01-06 23:50:00,3684.7,3687.35,3684.0,3686.77,386.6917
2025-01-06 23:55:00,3686.77,3687.74,3686.34,3687.45,341.6191
2025-01-07 00:00:00,3687.44,3687.45,3678.71,3678.71,1315.6662
2025-01-07 00:05:00,3678.71,3679.74,3673.8,3675.58,947.579
2025-01-07 00:10:00,3675.58,3677.6,3675.57,3677.51,806.6571
2025-01-07 00:15:00,3677.5,3684.43,3673.04,3683.92,1053.6524
2025-01-07 00:20:00,3683.92,3688.13,3682.14,3683.94,515.283
2025-01-07 00:25:00,3683.93,3688.33,3683.19,3687.46,471.0341
2025-01-07 00:30:00,3687.47,3687.47,3680.95,3685.5,569.0892
2025-01-07 00:35:00,3685.51,3693.67,3681.32,3684.04,1655.7713
2025-01-07 00:40:00,3684.03,3684.04,3679.01,3680.55,822.9484
2025-01-07 00:45:00,3680.55,3682.92,3677.05,3681.06,697.756
2025-01-07 00:50:00,3681.06,3684.22,3680.06,3682.87,358.0786
2025-01-07 00:55:00,3682.83,3682.83,3675.13,3675.14,336.2417
2025-01-07 01:00:00,3675.14,3676.5,3663.0,3667.2,1019.4861
2025-01-07 01:05:00,3667.19,3677.39,3664.66,3673.39,841.5012
2025-01-07 01:10:00,3673.38,3676.98,3672.43,3675.94,507.0078
2025-01-07 01:15:00,3675.93,3682.1,3675.6,3680.92,542.8334
2025-01-07 01:20:00,3680.93,3685.0,3679.89,3684.85,572.2817
2025-01-07 01:25:00,3684.85,3684.85,3678.45,3678.99,878.8746
2025-01-07 01:30:00,3679.0,3685.12,3679.0,3683.12,457.765
2025-01-07 01:35:00,3683.13,3689.16,3682.01,3688.16,455.912
2025-01-07 01:40:00,3688.16,3690.74,3687.15,3689.7,593.3318
2025-01-07 01:45:00,3689.71,3692.5,3686.98,3692.49,429.5117
2025-01-07 01:50:00,3692.49,3695.71,3692.49,3695.71,469.0212
2025-01-07 01:55:00,3695.7,3696.27,3691.77,3694.55,517.7265
2025-01-07 02:00:00,3694.55,3697.0,3689.81,3689.81,434.2486
2025-01-07 02:05:00,3689.82,3692.98,3686.38,3692.16,395.2839
2025-01-07 02:10:00,3692.17,3695.51,3691.6,3693.04,420.9778
2025-01-07 02:15:00,3693.05,3700.86,3693.04,3694.93,640.3058
2025-01-07 02:20:00,3694.94,3695.98,3688.02,3689.18,354.438
2025-01-07 02:25:00,3689.18,3690.75,3686.0,3687.46,308.2027
2025-01-07 02:30:00,3687.46,3692.92,3687.01,3688.58,708.4621
2025-01-07 02:35:00,3688.57,3691.34,3685.0,3685.0,389.326
2025-01-07 02:40:00,3685.0,3687.36,3685.0,3686.02,349.996
2025-01-07 02:45:00,3686.03,3687.0,3682.0,3682.01,530.9468
2025-01-07 02:50:00,3682.01,3682.92,3677.26,3677.59,534.2022
2025-01-07 02:55:00,3677.59,3679.76,3676.0,3678.07,325.8618
2025-01-07 03:00:00,3678.07,3682.84,3674.24,3682.83,915.4833
2025-01-07 03:05:00,3682.84,3686.88,3681.75,3685.99,469.0989
2025-01-07 03:10:00,3686.0,3688.68,3682.21,3683.14,704.2343
2025-01-07 03:15:00,3683.14,3683.14,3678.78,3683.01,351.0067
2025-01-07 03:20:00,3683.01,3684.59,3677.78,3680.79,469.932
2025-01-07 03:25:00,3680.79,3681.19,3678.66,3680.7,393.4047
2025-01-07 03:30:00,3680.7,3682.42,3679.55,3682.3,310.3033
2025-01-07 03:35:00,3682.31,3686.55,3682.3,3683.79,358.5508
2025-01-07 03:40:00,3683.79,3684.84,3680.82,3680.83,431.4717
2025-01-07 03:45:00,3680.82,3680.82,3676.07,3680.02,491.3448
2025-01-07 03:50:00,3680.02,3683.21,3678.87,3682.77,178.5918
2025-01-07 03:55:00,3682.76,3685.44,3681.71,3682.25,391.3954
2025-01-07 04:00:00,3682.25,3685.92,3682.25,3684.28,462.186
2025-01-07 04:05:00,3684.28,3684.43,3682.37,3683.79,356.2569
2025-01-07 04:10:00,3683.8,3685.0,3682.42,3684.22,245.7716
2025-01-07 04:15:00,3684.22,3684.22,3680.59,3680.6,165.8548
2025-01-07 04:20:00,3680.59,3681.39,3679.19,3681.38,291.1802
2025-01-07 04:25:00,3681.38,3683.0,3680.0,3682.98,160.1566
2025-01-07 04:30:00,3682.99,3684.0,3680.77,3680.78,253.1104
2025-01-07 04:35:00,3680.79,3681.73,3680.0,3681.42,236.365
2025-01-07 04:40:00,3681.42,3681.43,3677.34,3677.95,349.2807
2025-01-07 04:45:00,3677.96,3677.96,3676.0,3677.02,400.1215
2025-01-07 04:50:00,3677.02,3677.96,3676.38,3677.96,238.4469
2025-01-07 04:55:00,3677.95,3678.0,3673.51,3673.52,414.6615
2025-01-07 05:00:00,3673.51,3675.91,3668.44,3675.91,768.156
2025-01-07 05:05:00,3675.91,3676.91,3674.2,3674.62,332.6167
2025-01-07 05:10:00,3674.62,3675.36,3670.93,3671.71,219.5319
2025-01-07 05:15:00,3671.7,3676.48,3670.93,3676.14,364.7028
2025-01-07 05:20:00,3676.14,3676.14,3664.62,3666.57,811.8857
2025-01-07 05:25:00,3666.57,3668.81,3664.78,3667.37,1382.7233
2025-01-07 05:30:00,3667.37,3670.21,3666.33,3669.94,916.4726
2025-01-07 05:35:00,3669.94,3670.34,3666.6,3666.74,459.4924
2025-01-07 05:40:00,3666.74,3666.74,3659.0,3662.29,1105.7727
2025-01-07 05:45:00,3662.29,3667.32,3661.58,3667.0,468.0404
2025-01-07 05:50:00,3667.01,3668.95,3666.5,3668.58,271.2506
2025-01-07 05:55:00,3668.58,3669.52,3667.88,3669.38,237.9673
2025-01-07 06:00:00,3669.37,3669.91,3666.54,3666.54,235.3565
2025-01-07 06:05:00,3666.54,3668.44,3664.43,3668.43,521.7008
2025-01-07 06:10:00,3668.44,3670.88,3665.48,3670.87,542.8687
2025-01-07 06:15:00,3670.88,3674.38,3670.86,3672.62,298.6405
2025-01-07 06:20:00,3672.62,3675.37,3672.62,3673.1,279.753
2025-01-07 06:25:00,3673.09,3673.1,3669.61,3671.33,298.0681
2025-01-07 06:30:00,3671.34,3675.52,3671.34,3675.5,314.5708
2025-01-07 06:35:00,3675.5,3675.5,3673.55,3674.26,226.0908
2025-01-07 06:40:00,3674.25,3674.26,3671.31,3671.93,425.9161
2025-01-07 06:45:00,3671.93,3672.36,3670.45,3670.89,412.0385
2025-01-07 06:50:00,3670.9,3673.01,3670.0,3673.01,298.365
2025-01-07 06:55:00,3673.01,3673.36,3671.84,3672.6,360.0555
2025-01-07 07:00:00,3672.61,3678.39,3672.54,3677.94,544.6993
2025-01-07 07:05:00,3677.94,3678.38,3675.09,3678.38,348.3703
2025-01-07 07:10:00,3678.38,3680.0,3676.9,3677.1,509.7158
2025-01-07 07:15:00,3677.1,3677.3,3674.51,3676.58,253.6079
2025-01-07 07:20:00,3676.57,3677.09,3674.33,3674.86,221.8295
2025-01-07 07:25:00,3674.86,3674.86,3670.93,3671.11,324.587
2025-01-07 07:30:00,3671.1,3672.35,3665.69,3665.7,686.4139
2025-01-07 07:35:00,3665.71,3667.6,3662.8,3667.59,764.1869
2025-01-07 07:40:00,3667.6,3667.6,3665.02,3665.37,619.4925
2025-01-07 07:45:00,3665.37,3667.18,3664.87,3667.17,425.208
2025-01-07 07:50:00,3667.18,3668.67,3666.95,3667.84,518.2023
2025-01-07 07:55:00,3667.84,3668.43,3666.17,3667.77,432.0785
2025-01-07 08:00:00,3667.78,3668.61,3665.35,3667.32,534.1209
2025-01-07 08:05:00,3667.32,3668.33,3665.15,3666.42,547.9525
2025-01-07 08:10:00,3666.42,3666.43,3663.2,3663.21,410.8789
2025-01-07 08:15:00,3663.2,3665.3,3660.33,3662.34,727.4008
2025-01-07 08:20:00,3662.33,3668.05,3661.66,3667.51,773.7797
2025-01-07 08:25:00,3667.51,3667.65,3665.92,3666.35,362.5657
2025-01-07 08:30:00,3666.34,3672.02,3666.34,3672.02,769.1791
2025-01-07 08:35:00,3672.02,3673.21,3670.0,3670.98,489.1343
2025-01-07 08:40:00,3670.97,3673.33,3670.35,3673.08,610.6668
2025-01-07 08:45:00,3673.08,3679.27,3671.42,3678.64,660.6769
2025-01-07 08:50:00,3678.64,3678.65,3675.0,3675.55,625.8011
2025-01-07 08:55:00,3675.54,3675.55,3673.7,3674.63,447.1531
2025-01-07 09:00:00,3674.63,3676.74,3673.0,3673.01,550.299
2025-01-07 09:05:00,3673.01,3673.01,3669.0,3669.0,656.3018
2025-01-07 09:10:00,3669.0,3670.34,3668.37,3669.01,951.4764
2025-01-07 09:15:00,3669.0,3669.01,3664.09,3664.53,470.9912
2025-01-07 09:20:00,3664.54,3667.32,3662.92,3664.08,552.9716
2025-01-07 09:25:00,3664.08,3666.03,3663.36,3666.02,254.0172
2025-01-07 09:30:00,3666.03,3666.31,3662.32,3662.32,474.5219
2025-01-07 09:35:00,3662.33,3664.6,3660.25,3663.99,1381.4778
2025-01-07 09:40:00,3663.99,3664.0,3658.74,3658.84,832.254
2025-01-07 09:45:00,3658.83,3660.84,3652.8,3658.26,1130.9268
2025-01-07 09:50:00,3658.26,3664.29,3658.26,3664.0,873.1415
2025-01-07 09:55:00,3664.0,3666.08,3661.08,3661.09,501.6938
2025-01-07 10:00:00,3661.08,3661.09,3651.83,3653.87,893.8553
2025-01-07 10:05:00,3653.87,3657.25,3653.09,3653.73,540.4513
2025-01-07 10:10:00,3653.74,3656.83,3651.54,3655.93,726.4157
2025-01-07 10:15:00,3655.93,3658.99,3653.28,3658.68,572.3472
2025-01-07 10:20:00,3658.68,3658.99,3656.29,3657.9,382.3368
2025-01-07 10:25:00,3657.89,3662.32,3656.64,3662.31,873.26
2025-01-07 10:30:00,3662.31,3662.32,3659.01,3659.28,235.4896
2025-01-07 10:35:00,3659.28,3662.85,3659.06,3662.84,456.551
2025-01-07 10:40:00,3662.85,3665.31,3662.84,3663.0,526.6467
2025-01-07 10:45:00,3663.0,3663.0,3659.83,3660.67,376.6781
2025-01-07 10:50:00,3660.67,3661.86,3658.0,3658.1,478.8692
2025-01-07 10:55:00,3658.09,3660.2,3657.6,3657.61,888.0506
2025-01-07 11:00:00,3657.6,3657.61,3653.62,3657.15,394.0387
2025-01-07 11:05:00,3657.16,3658.59,3653.29,3653.66,363.5227
2025-01-07 11:10:00,3653.65,3655.0,3651.32,3653.79,392.0693
2025-01-07 11:15:00,3653.78,3657.47,3651.79,3654.94,423.2907
2025-01-07 11:20:00,3654.94,3654.94,3652.62,3653.36,328.4406
2025-01-07 11:25:00,3653.36,3655.0,3652.65,3654.84,477.8002
2025-01-07 11:30:00,3654.84,3654.9,3645.0,3645.43,1706.8677
2025-01-07 11:35:00,3645.43,3647.4,3636.63,3641.81,2251.1559
2025-01-07 11:40:00,3641.8,3641.8,3632.61,3637.95,2876.2029
2025-01-07 11:45:00,3637.94,3637.95,3625.55,3629.5,3856.1824
2025-01-07 11:50:00,3629.5,3641.73,3627.33,3636.69,1590.3484
2025-01-07 11:55:00,3636.7,3641.5,3633.97,3639.27,916.6071
2025-01-07 12:00:00,3639.28,3643.16,3635.5,3640.4,1069.8216
2025-01-07 12:05:00,3640.39,3641.57,3636.11,3636.16,714.7878
2025-01-07 12:10:00,3636.16,3638.56,3634.69,3636.56,592.2447
2025-01-07 12:15:00,3636.56,3637.79,3629.43,3630.96,641.8943
2025-01-07 12:20:00,3630.95,3632.94,3627.57,3629.0,862.3526
2025-01-07 12:25:00,3629.01,3631.16,3626.07,3627.0,992.9934
2025-01-07 12:30:00,3627.0,3633.54,3627.0,3631.09,727.6843
2025-01-07 12:35:00,3631.1,3635.29,3628.68,3631.79,826.6801
2025-01-07 12:40:00,3631.8,3635.11,3629.15,3634.45,595.5181
2025-01-07 12:45:00,3634.44,3638.73,3634.15,3638.73,714.9996
2025-01-07 12:50:00,3638.73,3639.13,3635.64,3635.64,531.4097
2025-01-07 12:55:00,3635.64,3635.78,3632.03,3633.42,1051.8993
2025-01-07 13:00:00,3633.42,3637.34,3631.0,3635.81,738.7097
2025-01-07 13:05:00,3635.82,3635.82,3633.18,3634.54,344.9548
2025-01-07 13:10:00,3634.55,3637.06,3631.72,3635.89,1294.0614
2025-01-07 13:15:00,3635.9,3638.59,3635.19,3638.29,998.7236
2025-01-07 13:20:00,3638.3,3644.82,3637.81,3644.56,1248.701
2025-01-07 13:25:00,3644.56,3645.95,3643.28,3644.99,2140.511
2025-01-07 13:30:00,3644.99,3645.89,3640.0,3640.01,1732.4987
2025-01-07 13:35:00,3640.01,3641.1,3636.57,3637.15,605.9297
2025-01-07 13:40:00,3637.16,3641.0,3636.79,3640.33,736.1715
2025-01-07 13:45:00,3640.32,3641.85,3638.85,3639.98,778.0011
2025-01-07 13:50:00,3639.98,3640.14,3634.37,3634.95,779.4648
2025-01-07 13:55:00,3634.96,3636.0,3632.65,3636.0,488.3693
2025-01-07 14:00:00,3636.0,3641.73,3636.0,3638.6,524.8143
2025-01-07 14:05:00,3638.7,3641.98,3637.78,3638.56,386.2548
2025-01-07 14:10:00,3638.56,3638.56,3630.0,3630.25,638.8039
2025-01-07 14:15:00,3630.24,3633.67,3630.0,3630.01,1043.9005
2025-01-07 14:20:00,3630.0,3634.57,3629.62,3633.08,1424.3483
2025-01-07 14:25:00,3633.08,3640.43,3632.72,3637.54,501.3342
2025-01-07 14:30:00,3637.53,3642.0,3609.0,3620.56,6978.3407
2025-01-07 14:35:00,3620.56,3629.39,3611.57,3618.2,4005.688
2025-01-07 14:40:00,3618.2,3628.8,3614.22,3626.24,3278.7928
2025-01-07 14:45:00,3626.24,3629.47,3618.4,3620.2,1485.1892
2025-01-07 14:50:00,3620.2,3626.46,3614.5,3619.29,2283.8419
2025-01-07 14:55:00,3619.3,3619.34,3532.41,3568.75,18039.6539
2025-01-07 15:00:00,3568.75,3582.4,3537.8,3560.01,15649.6182
2025-01-07 15:05:00,3560.0,3567.53,3513.0,3537.1,19341.396
2025-01-07 15:10:00,3537.1,3544.15,3518.23,3530.85,15155.3489
2025-01-07 15:15:00,3530.79,3540.12,3505.2,3539.76,15107.6349
2025-01-07 15:20:00,3539.77,3544.92,3520.81,3525.67,8969.6877
2025-01-07 15:25:00,3525.67,3540.0,3525.0,3525.86,5585.4169
2025-01-07 15:30:00,3525.86,3530.4,3511.27,3514.27,6325.0635
2025-01-07 15:35:00,3514.27,3518.03,3446.12,3471.0,23230.6019
2025-01-07 15:40:00,3470.95,3479.79,3413.81,3452.4,28954.579
2025-01-07 15:45:00,3452.4,3474.75,3429.29,3467.57,24266.0186
2025-01-07 15:50:00,3467.58,3484.54,3458.49,3470.45,8263.4565
2025-01-07 15:55:00,3470.46,3475.93,3462.58,3462.64,5109.187
2025-01-07 16:00:00,3462.65,3468.95,3448.74,3457.74,9456.5414
2025-01-07 16:05:00,3457.66,3470.41,3452.02,3463.0,5791.3717
2025-01-07 16:10:00,3463.0,3474.81,3455.5,3472.1,4274.1712
2025-01-07 16:15:00,3472.11,3476.0,3465.36,3472.26,2240.7329
2025-01-07 16:20:00,3472.23,3485.59,3472.23,3479.16,3322.2347
2025-01-07 16:25:00,3479.17,3485.35,3478.72,3480.01,1696.9317
2025-01-07 16:30:00,3480.01,3487.24,3472.72,3484.16,2269.131
2025-01-07 16:35:00,3484.17,3488.05,3472.72,3488.04,2439.9628
2025-01-07 16:40:00,3488.04,3491.7,3484.26,3484.9,1848.3033
2025-01-07 16:45:00,3484.9,3484.91,3471.01,3471.59,1908.1015
2025-01-07 16:50:00,3471.6,3473.4,3464.34,3466.45,2392.916
2025-01-07 16:55:00,3466.46,3469.96,3457.5,3458.06,1684.7053
2025-01-07 17:00:00,3458.07,3466.5,3458.07,3463.57,1250.8205
2025-01-07 17:05:00,3463.57,3468.79,3459.16,3465.1,1324.7289
2025-01-07 17:10:00,3465.1,3470.28,3461.99,3463.38,1908.0174
2025-01-07 17:15:00,3463.38,3467.88,3460.0,3463.65,1278.8818
2025-01-07 17:20:00,3463.64,3464.7,3457.0,3458.75,2011.4157
2025-01-07 17:25:00,3458.75,3460.23,3452.48,3454.51,1826.957
2025-01-07 17:30:00,3454.51,3456.72,3450.01,3453.92,1814.9594
2025-01-07 17:35:00,3453.92,3463.4,3440.0,3462.84,4706.7705
2025-01-07 17:40:00,3462.84,3468.98,3448.38,3451.6,2103.2815
2025-01-07 17:45:00,3451.6,3453.0,3420.0,3437.79,9736.3032
2025-01-07 17:50:00,3437.79,3443.93,3431.5,3440.54,2108.6691
2025-01-07 17:55:00,3440.59,3450.0,3440.21,3442.55,2551.2752
2025-01-07 18:00:00,3442.56,3450.98,3440.05,3450.63,2049.8166
2025-01-07 18:05:00,3450.62,3457.32,3447.56,3457.32,1475.7593
2025-01-07 18:10:00,3457.32,3458.96,3449.16,3449.53,975.0107
2025-01-07 18:15:00,3449.52,3449.52,3440.55,3444.6,1101.6232
2025-01-07 18:20:00,3444.59,3444.6,3435.26,3435.26,1799.3377
2025-01-07 18:25:00,3435.26,3438.96,3427.53,3429.54,1970.5037
2025-01-07 18:30:00,3429.54,3434.17,3423.09,3432.75,2652.5509
2025-01-07 18:35:00,3432.75,3435.18,3414.03,3418.86,4371.3215
2025-01-07 18:40:00,3418.85,3422.75,3413.11,3421.12,2480.3344
2025-01-07 18:45:00,3421.12,3423.02,3414.1,3416.38,2561.3178
2025-01-07 18:50:00,3416.38,3433.12,3415.57,3429.48,1959.3201
2025-01-07 18:55:00,3429.48,3429.48,3420.2,3421.82,1327.4308
2025-01-07 19:00:00,3421.82,3432.44,3419.22,3421.69,1308.2825
2025-01-07 19:05:00,3421.69,3430.94,3414.0,3430.43,1643.5722
2025-01-07 19:10:00,3430.43,3438.01,3427.2,3435.0,1764.0957
2025-01-07 19:15:00,3435.01,3436.7,3429.15,3432.43,1490.9675
2025-01-07 19:20:00,3432.42,3432.42,3414.61,3417.33,2576.159
2025-01-07 19:25:00,3417.34,3425.77,3416.43,3423.8,3022.9668
2025-01-07 19:30:00,3423.78,3425.61,3418.87,3423.48,1693.2284
2025-01-07 19:35:00,3423.48,3426.9,3403.0,3406.31,4284.665
2025-01-07 19:40:00,3406.31,3409.22,3372.71,3401.31,12847.5831
2025-01-07 19:45:00,3401.32,3407.31,3387.33,3389.77,5376.5868
2025-01-07 19:50:00,3389.77,3390.19,3379.62,3387.55,2487.1522
2025-01-07 19:55:00,3387.55,3393.66,3381.18,3385.67,2083.0217
2025-01-07 20:00:00,3385.68,3387.19,3373.5,3386.67,2785.4164
2025-01-07 20:05:00,3386.67,3400.9,3386.67,3396.97,2025.6625
2025-01-07 20:10:00,3396.98,3396.98,3381.38,3391.18,1731.4936
2025-01-07 20:15:00,3391.18,3397.76,3379.11,3385.35,1629.5405
2025-01-07 20:20:00,3385.37,3388.97,3378.63,3380.79,2025.9268
2025-01-07 20:25:00,3380.78,3385.0,3376.16,3380.88,1503.7485
2025-01-07 20:30:00,3380.87,3393.42,3379.5,3387.76,1409.0916
2025-01-07 20:35:00,3387.77,3390.32,3376.72,3388.33,2240.4001
2025-01-07 20:40:00,3388.33,3394.28,3366.0,3371.19,4508.1489
2025-01-07 20:45:00,3371.19,3385.31,3364.85,3384.5,4204.3582
2025-01-07 20:50:00,3384.51,3397.65,3383.83,3393.77,3086.1081
2025-01-07 20:55:00,3393.76,3397.0,3381.51,3396.62,2535.773
2025-01-07 21:00:00,3396.61,3402.8,3390.01,3402.36,2189.6237
2025-01-07 21:05:00,3402.37,3407.17,3399.61,3401.26,1895.6636
2025-01-07 21:10:00,3401.25,3408.99,3401.07,3407.89,1632.1081
2025-01-07 21:15:00,3407.9,3414.04,3405.35,3410.51,1789.4255
2025-01-07 21:20:00,3410.51,3410.51,3399.0,3399.01,1351.0665
2025-01-07 21:25:00,3399.0,3402.47,3397.62,3400.55,648.3446
2025-01-07 21:30:00,3400.55,3407.06,3400.01,3403.66,845.0189
2025-01-07 21:35:00,3403.66,3403.66,3387.59,3388.42,1157.6559
2025-01-07 21:40:00,3388.41,3388.42,3376.35,3383.34,3435.5552
2025-01-07 21:45:00,3383.35,3386.21,3374.46,3383.01,2086.6079
2025-01-07 21:50:00,3383.03,3385.81,3368.81,3377.22,2968.1912
2025-01-07 21:55:00,3377.22,3377.92,3361.77,3363.32,3011.8319
2025-01-07 22:00:00,3363.31,3376.5,3356.31,3369.2,4247.4489
2025-01-07 22:05:00,3369.2,3385.16,3368.87,3380.04,2133.8195
2025-01-07 22:10:00,3380.05,3380.05,3370.89,3378.75,1331.1018
2025-01-07 22:15:00,3378.76,3380.49,3374.68,3378.75,798.0448
2025-01-07 22:20:00,3378.76,3388.04,3378.76,3384.01,790.9339
2025-01-07 22:25:00,3384.01,3385.99,3377.0,3378.41,1018.9427
2025-01-07 22:30:00,3378.41,3381.74,3372.53,3380.69,684.4702
2025-01-07 22:35:00,3380.7,3388.55,3380.1,3388.39,831.9724
2025-01-07 22:40:00,3388.39,3396.26,3387.14,3393.0,1691.5819
2025-01-07 22:45:00,3393.0,3393.16,3387.4,3391.04,997.3505
2025-01-07 22:50:00,3391.03,3393.42,3388.44,3393.42,561.1487
2025-01-07 22:55:00,3393.42,3397.67,3391.18,3396.7,888.1966
2025-01-07 23:00:00,3396.7,3396.7,3378.6,3382.19,1823.9796
2025-01-07 23:05:00,3382.06,3384.78,3377.3,3381.59,1120.6395
2025-01-07 23:10:00,3381.59,3384.08,3376.54,3377.54,934.556
2025-01-07 23:15:00,3377.53,3381.82,3374.67,3380.59,657.8174
2025-01-07 23:20:00,3380.6,3388.76,3380.6,3388.35,1032.8292
2025-01-07 23:25:00,3388.35,3391.3,3384.63,3384.69,1107.3007
2025-01-07 23:30:00,3384.69,3390.0,3380.59,3389.99,862.7539
2025-01-07 23:35:00,3390.0,3390.86,3387.92,3389.88,504.4315
2025-01-07 23:40:00,3389.81,3390.65,3384.71,3384.72,757.8164
2025-01-07 23:45:00,3384.71,3385.14,3376.43,3377.87,972.3431
2025-01-07 23:50:00,3377.86,3383.65,3376.03,3379.68,815.3839
2025-01-07 23:55:00,3379.69,3382.92,3378.68,3381.31,691.7571
2025-01-08 00:00:00,3381.31,3386.63,3378.23,3379.61,1842.4793
2025-01-08 00:05:00,3379.61,3397.15,3379.11,3393.21,1661.0675
2025-01-08 00:10:00,3393.2,3402.73,3393.2,3400.58,1683.1094
2025-01-08 00:15:00,3400.57,3408.68,3398.43,3408.01,1776.9595
2025-01-08 00:20:00,3408.0,3408.5,3401.0,3406.36,1532.3171
2025-01-08 00:25:00,3406.44,3410.89,3400.62,3402.28,654.5949
2025-01-08 00:30:00,3402.28,3407.16,3394.51,3406.18,938.7471
2025-01-08 00:35:00,3406.19,3410.95,3406.01,3410.27,688.7436
2025-01-08 00:40:00,3410.27,3413.75,3408.22,3412.94,1193.2315
2025-01-08 00:45:00,3412.95,3412.95,3407.04,3412.0,1125.6611
2025-01-08 00:50:00,3412.0,3415.1,3408.24,3409.94,1509.9758
2025-01-08 00:55:00,3409.94,3415.01,3409.0,3411.71,1693.8726
2025-01-08 01:00:00,3411.71,3411.72,3399.76,3400.82,1708.7353
2025-01-08 01:05:00,3400.81,3409.55,3397.52,3406.05,964.7844
2025-01-08 01:10:00,3406.05,3406.05,3395.72,3395.72,455.7514
2025-01-08 01:15:00,3395.72,3399.88,3392.34,3398.55,940.2767
2025-01-08 01:20:00,3398.55,3406.0,3398.5,3399.89,619.435
2025-01-08 01:25:00,3399.89,3400.0,3394.08,3394.09,439.4127
2025-01-08 01:30:00,3394.09,3402.9,3393.64,3401.55,759.373
2025-01-08 01:35:00,3401.55,3401.55,3389.2,3390.95,1675.1647
2025-01-08 01:40:00,3390.94,3391.2,3383.0,3387.79,1123.779
2025-01-08 01:45:00,3387.79,3387.79,3378.8,3381.43,1282.0463
2025-01-08 01:50:00,3381.42,3385.86,3375.01,3385.78,1956.4512
2025-01-08 01:55:00,3385.77,3391.7,3384.58,3391.32,634.5425
2025-01-08 02:00:00,3391.32,3391.32,3382.73,3386.74,539.632
2025-01-08 02:05:00,3386.74,3397.76,3386.74,3397.76,524.1957
2025-01-08 02:10:00,3397.76,3404.78,3395.0,3395.0,1189.4403
2025-01-08 02:15:00,3395.0,3401.0,3394.19,3396.42,736.9162
2025-01-08 02:20:00,3396.43,3400.0,3393.52,3398.75,1092.7636
2025-01-08 02:25:00,3398.75,3402.8,3393.07,3395.39,1011.7454
2025-01-08 02:30:00,3395.39,3401.38,3394.26,3394.74,795.1539
2025-01-08 02:35:00,3394.75,3397.8,3394.0,3394.64,796.3353
2025-01-08 02:40:00,3394.65,3401.9,3392.01,3393.75,1792.6586
2025-01-08 02:45:00,3393.75,3393.76,3386.95,3388.6,835.3191
2025-01-08 02:50:00,3388.59,3389.56,3384.45,3385.75,889.0702
2025-01-08 02:55:00,3385.75,3388.18,3382.9,3382.9,976.174
2025-01-08 03:00:00,3382.9,3383.8,3366.23,3368.21,4473.6219
2025-01-08 03:05:00,3368.21,3371.33,3355.0,3367.6,5447.4168
2025-01-08 03:10:00,3367.6,3375.97,3358.33,3369.6,3301.987
2025-01-08 03:15:00,3369.6,3377.09,3369.31,3374.18,1106.3172
2025-01-08 03:20:00,3374.19,3384.28,3372.68,3383.04,1194.8555
2025-01-08 03:25:00,3383.04,3387.94,3373.49,3375.55,1652.2294
2025-01-08 03:30:00,3375.55,3378.83,3370.72,3378.83,1203.0731
2025-01-08 03:35:00,3378.85,3379.86,3365.82,3365.82,861.7941
2025-01-08 03:40:00,3365.82,3366.73,3360.77,3365.74,1500.6735
2025-01-08 03:45:00,3365.74,3365.74,3345.55,3360.62,6020.614
2025-01-08 03:50:00,3360.59,3362.0,3343.22,3346.3,3480.0808
2025-01-08 03:55:00,3346.31,3362.96,3345.2,3360.31,1749.7348
2025-01-08 04:00:00,3360.31,3362.89,3349.16,3350.35,1329.0863
2025-01-08 04:05:00,3350.36,3366.97,3350.04,3366.41,1259.4387
2025-01-08 04:10:00,3366.41,3373.14,3365.62,3366.51,1396.1876
2025-01-08 04:15:00,3366.51,3366.51,3357.6,3361.0,1256.6596
2025-01-08 04:20:00,3360.99,3360.99,3351.3,3354.16,1332.3458
2025-01-08 04:25:00,3354.17,3365.62,3346.73,3363.23,2558.5782
2025-01-08 04:30:00,3363.24,3363.97,3349.74,3351.33,1652.494
2025-01-08 04:35:00,3351.33,3360.14,3348.14,3357.17,1665.8644
2025-01-08 04:40:00,3357.17,3360.5,3348.64,3352.41,1442.6131
2025-01-08 04:45:00,3352.4,3354.59,3342.76,3352.25,2508.3543
2025-01-08 04:50:00,3352.25,3354.97,3343.43,3346.49,1427.9396
2025-01-08 04:55:00,3346.49,3350.0,3344.29,3348.12,1200.2317
2025-01-08 05:00:00,3348.12,3354.0,3343.03,3350.82,1498.3627
2025-01-08 05:05:00,3350.82,3354.17,3336.95,3342.54,2630.4767
2025-01-08 05:10:00,3342.54,3359.0,3341.61,3358.99,1286.7161
2025-01-08 05:15:00,3359.0,3368.03,3357.6,3367.24,1424.7662
2025-01-08 05:20:00,3367.24,3369.46,3362.66,3365.3,826.0996
2025-01-08 05:25:00,3365.29,3373.0,3365.29,3371.3,868.3519
2025-01-08 05:30:00,3371.32,3372.99,3366.48,3366.68,476.2828
2025-01-08 05:35:00,3366.68,3366.68,3362.0,3363.69,620.3338
2025-01-08 05:40:00,3363.68,3368.94,3363.27,3366.5,815.2019
2025-01-08 05:45:00,3366.5,3367.17,3363.51,3364.03,1116.7187
2025-01-08 05:50:00,3364.03,3364.93,3345.99,3349.44,6692.3695
2025-01-08 05:55:00,3349.44,3355.27,3344.47,3351.41,687.6504
2025-01-08 06:00:00,3351.41,3359.33,3350.88,3359.33,848.6126
2025-01-08 06:05:00,3359.32,3362.37,3350.33,3353.26,1266.1854
2025-01-08 06:10:00,3353.27,3354.79,3350.0,3353.65,1406.8586
2025-01-08 06:15:00,3353.64,3354.77,3336.47,3338.88,2526.9293
2025-01-08 06:20:00,3338.88,3346.75,3337.2,3341.24,1470.7337
2025-01-08 06:25:00,3341.24,3341.42,3335.07,3337.78,1482.1346
2025-01-08 06:30:00,3337.77,3342.22,3325.0,3337.44,6171.5424
2025-01-08 06:35:00,3337.45,3341.37,3314.17,3316.97,5269.0782
2025-01-08 06:40:00,3316.96,3332.92,3316.39,3328.35,3838.4872
2025-01-08 06:45:00,3328.35,3331.43,3320.0,3321.67,1426.228
2025-01-08 06:50:00,3321.67,3321.67,3309.0,3313.51,5967.1611
2025-01-08 06:55:00,3313.5,3316.64,3307.1,3308.77,3435.9227
2025-01-08 07:00:00,3308.77,3322.86,3306.41,3322.8,4055.5036
2025-01-08 07:05:00,3322.8,3330.33,3322.13,3330.3,1542.0838
2025-01-08 07:10:00,3330.31,3335.6,3328.0,3332.66,1357.2223
2025-01-08 07:15:00,3332.65,3332.7,3322.01,3330.11,1793.6918
2025-01-08 07:20:00,3330.1,3336.0,3330.1,3332.91,939.156
2025-01-08 07:25:00,3332.91,3340.18,3327.23,3337.51,2754.1649
2025-01-08 07:30:00,3337.51,3341.04,3334.52,3335.0,1319.1111
2025-01-08 07:35:00,3335.01,3340.45,3335.0,3340.44,662.0515
2025-01-08 07:40:00,3340.45,3345.94,3340.43,3342.75,2368.9389
2025-01-08 07:45:00,3342.74,3349.0,3340.8,3348.56,1432.9066
2025-01-08 07:50:00,3348.56,3359.0,3346.62,3357.5,4398.6349
2025-01-08 07:55:00,3357.49,3359.37,3353.64,3354.59,1164.9816
2025-01-08 08:00:00,3354.59,3361.51,3353.36,3355.83,1733.8475
2025-01-08 08:05:00,3355.83,3356.55,3351.01,3352.87,1615.0032
2025-01-08 08:10:00,3352.87,3365.0,3352.86,3362.92,4177.3008
2025-01-08 08:15:00,3362.91,3376.85,3361.14,3371.5,2277.4184
2025-01-08 08:20:00,3371.49,3373.13,3363.09,3366.16,1612.8414
2025-01-08 08:25:00,3366.15,3367.75,3364.11,3364.14,855.2955
2025-01-08 08:30:00,3364.14,3371.45,3362.48,3368.82,1586.014
2025-01-08 08:35:00,3368.83,3371.29,3367.65,3369.95,978.3272
2025-01-08 08:40:00,3369.96,3374.8,3369.96,3373.18,845.8982
2025-01-08 08:45:00,3373.19,3373.37,3368.62,3371.2,1083.5804
2025-01-08 08:50:00,3371.19,3372.08,3369.93,3370.13,509.161
2025-01-08 08:55:00,3370.13,3373.21,3365.38,3366.14,711.7904
2025-01-08 09:00:00,3366.13,3371.68,3363.17,3371.24,706.0359
2025-01-08 09:05:00,3371.25,3372.41,3367.19,3369.6,460.0773
2025-01-08 09:10:00,3369.61,3369.61,3363.69,3369.21,1048.3159
2025-01-08 09:15:00,3369.2,3374.21,3368.81,3373.09,978.9647
2025-01-08 09:20:00,3373.08,3374.28,3370.01,3370.02,376.308
2025-01-08 09:25:00,3370.03,3370.12,3366.16,3366.62,708.0383
2025-01-08 09:30:00,3366.62,3367.58,3355.69,3356.71,1864.4152
2025-01-08 09:35:00,3356.71,3361.11,3355.72,3358.35,1923.8984
2025-01-08 09:40:00,3358.35,3364.25,3356.76,3361.45,999.1139
2025-01-08 09:45:00,3361.46,3363.29,3358.75,3358.87,468.8661
2025-01-08 09:50:00,3358.87,3360.0,3354.5,3359.99,997.8262
2025-01-08 09:55:00,3359.99,3360.0,3346.2,3347.48,1032.3316
2025-01-08 10:00:00,3347.48,3354.32,3346.91,3353.17,749.0222
2025-01-08 10:05:00,3353.16,3358.15,3352.03,3357.92,496.7758
2025-01-08 10:10:00,3357.93,3357.93,3352.07,3355.0,663.3538
2025-01-08 10:15:00,3354.99,3363.73,3350.89,3360.34,971.9789
2025-01-08 10:20:00,3360.34,3365.02,3358.89,3364.52,749.1709
2025-01-08 10:25:00,3364.52,3373.32,3364.0,3372.93,1506.7892
2025-01-08 10:30:00,3372.93,3373.37,3358.95,3358.96,1468.5366
2025-01-08 10:35:00,3358.96,3365.32,3357.36,3364.47,617.3935
2025-01-08 10:40:00,3364.46,3365.23,3357.72,3357.85,990.6023
2025-01-08 10:45:00,3357.85,3358.64,3354.28,3357.25,613.8457
2025-01-08 10:50:00,3357.26,3360.74,3357.25,3359.53,217.6156
2025-01-08 10:55:00,3359.53,3363.83,3357.85,3362.45,339.1079
2025-01-08 11:00:00,3362.45,3367.81,3361.0,3365.51,751.1021
2025-01-08 11:05:00,3365.51,3366.91,3357.62,3359.32,485.3272
2025-01-08 11:10:00,3359.29,3359.35,3350.01,3352.17,712.7594
2025-01-08 11:15:00,3352.18,3355.5,3350.69,3353.41,464.4193
2025-01-08 11:20:00,3353.41,3354.04,3349.39,3352.06,670.1637
2025-01-08 11:25:00,3352.07,3352.56,3347.25,3350.37,737.1122
2025-01-08 11:30:00,3350.36,3351.67,3323.0,3327.34,3338.1277
2025-01-08 11:35:00,3327.34,3337.24,3325.26,3327.64,2946.2992
2025-01-08 11:40:00,3327.64,3344.5,3326.0,3341.11,2711.5194
2025-01-08 11:45:00,3341.17,3352.5,3340.62,3349.59,2666.5361
2025-01-08 11:50:00,3349.6,3356.07,3347.73,3347.85,761.9466
2025-01-08 11:55:00,3347.85,3350.87,3347.65,3349.79,927.1814
2025-01-08 12:00:00,3349.78,3356.08,3344.36,3351.99,1356.7023
2025-01-08 12:05:00,3351.99,3359.75,3351.22,3357.14,842.4664
2025-01-08 12:10:00,3357.12,3360.91,3352.63,3356.49,1155.1586
2025-01-08 12:15:00,3356.48,3358.95,3352.58,3352.78,718.4498
2025-01-08 12:20:00,3352.77,3358.91,3350.06,3350.5,843.9837
2025-01-08 12:25:00,3350.51,3354.76,3346.51,3352.39,799.0195
2025-01-08 12:30:00,3352.4,3352.51,3343.01,3344.23,837.0035
2025-01-08 12:35:00,3344.24,3355.63,3343.35,3350.65,676.3354
2025-01-08 12:40:00,3350.66,3355.0,3349.17,3350.78,631.2824
2025-01-08 12:45:00,3350.79,3352.89,3341.17,3346.84,959.5307
2025-01-08 12:50:00,3346.84,3351.51,3342.1,3342.21,999.6158
2025-01-08 12:55:00,3342.21,3344.0,3338.83,3339.62,1199.6081
2025-01-08 13:00:00,3339.61,3365.59,3339.61,3365.1,2925.0742
2025-01-08 13:05:00,3365.1,3366.17,3353.24,3355.54,2308.4324
2025-01-08 13:10:00,3355.54,3359.37,3352.24,3357.28,657.1113
2025-01-08 13:15:00,3357.28,3365.3,3355.0,3357.0,1200.5966
2025-01-08 13:20:00,3357.0,3364.4,3354.11,3364.4,1133.6964
2025-01-08 13:25:00,3364.45,3366.54,3361.18,3361.63,2748.7856
2025-01-08 13:30:00,3361.62,3364.51,3352.6,3355.1,3625.8253
2025-01-08 13:35:00,3355.11,3362.56,3355.1,3356.11,1474.243
2025-01-08 13:40:00,3356.11,3363.1,3353.53,3358.89,885.2282
2025-01-08 13:45:00,3358.89,3361.66,3355.0,3361.59,679.3331
2025-01-08 13:50:00,3361.59,3366.22,3355.31,3360.06,776.942
2025-01-08 13:55:00,3360.06,3363.29,3358.25,3358.25,3037.3305
2025-01-08 14:00:00,3358.25,3368.22,3356.08,3365.55,8506.0142
2025-01-08 14:05:00,3365.55,3368.98,3355.31,3357.03,4011.5591
2025-01-08 14:10:00,3357.02,3359.27,3352.4,3355.24,1142.9188
2025-01-08 14:15:00,3355.24,3365.0,3355.24,3361.22,1225.059
2025-01-08 14:20:00,3361.22,3363.29,3357.37,3358.19,924.3447
2025-01-08 14:25:00,3358.19,3365.06,3358.19,3361.64,796.8901
2025-01-08 14:30:00,3361.64,3379.0,3347.66,3378.16,4214.1468
2025-01-08 14:35:00,3378.17,3381.6,3354.81,3354.82,4527.9921
2025-01-08 14:40:00,3354.82,3362.5,3351.07,3362.5,2585.5242
2025-01-08 14:45:00,3362.5,3368.39,3349.2,3362.02,3967.2916
2025-01-08 14:50:00,3362.03,3371.91,3357.05,3362.57,2750.5687
2025-01-08 14:55:00,3362.57,3371.29,3361.5,3369.53,1640.7832
2025-01-08 15:00:00,3369.54,3383.06,3366.57,3380.78,3316.6178
2025-01-08 15:05:00,3380.77,3386.36,3375.14,3378.45,2842.9649
2025-01-08 15:10:00,3378.45,3380.4,3354.24,3355.35,3640.3167
2025-01-08 15:15:00,3355.36,3360.0,3342.03,3357.06,2841.4621
2025-01-08 15:20:00,3357.08,3357.46,3340.9,3351.52,2060.944
2025-01-08 15:25:00,3351.53,3356.25,3344.47,3346.87,1342.0355
2025-01-08 15:30:00,3346.87,3350.36,3333.82,3339.59,4220.8967
2025-01-08 15:35:00,3339.6,3353.83,3339.46,3342.09,7103.9868
2025-01-08 15:40:00,3342.09,3343.95,3332.55,3338.42,3671.7467
2025-01-08 15:45:00,3338.27,3342.58,3333.63,3338.32,2147.8242
2025-01-08 15:50:00,3338.33,3349.7,3334.01,3343.2,4548.4048
2025-01-08 15:55:00,3343.2,3347.23,3340.0,3346.73,3963.5055
2025-01-08 16:00:00,3346.72,3347.4,3335.0,3336.86,2803.1282
2025-01-08 16:05:00,3336.85,3341.83,3326.46,3339.08,2947.4242
2025-01-08 16:10:00,3339.07,3344.5,3333.61,3336.62,908.3612
2025-01-08 16:15:00,3336.61,3339.0,3329.74,3339.0,1196.4625
2025-01-08 16:20:00,3338.99,3347.68,3338.99,3342.41,3375.1678
2025-01-08 16:25:00,3342.41,3343.79,3331.17,3333.79,1200.2802
2025-01-08 16:30:00,3333.79,3339.09,3331.17,3335.86,1062.3577
2025-01-08 16:35:00,3335.86,3342.76,3330.0,3338.76,1396.4933
2025-01-08 16:40:00,3338.77,3339.0,3324.0,3329.96,2126.0345
2025-01-08 16:45:00,3329.96,3331.4,3316.0,3319.36,3607.5099
2025-01-08 16:50:00,3319.36,3320.44,3311.71,3316.88,3656.7893
2025-01-08 16:55:00,3316.88,3319.92,3312.0,3314.03,2281.8083
2025-01-08 17:00:00,3314.03,3320.1,3278.17,3289.41,12995.0827
2025-01-08 17:05:00,3289.4,3289.4,3271.8,3280.71,15959.3729
2025-01-08 17:10:00,3280.67,3289.4,3256.29,3258.1,12590.7269
2025-01-08 17:15:00,3258.13,3273.35,3253.02,3260.2,11489.2433
2025-01-08 17:20:00,3260.2,3261.44,3232.19,3232.98,12000.0845
2025-01-08 17:25:00,3232.89,3245.0,3226.72,3232.99,8208.9521
2025-01-08 17:30:00,3232.99,3247.65,3214.21,3227.69,12859.7357
2025-01-08 17:35:00,3227.69,3240.98,3208.2,3227.83,8553.5163
2025-01-08 17:40:00,3227.83,3245.58,3225.0,3240.94,9233.4869
2025-01-08 17:45:00,3240.93,3254.23,3235.51,3242.3,3892.1758
2025-01-08 17:50:00,3242.3,3253.5,3237.72,3252.37,3495.0906
2025-01-08 17:55:00,3252.37,3265.57,3250.17,3263.06,2914.6767
2025-01-08 18:00:00,3263.06,3293.99,3260.0,3291.84,5783.2297
2025-01-08 18:05:00,3291.84,3295.67,3283.12,3294.94,4790.8167
2025-01-08 18:10:00,3294.94,3306.0,3294.5,3299.6,3798.1375
2025-01-08 18:15:00,3299.51,3313.36,3298.63,3312.56,2402.0319
2025-01-08 18:20:00,3312.57,3318.49,3307.07,3316.5,1579.1418
2025-01-08 18:25:00,3316.5,3330.98,3315.66,3325.72,4211.8016
2025-01-08 18:30:00,3325.72,3325.99,3304.05,3306.0,4202.7781
2025-01-08 18:35:00,3306.0,3311.83,3304.52,3306.23,881.1347
2025-01-08 18:40:00,3306.23,3306.44,3289.5,3293.03,1901.2714
2025-01-08 18:45:00,3293.04,3293.43,3277.91,3280.49,1830.5243
2025-01-08 18:50:00,3280.49,3282.76,3262.78,3264.27,3564.8799
2025-01-08 18:55:00,3264.27,3285.41,3259.1,3282.83,4093.3509
2025-01-08 19:00:00,3282.84,3292.8,3272.05,3285.4,3560.5893
2025-01-08 19:05:00,3285.4,3306.61,3282.17,3306.15,2933.3982
2025-01-08 19:10:00,3306.14,3309.61,3287.01,3288.81,2811.6396
2025-01-08 19:15:00,3288.81,3305.99,3288.0,3298.63,2330.9092
2025-01-08 19:20:00,3298.63,3303.5,3292.07,3301.99,1346.393
2025-01-08 19:25:00,3301.99,3310.0,3297.53,3304.66,1294.3358
2025-01-08 19:30:00,3304.65,3304.65,3284.96,3286.53,1430.7249
2025-01-08 19:35:00,3286.53,3289.87,3282.05,3282.56,1757.2916
2025-01-08 19:40:00,3282.55,3283.89,3275.0,3279.5,1681.5293
2025-01-08 19:45:00,3279.49,3289.33,3276.28,3286.89,1173.6777
2025-01-08 19:50:00,3286.9,3293.29,3279.5,3280.68,1498.7881
2025-01-08 19:55:00,3280.69,3285.78,3278.4,3280.68,990.123
2025-01-08 20:00:00,3280.68,3288.2,3277.2,3286.46,1084.9002
2025-01-08 20:05:00,3286.46,3288.37,3269.03,3271.12,1553.3846
2025-01-08 20:10:00,3271.12,3274.39,3267.18,3267.71,1047.1552
2025-01-08 20:15:00,3267.68,3280.25,3266.08,3276.42,1494.2608
2025-01-08 20:20:00,3276.4,3282.81,3276.4,3281.78,561.4442
2025-01-08 20:25:00,3281.78,3283.48,3277.9,3281.53,612.6537
2025-01-08 20:30:00,3281.53,3289.4,3279.18,3281.79,740.3397
2025-01-08 20:35:00,3281.8,3284.11,3276.64,3280.99,1387.9134
2025-01-08 20:40:00,3280.98,3291.0,3278.71,3288.64,519.283
2025-01-08 20:45:00,3288.64,3290.93,3283.6,3283.69,665.7023
2025-01-08 20:50:00,3283.69,3292.14,3282.08,3288.61,973.0669
2025-01-08 20:55:00,3288.57,3291.42,3280.52,3285.68,1089.1735
2025-01-08 21:00:00,3285.68,3291.56,3281.79,3290.57,650.7419
2025-01-08 21:05:00,3290.57,3293.57,3277.31,3283.59,836.4537
2025-01-08 21:10:00,3283.59,3284.77,3277.68,3277.82,753.9443
2025-01-08 21:15:00,3277.72,3282.12,3270.0,3280.08,1341.7528
2025-01-08 21:20:00,3280.07,3289.28,3279.93,3289.28,834.7106
2025-01-08 21:25:00,3289.28,3298.0,3286.0,3286.0,1250.3346
2025-01-08 21:30:00,3286.0,3290.93,3280.9,3288.89,1372.9776
2025-01-08 21:35:00,3288.96,3296.0,3285.02,3290.0,1188.933
2025-01-08 21:40:00,3290.0,3305.31,3289.55,3301.18,1955.6238
2025-01-08 21:45:00,3301.16,3302.37,3292.61,3301.5,2594.5892
2025-01-08 21:50:00,3301.55,3302.76,3300.0,3300.54,1336.8919
2025-01-08 21:55:00,3300.55,3303.19,3298.53,3299.35,1296.6471
2025-01-08 22:00:00,3299.35,3302.52,3299.01,3302.49,609.2952
2025-01-08 22:05:00,3302.5,3315.0,3302.03,3314.18,1574.8062
2025-01-08 22:10:00,3314.2,3320.0,3313.05,3313.34,1634.6399
2025-01-08 22:15:00,3313.34,3315.0,3306.2,3311.44,675.9866
2025-01-08 22:20:00,3311.45,3321.6,3311.26,3321.59,1139.3819
2025-01-08 22:25:00,3321.59,3321.73,3312.4,3314.54,1905.0037
2025-01-08 22:30:00,3314.54,3319.97,3313.03,3319.97,588.9532
2025-01-08 22:35:00,3319.97,3324.26,3319.62,3322.93,733.0535
2025-01-08 22:40:00,3322.93,3332.97,3322.93,3332.26,1918.2042
2025-01-08 22:45:00,3332.25,3332.96,3323.51,3324.37,1015.5825
2025-01-08 22:50:00,3324.36,3326.37,3320.04,3326.36,749.4369
2025-01-08 22:55:00,3326.36,3334.15,3326.36,3333.14,571.3414
2025-01-08 23:00:00,3333.13,3333.14,3319.15,3319.52,822.3774
2025-01-08 23:05:00,3319.51,3323.35,3319.4,3321.43,636.1604
2025-01-08 23:10:00,3321.43,3324.11,3320.16,3321.21,641.3087
2025-01-08 23:15:00,3321.21,3325.12,3321.0,3321.37,421.8585
2025-01-08 23:20:00,3321.38,3326.5,3321.38,3325.11,428.1262
2025-01-08 23:25:00,3325.12,3326.99,3324.15,3324.15,315.0099
2025-01-08 23:30:00,3324.15,3324.55,3316.67,3319.58,530.3009
2025-01-08 23:35:00,3319.59,3330.0,3319.58,3328.92,834.583
2025-01-08 23:40:00,3328.93,3330.51,3324.61,3330.5,504.1687
2025-01-08 23:45:00,3330.51,3334.8,3330.16,3330.16,560.5378
2025-01-08 23:50:00,3330.16,3331.38,3326.43,3326.73,371.3163
2025-01-08 23:55:00,3326.71,3327.76,3325.75,3327.29,346.5244
2025-01-09 00:00:00,3327.29,3327.56,3321.63,3321.63,611.3039
2025-01-09 00:05:00,3321.64,3328.73,3321.63,3324.51,328.3052
2025-01-09 00:10:00,3324.5,3333.0,3324.5,3330.16,831.5995
2025-01-09 00:15:00,3330.15,3333.39,3326.23,3333.12,721.5068
2025-01-09 00:20:00,3333.11,3333.11,3322.01,3323.2,518.0159
2025-01-09 00:25:00,3323.2,3323.99,3320.99,3323.55,462.5857
2025-01-09 00:30:00,3323.55,3329.14,3322.21,3322.21,554.856
2025-01-09 00:35:00,3322.22,3323.1,3318.21,3320.23,756.6765
2025-01-09 00:40:00,3320.24,3326.56,3319.51,3326.56,659.8052
2025-01-09 00:45:00,3326.56,3330.96,3325.7,3330.92,392.749
2025-01-09 00:50:00,3330.92,3339.0,3330.28,3337.21,810.2159
2025-01-09 00:55:00,3337.2,3343.2,3336.0,3342.2,933.7103
2025-01-09 01:00:00,3342.2,3348.4,3341.27,3344.7,1709.0278
2025-01-09 01:05:00,3344.71,3349.0,3337.89,3339.23,937.4865
2025-01-09 01:10:00,3339.22,3340.19,3335.54,3339.55,545.3546
2025-01-09 01:15:00,3339.55,3346.98,3339.55,3345.6,770.909
2025-01-09 01:20:00,3345.52,3354.23,3345.52,3353.88,1017.3865
2025-01-09 01:25:00,3353.88,3356.26,3349.96,3353.0,848.4834
2025-01-09 01:30:00,3353.01,3357.0,3347.13,3355.91,812.7094
2025-01-09 01:35:00,3355.92,3357.27,3351.91,3352.8,931.4425
2025-01-09 01:40:00,3352.8,3357.27,3352.1,3353.25,750.589
2025-01-09 01:45:00,3353.25,3353.25,3346.0,3349.56,684.6309
2025-01-09 01:50:00,3349.55,3351.24,3347.59,3349.58,389.4946
2025-01-09 01:55:00,3349.59,3349.6,3345.2,3345.96,322.7014
2025-01-09 02:00:00,3345.96,3351.22,3345.63,3348.39,901.968
2025-01-09 02:05:00,3348.38,3348.38,3312.5,3317.95,7167.8141
2025-01-09 02:10:00,3317.95,3333.93,3306.5,3329.52,7469.5674
2025-01-09 02:15:00,3329.52,3343.57,3328.21,3334.16,2339.4257
2025-01-09 02:20:00,3334.15,3342.7,3333.02,3334.62,1497.4779
2025-01-09 02:25:00,3334.57,3337.17,3327.66,3336.22,755.8428
2025-01-09 02:30:00,3336.22,3338.48,3324.97,3330.13,1406.8662
2025-01-09 02:35:00,3330.14,3335.79,3328.18,3331.9,635.9027
2025-01-09 02:40:00,3331.91,3344.44,3331.21,3344.44,1226.8861
2025-01-09 02:45:00,3344.43,3346.0,3338.01,3339.7,741.6536
2025-01-09 02:50:00,3339.7,3342.78,3338.62,3340.45,352.1932
2025-01-09 02:55:00,3340.45,3341.69,3336.97,3341.18,546.9637
2025-01-09 03:00:00,3341.19,3342.49,3329.57,3329.62,733.178
2025-01-09 03:05:00,3329.63,3329.63,3321.29,3326.82,2112.1591
2025-01-09 03:10:00,3326.82,3327.5,3322.33,3325.81,606.0772
2025-01-09 03:15:00,3325.81,3331.98,3324.4,3330.74,405.0168
2025-01-09 03:20:00,3330.69,3333.0,3329.21,3329.63,331.9073
2025-01-09 03:25:00,3329.63,3329.63,3322.82,3323.51,478.3844
2025-01-09 03:30:00,3323.5,3324.28,3317.19,3323.52,839.2461
2025-01-09 03:35:00,3323.52,3325.49,3320.73,3325.23,559.5154
2025-01-09 03:40:00,3325.22,3326.9,3322.2,3322.42,680.9837
2025-01-09 03:45:00,3322.42,3329.49,3321.2,3326.58,1926.0498
2025-01-09 03:50:00,3326.57,3326.8,3321.06,3326.79,685.3424
2025-01-09 03:55:00,3326.79,3326.85,3324.5,3324.74,526.549
2025-01-09 04:00:00,3324.71,3327.5,3322.32,3322.33,624.3307
2025-01-09 04:05:00,3322.33,3324.73,3320.65,3321.76,392.0245
2025-01-09 04:10:00,3321.79,3322.52,3312.95,3314.1,2333.2683
2025-01-09 04:15:00,3314.1,3318.38,3312.13,3316.5,824.8289
2025-01-09 04:20:00,3316.53,3321.0,3315.08,3318.98,463.4837
2025-01-09 04:25:00,3318.98,3322.44,3318.5,3320.71,911.4424
2025-01-09 04:30:00,3320.71,3327.0,3320.71,3324.15,555.4794
2025-01-09 04:35:00,3324.16,3330.99,3320.0,3330.94,537.2127
2025-01-09 04:40:00,3330.95,3333.15,3329.36,3331.42,395.4079
2025-01-09 04:45:00,3331.42,3336.93,3327.48,3328.6,631.4169
2025-01-09 04:50:00,3328.6,3331.73,3328.22,3331.73,376.2932
2025-01-09 04:55:00,3331.73,3343.23,3331.73,3340.3,1246.3728
2025-01-09 05:00:00,3340.3,3342.05,3335.05,3335.24,660.3456
2025-01-09 05:05:00,3335.21,3343.0,3334.64,3341.62,2028.3586
2025-01-09 05:10:00,3341.62,3343.36,3334.24,3337.32,1064.9079
2025-01-09 05:15:00,3337.32,3339.4,3333.69,3335.77,1463.9623
2025-01-09 05:20:00,3335.76,3338.77,3334.6,3336.95,377.6208
2025-01-09 05:25:00,3336.95,3341.88,3336.21,3338.5,250.6662
2025-01-09 05:30:00,3338.5,3339.48,3335.22,3336.9,284.7669
2025-01-09 05:35:00,3336.9,3337.17,3330.0,3331.36,598.5896
2025-01-09 05:40:00,3331.35,3334.13,3327.24,3328.91,1245.3388
2025-01-09 05:45:00,3328.91,3331.0,3325.06,3327.35,313.227
2025-01-09 05:50:00,3327.35,3333.86,3326.08,3330.63,460.5033
2025-01-09 05:55:00,3330.64,3331.11,3328.01,3328.87,205.6315
2025-01-09 06:00:00,3328.86,3330.13,3324.16,3325.76,1172.4895
2025-01-09 06:05:00,3325.76,3328.48,3322.21,3326.08,486.0812
2025-01-09 06:10:00,3326.08,3328.42,3322.68,3328.42,781.3469
2025-01-09 06:15:00,3328.42,3334.99,3328.42,3332.41,1130.9304
2025-01-09 06:20:00,3332.41,3332.41,3323.46,3325.66,1006.979
2025-01-09 06:25:00,3325.66,3326.75,3324.02,3326.75,230.0492
2025-01-09 06:30:00,3326.74,3328.76,3325.53,3326.82,302.4668
2025-01-09 06:35:00,3326.82,3326.82,3321.56,3321.64,317.1681
2025-01-09 06:40:00,3321.64,3324.0,3320.54,3323.74,689.8275
2025-01-09 06:45:00,3323.75,3325.38,3320.01,3320.02,1572.6906
2025-01-09 06:50:00,3320.01,3323.1,3317.41,3318.54,954.9899
2025-01-09 06:55:00,3318.54,3319.0,3315.26,3316.21,567.1147
2025-01-09 07:00:00,3316.21,3322.38,3314.63,3322.37,710.472
2025-01-09 07:05:00,3322.37,3324.43,3317.0,3319.48,671.4875
2025-01-09 07:10:00,3319.48,3321.9,3317.0,3318.08,419.9688
2025-01-09 07:15:00,3318.09,3319.09,3308.0,3309.77,1086.4713
2025-01-09 07:20:00,3309.76,3310.0,3303.39,3306.99,1450.6432
2025-01-09 07:25:00,3306.99,3309.57,3295.3,3295.7,3639.9674
2025-01-09 07:30:00,3295.71,3300.36,3285.25,3286.57,4001.5215
2025-01-09 07:35:00,3286.58,3298.71,3281.96,3298.71,2885.9679
2025-01-09 07:40:00,3298.71,3301.0,3291.08,3295.85,1565.8362
2025-01-09 07:45:00,3295.85,3299.0,3286.68,3294.09,1304.8667
2025-01-09 07:50:00,3294.09,3295.3,3287.83,3288.41,1167.2021
2025-01-09 07:55:00,3288.4,3294.54,3287.5,3288.71,2516.547
2025-01-09 08:00:00,3288.71,3295.72,3287.08,3292.71,2088.4051
2025-01-09 08:05:00,3292.7,3293.44,3265.77,3283.78,5916.9744
2025-01-09 08:10:00,3283.78,3289.77,3272.99,3276.94,2559.6106
2025-01-09 08:15:00,3276.95,3289.48,3274.6,3285.41,2129.5253
2025-01-09 08:20:00,3285.41,3287.73,3279.0,3287.34,1424.0923
2025-01-09 08:25:00,3287.34,3290.5,3285.32,3285.32,957.8074
2025-01-09 08:30:00,3285.33,3296.88,3278.11,3295.05,2494.9175
2025-01-09 08:35:00,3295.05,3327.2,3293.5,3323.4,5043.4564
2025-01-09 08:40:00,3323.39,3326.38,3316.68,3318.54,1614.3272
2025-01-09 08:45:00,3318.55,3318.55,3303.71,3305.93,2571.0893
2025-01-09 08:50:00,3305.93,3314.03,3305.93,3311.41,874.318
2025-01-09 08:55:00,3311.4,3311.4,3302.7,3309.91,1323.4808
2025-01-09 09:00:00,3309.92,3314.45,3306.93,3314.26,613.2803
2025-01-09 09:05:00,3314.26,3325.96,3314.25,3324.01,2165.2134
2025-01-09 09:10:00,3324.01,3324.01,3314.75,3316.71,1415.1206
2025-01-09 09:15:00,3316.71,3327.75,3316.49,3323.38,1184.5557
2025-01-09 09:20:00,3323.38,3326.73,3320.56,3322.81,1062.468
2025-01-09 09:25:00,3322.8,3322.81,3316.52,3317.34,1830.6054
2025-01-09 09:30:00,3317.35,3320.4,3315.81,3320.12,361.7099
2025-01-09 09:35:00,3320.12,3324.69,3317.81,3322.61,639.0866
2025-01-09 09:40:00,3322.62,3324.68,3318.63,3319.0,1163.4714
2025-01-09 09:45:00,3319.0,3319.0,3314.21,3317.37,1205.689
2025-01-09 09:50:00,3317.38,3323.36,3315.87,3316.17,1213.9993
2025-01-09 09:55:00,3316.16,3319.75,3316.0,3318.1,330.7135
2025-01-09 10:00:00,3318.11,3321.74,3316.17,3319.92,837.4079
2025-01-09 10:05:00,3319.92,3321.95,3314.46,3319.49,318.8435
2025-01-09 10:10:00,3319.5,3322.11,3318.44,3318.95,613.6535
2025-01-09 10:15:00,3318.95,3318.95,3306.67,3308.75,659.2628
2025-01-09 10:20:00,3308.75,3309.36,3301.99,3306.97,2922.4013
2025-01-09 10:25:00,3306.97,3307.78,3298.97,3302.09,1625.565
2025-01-09 10:30:00,3302.08,3302.08,3284.88,3285.62,2098.3707
2025-01-09 10:35:00,3285.62,3306.46,3285.62,3303.75,2209.0575
2025-01-09 10:40:00,3303.62,3306.89,3297.92,3300.61,828.0626
2025-01-09 10:45:00,3300.61,3304.8,3295.42,3304.72,1382.007
2025-01-09 10:50:00,3304.71,3313.2,3303.83,3311.01,1061.3526
2025-01-09 10:55:00,3311.01,3313.71,3310.26,3311.56,2192.1174
2025-01-09 11:00:00,3311.57,3313.73,3305.21,3313.73,731.0122
2025-01-09 11:05:00,3313.74,3318.09,3310.28,3314.2,857.4276
2025-01-09 11:10:00,3314.21,3319.13,3314.12,3315.95,770.09
2025-01-09 11:15:00,3315.95,3320.19,3315.21,3320.19,461.6346
2025-01-09 11:20:00,3320.19,3326.72,3316.01,3316.94,1086.3036
2025-01-09 11:25:00,3316.95,3320.0,3314.28,3315.61,510.6447
2025-01-09 11:30:00,3315.61,3317.72,3312.33,3312.84,524.8123
2025-01-09 11:35:00,3312.84,3313.65,3297.6,3301.34,1361.4309
2025-01-09 11:40:00,3301.35,3305.66,3293.5,3301.7,1038.3247
2025-01-09 11:45:00,3301.71,3303.89,3296.94,3299.39,857.4898
2025-01-09 11:50:00,3299.39,3305.0,3299.39,3302.02,718.081
2025-01-09 11:55:00,3302.01,3305.37,3300.0,3301.41,560.6753
2025-01-09 12:00:00,3301.41,3304.5,3297.0,3298.7,875.0534
2025-01-09 12:05:00,3298.7,3299.53,3293.5,3298.79,775.9326
2025-01-09 12:10:00,3298.8,3308.04,3298.8,3306.98,917.0414
2025-01-09 12:15:00,3306.98,3307.4,3300.0,3305.71,1020.2559
2025-01-09 12:20:00,3305.7,3310.31,3304.98,3308.79,670.7673
2025-01-09 12:25:00,3308.79,3309.99,3304.21,3305.52,702.7408
2025-01-09 12:30:00,3305.53,3308.94,3301.02,3302.86,613.5434
2025-01-09 12:35:00,3302.86,3305.65,3294.04,3295.59,809.5311
2025-01-09 12:40:00,3295.6,3295.6,3287.34,3288.6,1193.7302
2025-01-09 12:45:00,3288.6,3292.67,3280.86,3290.91,1559.559
2025-01-09 12:50:00,3290.91,3295.0,3290.91,3292.03,546.8195
2025-01-09 12:55:00,3292.04,3296.23,3290.32,3296.2,525.6023
2025-01-09 13:00:00,3296.21,3298.99,3289.25,3289.26,525.2648
2025-01-09 13:05:00,3289.25,3291.94,3286.2,3290.0,910.2199
2025-01-09 13:10:00,3290.0,3290.56,3280.73,3281.0,1427.498
2025-01-09 13:15:00,3280.99,3288.66,3277.34,3284.25,1599.818
2025-01-09 13:20:00,3284.24,3285.49,3275.08,3284.25,2036.2612
2025-01-09 13:25:00,3284.24,3290.34,3283.39,3287.67,1210.3033
2025-01-09 13:30:00,3287.63,3288.8,3269.2,3270.4,2213.1344
2025-01-09 13:35:00,3270.4,3273.11,3247.19,3254.21,10333.5234
2025-01-09 13:40:00,3254.21,3261.5,3246.77,3252.96,3636.3622
2025-01-09 13:45:00,3252.98,3256.92,3235.6,3244.45,5815.0874
2025-01-09 13:50:00,3244.45,3244.45,3224.84,3241.62,8062.4833
2025-01-09 13:55:00,3241.62,3247.53,3213.0,3221.04,7257.4697
2025-01-09 14:00:00,3221.04,3232.8,3212.64,3212.64,4714.5728
2025-01-09 14:05:00,3212.65,3231.5,3210.28,3228.31,6444.7945
2025-01-09 14:10:00,3228.31,3248.0,3228.31,3241.4,6530.9712
2025-01-09 14:15:00,3241.4,3253.2,3240.78,3248.43,2474.322
2025-01-09 14:20:00,3248.42,3252.59,3230.52,3232.04,2566.2013
2025-01-09 14:25:00,3232.05,3240.63,3227.81,3238.57,4058.424
2025-01-09 14:30:00,3238.57,3251.32,3236.65,3247.01,1418.1593
2025-01-09 14:35:00,3247.01,3247.28,3233.74,3240.51,2992.2051
2025-01-09 14:40:00,3240.5,3242.47,3231.04,3233.4,4777.7481
2025-01-09 14:45:00,3233.41,3244.81,3232.28,3234.0,2766.4901
2025-01-09 14:50:00,3233.99,3242.56,3232.0,3240.7,1449.7938
2025-01-09 14:55:00,3240.69,3251.74,3239.21,3251.3,1518.8391
2025-01-09 15:00:00,3251.3,3256.8,3244.29,3252.12,2838.5282
2025-01-09 15:05:00,3252.12,3252.12,3245.4,3248.49,866.4664
2025-01-09 15:10:00,3248.49,3256.0,3248.05,3256.0,1034.6106
2025-01-09 15:15:00,3256.0,3276.4,3255.99,3272.33,2994.3282
2025-01-09 15:20:00,3272.33,3279.73,3269.98,3273.62,2267.7548
2025-01-09 15:25:00,3273.61,3291.42,3270.83,3290.53,3283.9189
2025-01-09 15:30:00,3290.53,3305.0,3286.62,3301.86,3686.8751
2025-01-09 15:35:00,3301.79,3303.45,3293.16,3299.7,2334.3269
2025-01-09 15:40:00,3299.75,3302.8,3296.32,3302.8,2046.7495
2025-01-09 15:45:00,3302.79,3314.45,3300.47,3313.0,2670.8779
2025-01-09 15:50:00,3312.99,3337.0,3312.65,3333.17,6353.8206
2025-01-09 15:55:00,3333.18,3333.18,3318.65,3320.58,2167.1208
2025-01-09 16:00:00,3320.57,3325.92,3317.25,3320.42,2378.0246
2025-01-09 16:05:00,3320.41,3327.91,3320.32,3325.04,2388.7308
2025-01-09 16:10:00,3325.01,3327.12,3319.42,3319.6,2089.6151
2025-01-09 16:15:00,3319.6,3319.6,3306.58,3311.75,3378.525
2025-01-09 16:20:00,3311.76,3312.0,3297.6,3300.82,2422.7973
2025-01-09 16:25:00,3300.83,3301.43,3289.51,3298.5,2861.1223
2025-01-09 16:30:00,3298.49,3299.0,3288.01,3293.76,1888.1116
2025-01-09 16:35:00,3293.77,3300.74,3290.6,3300.01,939.4018
2025-01-09 16:40:00,3300.0,3305.55,3294.97,3303.51,1032.2235
2025-01-09 16:45:00,3303.5,3306.63,3300.0,3304.73,1613.5375
2025-01-09 16:50:00,3304.74,3312.67,3304.74,3310.92,1562.5855
2025-01-09 16:55:00,3310.92,3312.0,3300.01,3302.76,1835.9837
2025-01-09 17:00:00,3302.75,3304.4,3293.5,3295.49,2195.9623
2025-01-09 17:05:00,3295.5,3300.57,3292.08,3292.25,1016.8985
2025-01-09 17:10:00,3292.25,3296.51,3289.0,3290.63,1278.7588
2025-01-09 17:15:00,3290.64,3293.54,3274.97,3283.16,2365.2239
2025-01-09 17:20:00,3283.17,3285.13,3271.98,3276.72,1308.3559
2025-01-09 17:25:00,3276.71,3289.15,3276.06,3287.3,918.0557
2025-01-09 17:30:00,3287.31,3288.15,3273.44,3273.44,1087.7765
2025-01-09 17:35:00,3273.44,3274.88,3267.39,3274.01,2286.5258
2025-01-09 17:40:00,3274.01,3276.7,3271.42,3273.0,838.539
2025-01-09 17:45:00,3273.0,3273.0,3248.5,3251.76,3383.1971
2025-01-09 17:50:00,3251.76,3251.84,3235.8,3240.44,6433.1527
2025-01-09 17:55:00,3240.44,3256.49,3240.44,3250.48,2277.6168
2025-01-09 18:00:00,3250.46,3262.96,3245.63,3258.13,2117.4088
2025-01-09 18:05:00,3258.13,3262.03,3249.12,3259.89,2181.7529
2025-01-09 18:10:00,3259.89,3263.15,3253.22,3260.66,1283.5966
2025-01-09 18:15:00,3260.66,3263.5,3248.56,3250.07,1039.799
2025-01-09 18:20:00,3250.08,3260.99,3246.02,3260.8,1247.2003
2025-01-09 18:25:00,3260.8,3260.8,3251.6,3255.41,801.2551
2025-01-09 18:30:00,3255.41,3266.64,3251.0,3265.01,1343.3764
2025-01-09 18:35:00,3265.01,3270.35,3263.69,3263.91,1373.6449
2025-01-09 18:40:00,3263.91,3264.87,3260.07,3263.01,525.6037
2025-01-09 18:45:00,3263.01,3267.94,3260.8,3265.12,741.1544
2025-01-09 18:50:00,3265.11,3265.25,3255.41,3262.39,1090.2135
2025-01-09 18:55:00,3262.4,3265.34,3259.87,3260.16,842.1525
2025-01-09 19:00:00,3260.17,3260.4,3250.38,3252.64,1193.8001
2025-01-09 19:05:00,3252.64,3264.0,3252.63,3263.47,628.9405
2025-01-09 19:10:00,3263.47,3268.79,3263.47,3266.0,689.8875
2025-01-09 19:15:00,3266.0,3268.0,3259.28,3260.51,959.1191
2025-01-09 19:20:00,3260.51,3260.7,3243.6,3246.08,1411.3113
2025-01-09 19:25:00,3246.08,3247.2,3238.87,3244.69,1149.2201
2025-01-09 19:30:00,3244.7,3253.28,3244.4,3250.1,1011.0212
2025-01-09 19:35:00,3250.11,3251.35,3234.8,3241.25,2419.1147
2025-01-09 19:40:00,3241.25,3241.85,3229.45,3229.46,1558.1857
2025-01-09 19:45:00,3229.46,3234.65,3218.95,3221.22,3872.6213
2025-01-09 19:50:00,3221.22,3225.56,3216.53,3220.41,2447.088
2025-01-09 19:55:00,3220.4,3229.6,3190.82,3195.63,19613.0026
2025-01-09 20:00:00,3195.63,3211.8,3194.32,3198.81,7222.3275
2025-01-09 20:05:00,3198.8,3214.4,3194.04,3195.09,3058.0687
2025-01-09 20:10:00,3195.08,3198.63,3166.0,3179.54,12761.9659
2025-01-09 20:15:00,3179.54,3188.11,3162.32,3169.57,5335.1883
2025-01-09 20:20:00,3169.58,3170.81,3158.0,3169.06,6847.5462
2025-01-09 20:25:00,3169.06,3184.87,3168.4,3179.66,3449.3181
2025-01-09 20:30:00,3179.74,3193.89,3176.94,3187.2,3343.1891
2025-01-09 20:35:00,3187.2,3189.98,3170.73,3178.02,2989.7333
2025-01-09 20:40:00,3178.02,3195.29,3176.6,3193.28,3332.3962
2025-01-09 20:45:00,3193.28,3202.11,3191.03,3197.04,2310.8614
2025-01-09 20:50:00,3197.04,3198.24,3182.85,3191.79,1788.3336
2025-01-09 20:55:00,3191.79,3203.89,3190.0,3195.55,2177.862
2025-01-09 21:00:00,3195.55,3205.88,3190.21,3204.03,2819.1934
2025-01-09 21:05:00,3204.03,3214.6,3200.82,3210.7,2454.9198
2025-01-09 21:10:00,3210.7,3215.2,3205.87,3210.16,1919.2204
2025-01-09 21:15:00,3210.16,3218.52,3205.58,3217.66,1368.943
2025-01-09 21:20:00,3217.66,3226.29,3215.94,3223.0,963.4485
2025-01-09 21:25:00,3223.0,3223.8,3216.49,3218.12,808.7155
2025-01-09 21:30:00,3218.11,3219.48,3208.5,3214.85,1322.5097
2025-01-09 21:35:00,3214.86,3222.82,3213.65,3222.59,795.0345
2025-01-09 21:40:00,3222.6,3222.6,3214.37,3215.58,884.7873
2025-01-09 21:45:00,3215.59,3217.82,3203.4,3207.96,1138.6978
2025-01-09 21:50:00,3207.95,3212.82,3204.02,3209.63,923.278
2025-01-09 21:55:00,3209.64,3213.66,3205.84,3207.43,1451.8411
2025-01-09 22:00:00,3207.43,3214.38,3205.0,3211.17,1689.1035
2025-01-09 22:05:00,3211.17,3212.0,3195.22,3199.91,1602.4448
2025-01-09 22:10:00,3199.91,3200.48,3187.58,3192.51,5023.0406
2025-01-09 22:15:00,3192.51,3202.91,3190.51,3200.85,2866.9563
2025-01-09 22:20:00,3200.84,3208.21,3199.74,3207.66,1394.2154
2025-01-09 22:25:00,3207.66,3215.19,3207.45,3215.19,932.3594
2025-01-09 22:30:00,3215.2,3228.83,3215.2,3223.35,1988.6226
2025-01-09 22:35:00,3223.39,3239.59,3220.0,3234.41,1487.9922
2025-01-09 22:40:00,3234.4,3239.14,3228.0,3232.97,1031.0133
2025-01-09 22:45:00,3232.98,3238.07,3225.56,3225.56,894.9727
2025-01-09 22:50:00,3225.57,3230.99,3222.63,3224.67,1139.9695
2025-01-09 22:55:00,3224.68,3231.78,3223.03,3224.24,697.565
2025-01-09 23:00:00,3224.23,3233.33,3221.32,3226.03,1488.894
2025-01-09 23:05:00,3226.02,3231.23,3219.55,3227.71,722.5971
2025-01-09 23:10:00,3227.7,3227.71,3222.05,3224.29,717.0069
2025-01-09 23:15:00,3224.28,3224.33,3218.03,3219.63,770.6348
2025-01-09 23:20:00,3219.63,3224.33,3219.63,3220.22,381.0659
2025-01-09 23:25:00,3220.22,3220.22,3209.99,3213.31,1080.8631
2025-01-09 23:30:00,3213.31,3217.37,3210.5,3215.97,824.4091
2025-01-09 23:35:00,3215.97,3219.38,3211.82,3215.26,627.7944
2025-01-09 23:40:00,3215.25,3218.46,3211.04,3212.73,518.0509
2025-01-09 23:45:00,3212.74,3214.94,3211.07,3214.4,532.4594
2025-01-09 23:50:00,3214.38,3224.5,3213.6,3218.61,1143.0371
2025-01-09 23:55:00,3218.61,3220.17,3216.24,3219.2,461.8565
2025-01-10 00:00:00,3219.2,3227.04,3219.01,3221.81,1084.2375
2025-01-10 00:05:00,3221.81,3225.5,3218.58,3221.83,662.9658
2025-01-10 00:10:00,3221.82,3233.79,3221.05,3227.21,993.1661
2025-01-10 00:15:00,3227.21,3232.31,3224.21,3225.01,749.6025
2025-01-10 00:20:00,3225.01,3232.37,3216.06,3216.07,873.6812
2025-01-10 00:25:00,3216.07,3221.6,3214.11,3219.6,658.9616
2025-01-10 00:30:00,3219.6,3224.97,3218.86,3220.09,683.7046
2025-01-10 00:35:00,3220.1,3228.06,3217.01,3225.01,766.8495
2025-01-10 00:40:00,3225.0,3226.89,3223.33,3224.71,487.1673
2025-01-10 00:45:00,3224.71,3224.71,3215.05,3221.33,789.6449
2025-01-10 00:50:00,3221.34,3231.19,3221.33,3224.46,534.3258
2025-01-10 00:55:00,3224.47,3225.91,3219.68,3222.98,436.1872
2025-01-10 01:00:00,3222.98,3229.58,3221.04,3229.57,388.3926
2025-01-10 01:05:00,3229.57,3229.57,3217.01,3217.02,962.5523
2025-01-10 01:10:00,3217.02,3225.6,3213.74,3225.34,1020.6265
2025-01-10 01:15:00,3225.33,3231.63,3222.85,3223.8,1175.5143
2025-01-10 01:20:00,3223.81,3224.15,3217.45,3221.46,841.1049
2025-01-10 01:25:00,3221.46,3228.32,3221.46,3223.49,738.3057
2025-01-10 01:30:00,3223.49,3226.49,3220.21,3224.94,696.8694
2025-01-10 01:35:00,3224.94,3229.57,3220.32,3228.18,989.7121
2025-01-10 01:40:00,3228.17,3239.61,3227.49,3236.87,1343.4506
2025-01-10 01:45:00,3236.88,3240.24,3226.31,3228.15,1219.9432
2025-01-10 01:50:00,3228.15,3234.54,3227.08,3231.89,379.5424
2025-01-10 01:55:00,3231.88,3239.5,3230.0,3237.29,725.3708
2025-01-10 02:00:00,3237.29,3248.99,3236.0,3243.93,2125.0744
2025-01-10 02:05:00,3243.94,3250.37,3243.52,3244.36,1176.0749
2025-01-10 02:10:00,3244.36,3244.88,3237.0,3237.0,714.9465
2025-01-10 02:15:00,3237.01,3237.68,3231.93,3232.82,725.104
2025-01-10 02:20:00,3232.82,3244.2,3230.89,3237.61,784.9716
2025-01-10 02:25:00,3237.6,3255.0,3237.0,3253.65,1161.5346
2025-01-10 02:30:00,3253.65,3260.47,3248.17,3253.21,1320.609
2025-01-10 02:35:00,3253.22,3254.0,3245.5,3245.51,854.5757
2025-01-10 02:40:00,3245.51,3247.36,3242.34,3243.93,564.9932
2025-01-10 02:45:00,3243.93,3253.1,3243.92,3251.29,588.2353
2025-01-10 02:50:00,3251.28,3253.0,3238.61,3243.01,1079.2292
2025-01-10 02:55:00,3243.0,3244.66,3239.8,3241.47,670.4249
2025-01-10 03:00:00,3241.48,3247.1,3239.16,3245.02,698.8132
2025-01-10 03:05:00,3245.03,3249.49,3242.55,3243.83,387.1501
2025-01-10 03:10:00,3243.84,3249.34,3241.75,3248.35,1154.2562
2025-01-10 03:15:00,3248.34,3250.25,3245.12,3246.53,542.5229
2025-01-10 03:20:00,3246.52,3248.18,3241.24,3247.37,452.3205
2025-01-10 03:25:00,3247.36,3248.49,3246.0,3247.98,375.6339
2025-01-10 03:30:00,3247.97,3253.2,3247.97,3251.47,598.7502
2025-01-10 03:35:00,3251.48,3251.48,3243.33,3244.93,540.8379
2025-01-10 03:40:00,3244.92,3248.7,3244.2,3244.44,571.7812
2025-01-10 03:45:00,3244.45,3254.77,3242.9,3251.01,712.7693
2025-01-10 03:50:00,3251.01,3256.0,3250.42,3253.73,1127.7268
2025-01-10 03:55:00,3253.73,3255.4,3252.09,3254.37,596.0528
2025-01-10 04:00:00,3254.36,3259.4,3250.52,3250.73,897.0807
2025-01-10 04:05:00,3250.73,3256.73,3250.0,3256.59,967.2645
2025-01-10 04:10:00,3256.6,3265.08,3255.72,3258.39,1307.2447
2025-01-10 04:15:00,3258.39,3258.39,3252.4,3256.63,1124.6255
2025-01-10 04:20:00,3256.63,3259.99,3252.4,3253.19,611.8009
2025-01-10 04:25:00,3253.19,3253.2,3246.84,3249.0,882.3153
2025-01-10 04:30:00,3249.0,3252.17,3248.15,3248.89,424.4471
2025-01-10 04:35:00,3248.9,3253.78,3248.0,3251.04,453.141
2025-01-10 04:40:00,3251.03,3254.21,3250.11,3252.06,351.4104
2025-01-10 04:45:00,3252.05,3253.4,3248.24,3249.31,563.2354
2025-01-10 04:50:00,3249.32,3256.39,3249.25,3255.27,426.8691
2025-01-10 04:55:00,3255.27,3255.28,3250.45,3254.2,327.9318
2025-01-10 05:00:00,3254.21,3255.48,3250.21,3252.77,834.8921
2025-01-10 05:05:00,3252.76,3256.8,3251.23,3254.4,862.1441
2025-01-10 05:10:00,3254.4,3256.8,3252.57,3252.57,397.293
2025-01-10 05:15:00,3252.57,3255.2,3245.11,3246.39,956.7081
2025-01-10 05:20:00,3246.39,3248.64,3244.56,3245.67,474.1232
2025-01-10 05:25:00,3245.66,3249.54,3242.4,3249.54,527.5308
2025-01-10 05:30:00,3249.54,3257.73,3249.54,3257.73,431.2054
2025-01-10 05:35:00,3257.73,3272.72,3256.8,3269.73,2608.1632
2025-01-10 05:40:00,3269.73,3281.57,3269.73,3274.52,2422.2546
2025-01-10 05:45:00,3274.52,3275.52,3266.4,3267.54,1010.9383
2025-01-10 05:50:00,3267.55,3267.55,3263.28,3263.56,503.3483
2025-01-10 05:55:00,3263.56,3264.19,3261.01,3264.18,575.0483
2025-01-10 06:00:00,3264.19,3268.54,3260.61,3261.5,940.7869
2025-01-10 06:05:00,3261.51,3270.13,3260.72,3269.79,664.749
2025-01-10 06:10:00,3269.79,3272.01,3264.24,3266.91,1091.1165
2025-01-10 06:15:00,3266.9,3270.03,3265.03,3269.67,639.3429
2025-01-10 06:20:00,3269.67,3273.33,3268.72,3270.01,681.9938
2025-01-10 06:25:00,3270.01,3270.01,3264.5,3266.71,762.7984
2025-01-10 06:30:00,3266.7,3266.91,3260.0,3264.8,847.255
2025-01-10 06:35:00,3264.8,3270.8,3264.79,3269.19,513.8883
2025-01-10 06:40:00,3269.19,3273.69,3268.34,3271.84,521.6218
2025-01-10 06:45:00,3271.84,3277.61,3271.36,3273.07,801.746
2025-01-10 06:50:00,3273.08,3274.28,3267.84,3272.45,793.0917
2025-01-10 06:55:00,3272.46,3280.97,3272.45,3278.39,1366.0456
2025-01-10 07:00:00,3278.38,3279.88,3272.14,3272.47,915.152
2025-01-10 07:05:00,3272.47,3274.34,3271.02,3273.31,1219.6576
2025-01-10 07:10:00,3273.3,3286.25,3272.7,3282.02,1362.1488
2025-01-10 07:15:00,3282.02,3283.37,3276.77,3282.16,1017.074
2025-01-10 07:20:00,3282.16,3286.44,3280.05,3282.52,1497.8512
2025-01-10 07:25:00,3282.52,3283.0,3277.28,3282.21,1102.8403
2025-01-10 07:30:00,3282.22,3291.75,3280.37,3289.11,5095.7749
2025-01-10 07:35:00,3289.12,3298.27,3289.06,3296.8,2586.7687
2025-01-10 07:40:00,3296.81,3310.91,3296.81,3308.97,3181.6352
2025-01-10 07:45:00,3308.97,3313.65,3302.27,3302.98,2624.9178
2025-01-10 07:50:00,3302.97,3303.99,3296.6,3297.34,2433.6628
2025-01-10 07:55:00,3297.34,3300.46,3294.16,3296.29,1663.7747
2025-01-10 08:00:00,3296.29,3298.44,3292.22,3294.07,1254.4521
2025-01-10 08:05:00,3294.07,3300.0,3293.69,3299.69,1158.7711
2025-01-10 08:10:00,3299.7,3301.8,3296.0,3301.44,1266.5811
2025-01-10 08:15:00,3301.48,3302.0,3295.33,3295.64,1404.3191
2025-01-10 08:20:00,3295.64,3300.0,3293.57,3298.73,1528.0364
2025-01-10 08:25:00,3298.72,3298.99,3293.69,3296.98,1259.6832
2025-01-10 08:30:00,3296.99,3297.2,3289.56,3290.46,1278.6674
2025-01-10 08:35:00,3290.48,3293.06,3288.12,3292.71,1349.953
2025-01-10 08:40:00,3292.71,3294.99,3291.0,3292.79,853.1549
2025-01-10 08:45:00,3292.79,3294.8,3288.23,3293.45,967.0047
2025-01-10 08:50:00,3293.45,3297.09,3293.18,3294.96,938.5673
2025-01-10 08:55:00,3294.95,3297.87,3294.0,3296.31,1215.2889
2025-01-10 09:00:00,3296.31,3297.36,3290.5,3291.35,1496.6883
2025-01-10 09:05:00,3291.35,3299.22,3291.05,3296.19,1587.361
2025-01-10 09:10:00,3296.19,3298.74,3292.91,3298.74,1447.2434
2025-01-10 09:15:00,3298.74,3307.54,3297.0,3306.07,4064.8043
2025-01-10 09:20:00,3306.08,3310.8,3303.87,3308.3,1691.0817
2025-01-10 09:25:00,3308.3,3308.89,3306.0,3307.39,1034.4333
2025-01-10 09:30:00,3307.4,3307.41,3303.34,3306.49,729.9346
2025-01-10 09:35:00,3306.48,3310.07,3305.05,3305.6,1066.3074
2025-01-10 09:40:00,3305.61,3307.86,3301.47,3301.47,647.2278
2025-01-10 09:45:00,3301.47,3301.88,3297.12,3299.41,989.8461
2025-01-10 09:50:00,3299.41,3306.78,3298.44,3306.46,496.3432
2025-01-10 09:55:00,3306.47,3308.07,3300.6,3302.45,728.4094
2025-01-10 10:00:00,3302.45,3304.48,3301.2,3303.92,742.3079
2025-01-10 10:05:00,3303.91,3308.3,3303.91,3307.06,798.1485
2025-01-10 10:10:00,3307.05,3308.73,3306.09,3306.64,566.4926
2025-01-10 10:15:00,3306.65,3309.0,3303.94,3303.94,609.4793
2025-01-10 10:20:00,3303.94,3305.76,3300.77,3303.48,656.5622
2025-01-10 10:25:00,3303.48,3305.66,3299.54,3299.67,756.3816
2025-01-10 10:30:00,3299.67,3305.3,3297.84,3303.0,883.4053
2025-01-10 10:35:00,3303.01,3307.99,3303.0,3305.74,750.9825
2025-01-10 10:40:00,3305.73,3308.97,3304.74,3307.35,1150.7848
2025-01-10 10:45:00,3307.3,3308.07,3305.14,3306.95,571.6903
2025-01-10 10:50:00,3306.94,3309.84,3304.87,3308.12,693.7093
2025-01-10 10:55:00,3308.12,3321.25,3308.02,3318.54,2342.2392
2025-01-10 11:00:00,3318.53,3320.8,3315.24,3319.43,1326.8482
2025-01-10 11:05:00,3319.44,3320.2,3313.36,3314.65,2471.0025
2025-01-10 11:10:00,3314.65,3315.52,3309.94,3310.04,1355.7636
2025-01-10 11:15:00,3310.04,3312.48,3304.8,3305.59,987.3682
2025-01-10 11:20:00,3305.59,3310.65,3304.64,3306.78,871.1207
2025-01-10 11:25:00,3306.79,3307.69,3299.9,3301.8,2685.5309
2025-01-10 11:30:00,3301.81,3304.99,3295.74,3297.82,2232.7465
2025-01-10 11:35:00,3297.82,3303.45,3297.81,3301.78,702.674
2025-01-10 11:40:00,3301.79,3306.39,3301.14,3305.99,1161.0139
2025-01-10 11:45:00,3305.99,3308.98,3305.63,3308.97,1052.5915
2025-01-10 11:50:00,3308.98,3310.03,3306.4,3308.02,1505.1883
2025-01-10 11:55:00,3308.03,3311.81,3308.02,3311.65,1011.7569
2025-01-10 12:00:00,3311.64,3312.52,3309.02,3309.15,1523.3615
2025-01-10 12:05:00,3309.15,3310.19,3302.08,3305.19,1428.4608
2025-01-10 12:10:00,3305.2,3306.41,3299.46,3301.46,834.6777
2025-01-10 12:15:00,3301.47,3302.76,3298.52,3301.31,1185.829
2025-01-10 12:20:00,3301.31,3303.48,3293.43,3296.12,1115.4337
2025-01-10 12:25:00,3296.13,3299.0,3293.63,3295.52,689.742
2025-01-10 12:30:00,3295.53,3299.09,3293.26,3295.7,825.5997
2025-01-10 12:35:00,3295.71,3300.6,3293.1,3299.81,602.4114
2025-01-10 12:40:00,3299.8,3301.57,3296.8,3296.81,617.3658
2025-01-10 12:45:00,3296.8,3302.24,3296.06,3301.88,503.2999
2025-01-10 12:50:00,3301.88,3306.49,3301.59,3306.32,524.5188
2025-01-10 12:55:00,3306.31,3311.58,3306.31,3310.73,770.92
2025-01-10 13:00:00,3310.73,3310.74,3305.48,3309.06,1913.747
2025-01-10 13:05:00,3309.07,3317.03,3308.32,3311.4,848.3881
2025-01-10 13:10:00,3311.4,3312.08,3307.59,3308.49,626.7985
2025-01-10 13:15:00,3308.49,3309.43,3300.11,3305.82,1165.3198
2025-01-10 13:20:00,3305.83,3307.32,3301.51,3301.83,693.2976
2025-01-10 13:25:00,3301.84,3309.76,3301.42,3301.42,775.1416
2025-01-10 13:30:00,3301.41,3302.0,3233.0,3248.41,31145.002
2025-01-10 13:35:00,3248.4,3260.0,3215.76,3227.0,22009.0844
2025-01-10 13:40:00,3226.99,3256.0,3222.1,3246.08,8416.0469
2025-01-10 13:45:00,3246.09,3258.83,3230.67,3240.22,5374.188
2025-01-10 13:50:00,3240.21,3256.12,3228.41,3255.01,5226.1816
2025-01-10 13:55:00,3255.01,3255.8,3243.42,3244.24,2210.1267
2025-01-10 14:00:00,3244.23,3252.23,3238.0,3248.55,2540.7472
2025-01-10 14:05:00,3248.55,3259.34,3242.59,3252.97,4041.9042
2025-01-10 14:10:00,3252.99,3267.06,3252.99,3262.55,2855.085
2025-01-10 14:15:00,3262.55,3279.39,3258.24,3272.05,3462.5933
2025-01-10 14:20:00,3272.04,3276.27,3266.51,3272.88,2071.3726
2025-01-10 14:25:00,3272.87,3276.0,3265.38,3270.5,1389.3503
2025-01-10 14:30:00,3270.5,3270.5,3251.76,3260.46,4729.4789
2025-01-10 14:35:00,3260.45,3260.45,3235.75,3243.21,5739.4948
2025-01-10 14:40:00,3243.2,3265.82,3238.78,3265.81,3921.4822
2025-01-10 14:45:00,3265.81,3271.0,3240.37,3241.71,4244.5338
2025-01-10 14:50:00,3241.7,3253.41,3240.0,3247.21,2847.0255
2025-01-10 14:55:00,3247.2,3260.8,3246.21,3257.01,2205.8578
2025-01-10 15:00:00,3257.0,3257.0,3230.19,3233.16,5776.6424
2025-01-10 15:05:00,3233.15,3240.0,3217.54,3219.28,4788.514
2025-01-10 15:10:00,3219.28,3224.31,3195.05,3197.52,10364.5797
2025-01-10 15:15:00,3197.45,3225.52,3193.97,3217.82,8905.0406
2025-01-10 15:20:00,3217.82,3236.46,3216.0,3232.62,3014.1295
2025-01-10 15:25:00,3232.61,3233.94,3222.03,3230.73,2362.5905
2025-01-10 15:30:00,3230.73,3242.15,3223.01,3235.65,2346.0634
2025-01-10 15:35:00,3235.63,3256.99,3230.81,3254.03,3182.0365
2025-01-10 15:40:00,3254.02,3274.5,3253.3,3262.89,6690.8147
2025-01-10 15:45:00,3262.88,3276.34,3257.3,3271.63,2889.8128
2025-01-10 15:50:00,3271.62,3272.32,3248.76,3253.09,4804.5271
2025-01-10 15:55:00,3253.06,3254.58,3243.43,3245.14,2572.971
2025-01-10 16:00:00,3245.15,3249.61,3232.2,3237.75,3171.5949
2025-01-10 16:05:00,3237.7,3243.39,3233.79,3239.34,1707.4001
2025-01-10 16:10:00,3239.34,3248.82,3236.49,3243.8,2597.284
2025-01-10 16:15:00,3243.81,3252.92,3240.1,3240.56,1482.7567
2025-01-10 16:20:00,3240.56,3242.69,3233.88,3239.87,1563.9582
2025-01-10 16:25:00,3239.88,3249.95,3239.2,3243.19,1729.6298
2025-01-10 16:30:00,3243.19,3244.21,3236.02,3240.96,1274.1368
2025-01-10 16:35:00,3240.97,3244.32,3233.33,3234.84,1300.5831
2025-01-10 16:40:00,3234.84,3257.0,3234.83,3254.46,1703.2706
2025-01-10 16:45:00,3254.46,3261.84,3253.6,3254.41,1975.7834
2025-01-10 16:50:00,3254.4,3255.0,3244.3,3252.04,2690.4087
2025-01-10 16:55:00,3252.04,3252.04,3246.55,3247.48,2019.7734
2025-01-10 17:00:00,3247.48,3254.13,3244.54,3247.01,1426.8825
2025-01-10 17:05:00,3247.0,3254.07,3242.52,3243.51,1404.7616
2025-01-10 17:10:00,3243.52,3250.8,3243.51,3248.47,1085.3941
2025-01-10 17:15:00,3248.47,3266.76,3248.29,3265.63,2044.7223
2025-01-10 17:20:00,3265.63,3273.44,3263.94,3273.34,1625.7194
2025-01-10 17:25:00,3273.34,3285.28,3273.33,3281.12,2414.1186
2025-01-10 17:30:00,3281.11,3281.36,3270.42,3272.56,3863.3694
2025-01-10 17:35:00,3272.56,3278.5,3265.3,3275.22,1074.2543
2025-01-10 17:40:00,3275.22,3288.16,3272.64,3287.36,1690.1157
2025-01-10 17:45:00,3287.35,3299.58,3278.61,3296.44,2921.1039
2025-01-10 17:50:00,3296.44,3305.48,3291.45,3302.51,3305.4871
2025-01-10 17:55:00,3302.51,3322.49,3297.09,3315.07,7488.4141
2025-01-10 18:00:00,3315.06,3315.06,3296.03,3299.89,4534.0346
2025-01-10 18:05:00,3299.89,3308.13,3293.5,3305.13,4884.0444
2025-01-10 18:10:00,3305.13,3310.35,3301.0,3301.48,2434.4462
2025-01-10 18:15:00,3301.46,3303.7,3293.0,3302.08,2063.4878
2025-01-10 18:20:00,3302.09,3305.0,3294.08,3297.18,1264.4757
2025-01-10 18:25:00,3297.14,3298.4,3290.66,3294.08,1462.5024
2025-01-10 18:30:00,3294.09,3297.45,3285.55,3293.7,1878.4434
2025-01-10 18:35:00,3293.71,3295.72,3285.0,3290.24,1041.3432
2025-01-10 18:40:00,3290.23,3291.4,3281.43,3285.38,1287.6675
2025-01-10 18:45:00,3285.38,3293.38,3283.52,3293.29,494.9762
2025-01-10 18:50:00,3293.28,3294.4,3285.0,3290.2,607.3828
2025-01-10 18:55:00,3290.2,3290.82,3285.0,3286.67,663.9241
2025-01-10 19:00:00,3286.67,3288.41,3280.35,3282.2,858.6038
2025-01-10 19:05:00,3282.2,3282.43,3270.55,3270.99,1882.8252
2025-01-10 19:10:00,3270.99,3278.5,3270.99,3277.35,896.1353
2025-01-10 19:15:00,3277.36,3285.9,3276.08,3282.48,628.2635
2025-01-10 19:20:00,3282.48,3292.43,3280.6,3290.69,1251.1328
2025-01-10 19:25:00,3290.69,3297.13,3287.38,3290.9,995.8134
2025-01-10 19:30:00,3290.91,3292.51,3285.27,3287.04,966.5357
2025-01-10 19:35:00,3287.04,3289.99,3282.4,3289.95,668.8595
2025-01-10 19:40:00,3289.95,3292.94,3286.39,3288.31,412.7871
2025-01-10 19:45:00,3288.31,3291.41,3282.22,3288.39,927.5517
2025-01-10 19:50:00,3288.4,3297.14,3287.16,3295.66,1225.9492
2025-01-10 19:55:00,3295.67,3299.27,3294.17,3295.66,910.1602
2025-01-10 20:00:00,3295.65,3295.65,3289.19,3290.15,600.3815
2025-01-10 20:05:00,3290.14,3293.97,3286.05,3287.0,473.1193
2025-01-10 20:10:00,3287.0,3294.18,3283.61,3284.01,830.4068
2025-01-10 20:15:00,3284.01,3284.3,3275.5,3280.51,876.0149
2025-01-10 20:20:00,3280.54,3281.37,3273.33,3273.84,529.2601
2025-01-10 20:25:00,3273.84,3276.16,3270.04,3273.34,638.2521
2025-01-10 20:30:00,3273.33,3275.14,3265.89,3267.82,647.1444
2025-01-10 20:35:00,3267.82,3270.31,3261.49,3262.63,912.0852
2025-01-10 20:40:00,3262.64,3264.87,3257.38,3261.91,1196.7933
2025-01-10 20:45:00,3261.9,3266.97,3258.29,3262.66,887.5218
2025-01-10 20:50:00,3262.65,3269.64,3261.27,3268.96,563.2512
2025-01-10 20:55:00,3268.95,3268.95,3258.61,3259.59,2077.6795
2025-01-10 21:00:00,3259.57,3264.78,3259.01,3263.08,736.4581
2025-01-10 21:05:00,3263.07,3264.64,3256.9,3262.29,1313.597
2025-01-10 21:10:00,3262.29,3263.97,3260.07,3263.89,352.4869
2025-01-10 21:15:00,3263.9,3266.83,3262.29,3264.41,462.2725
2025-01-10 21:20:00,3264.4,3270.91,3264.4,3268.54,353.5153
2025-01-10 21:25:00,3268.55,3272.53,3268.54,3272.53,415.8422
2025-01-10 21:30:00,3272.53,3274.4,3271.02,3271.82,365.6223
2025-01-10 21:35:00,3271.82,3273.34,3267.6,3267.88,408.5165
2025-01-10 21:40:00,3267.94,3271.23,3267.94,3270.39,142.4455
2025-01-10 21:45:00,3270.4,3271.33,3267.68,3269.31,415.224
2025-01-10 21:50:00,3269.32,3269.32,3264.8,3266.53,264.108
2025-01-10 21:55:00,3266.53,3267.78,3264.84,3264.85,396.5093
2025-01-10 22:00:00,3264.85,3268.22,3263.85,3263.96,307.6036
2025-01-10 22:05:00,3263.97,3265.21,3260.3,3261.3,841.6234
2025-01-10 22:10:00,3261.3,3262.91,3260.0,3260.98,172.6969
2025-01-10 22:15:00,3260.97,3264.0,3260.02,3261.5,958.7302
2025-01-10 22:20:00,3261.5,3265.76,3261.5,3263.36,538.6655
2025-01-10 22:25:00,3263.36,3269.32,3262.5,3269.32,421.6309
2025-01-10 22:30:00,3269.31,3270.83,3268.97,3269.43,588.6037
2025-01-10 22:35:00,3269.44,3276.35,3269.43,3275.83,467.246
2025-01-10 22:40:00,3275.83,3281.37,3275.01,3280.37,659.8877
2025-01-10 22:45:00,3280.36,3280.36,3274.45,3275.87,374.2438
2025-01-10 22:50:00,3275.87,3275.87,3271.7,3273.33,495.2317
2025-01-10 22:55:00,3273.33,3275.0,3270.62,3273.62,371.0884
2025-01-10 23:00:00,3273.61,3273.61,3265.87,3265.87,1140.0037
2025-01-10 23:05:00,3265.88,3269.5,3264.77,3269.49,266.6334
2025-01-10 23:10:00,3269.5,3271.92,3269.4,3270.83,151.7749
2025-01-10 23:15:00,3270.83,3272.96,3268.79,3270.02,242.1207
2025-01-10 23:20:00,3270.01,3270.32,3267.5,3270.32,234.5378
2025-01-10 23:25:00,3270.32,3273.55,3270.32,3272.6,169.0144
2025-01-10 23:30:00,3272.6,3275.2,3268.91,3274.65,475.4377
2025-01-10 23:35:00,3274.65,3275.31,3271.07,3271.35,350.8247
2025-01-10 23:40:00,3271.34,3275.53,3271.34,3274.11,291.8968
2025-01-10 23:45:00,3274.1,3274.1,3268.81,3270.01,234.9552
2025-01-10 23:50:00,3270.0,3272.32,3267.51,3267.52,296.7743
2025-01-10 23:55:00,3267.51,3268.2,3266.53,3267.04,325.6163
2025-01-11 00:00:00,3267.05,3270.0,3265.71,3270.0,814.1612
2025-01-11 00:05:00,3269.99,3270.0,3265.21,3265.21,337.8319
2025-01-11 00:10:00,3265.21,3268.0,3264.9,3268.0,495.616
2025-01-11 00:15:00,3267.99,3268.0,3259.28,3261.27,974.2008
2025-01-11 00:20:00,3261.28,3262.59,3257.6,3259.27,604.8687
2025-01-11 00:25:00,3259.28,3266.36,3258.54,3264.74,292.708
2025-01-11 00:30:00,3264.74,3268.0,3262.55,3265.0,519.0515
2025-01-11 00:35:00,3265.01,3266.8,3260.0,3261.59,371.7208
2025-01-11 00:40:00,3261.6,3262.15,3258.6,3260.31,253.2789
2025-01-11 00:45:00,3260.32,3261.26,3257.42,3260.99,239.7293
2025-01-11 00:50:00,3260.99,3264.79,3260.73,3264.28,337.5234
2025-01-11 00:55:00,3264.29,3266.0,3263.0,3265.55,298.0917
2025-01-11 01:00:00,3265.55,3267.72,3263.28,3265.04,322.5862
2025-01-11 01:05:00,3265.04,3265.59,3258.4,3259.5,360.7734
2025-01-11 01:10:00,3259.5,3262.93,3258.05,3260.28,394.2927
2025-01-11 01:15:00,3260.28,3261.98,3253.55,3254.24,701.7011
2025-01-11 01:20:00,3254.23,3254.24,3249.34,3250.55,1179.8438
2025-01-11 01:25:00,3250.56,3254.11,3249.09,3249.98,401.693
2025-01-11 01:30:00,3249.99,3252.53,3249.26,3249.6,421.0241
2025-01-11 01:35:00,3249.61,3251.0,3244.0,3246.74,1023.5212
2025-01-11 01:40:00,3246.74,3246.74,3240.6,3244.21,976.9016
2025-01-11 01:45:00,3244.21,3244.5,3236.54,3242.01,1013.0504
2025-01-11 01:50:00,3242.01,3245.51,3241.36,3244.16,338.7589
2025-01-11 01:55:00,3244.15,3245.65,3241.51,3245.64,309.3414
2025-01-11 02:00:00,3245.65,3250.5,3245.64,3250.49,460.0673
2025-01-11 02:05:00,3250.5,3251.7,3247.47,3247.47,263.7784
2025-01-11 02:10:00,3247.48,3247.89,3244.85,3245.99,454.4399
2025-01-11 02:15:00,3246.0,3246.39,3241.83,3243.14,723.9484
2025-01-11 02:20:00,3243.14,3243.71,3240.58,3242.91,437.4964
2025-01-11 02:25:00,3242.91,3242.91,3237.6,3241.32,540.1067
2025-01-11 02:30:00,3241.33,3249.05,3238.6,3248.14,600.063
2025-01-11 02:35:00,3248.14,3251.24,3246.49,3250.85,338.1462
2025-01-11 02:40:00,3250.86,3251.38,3248.36,3249.06,267.8964
2025-01-11 02:45:00,3249.07,3250.23,3246.52,3249.23,202.7406
2025-01-11 02:50:00,3249.22,3250.35,3245.93,3246.82,294.6624
2025-01-11 02:55:00,3246.83,3252.24,3246.83,3247.96,484.8956
2025-01-11 03:00:00,3247.96,3248.56,3243.65,3244.85,665.4134
2025-01-11 03:05:00,3244.85,3244.85,3238.25,3238.26,1171.2625
2025-01-11 03:10:00,3238.25,3239.95,3235.55,3239.94,574.7364
2025-01-11 03:15:00,3239.95,3241.19,3239.74,3240.24,302.6918
2025-01-11 03:20:00,3240.25,3241.8,3233.77,3235.09,484.221
2025-01-11 03:25:00,3235.1,3236.98,3231.83,3236.78,652.7925
2025-01-11 03:30:00,3236.79,3240.96,3236.31,3240.22,430.4094
2025-01-11 03:35:00,3240.22,3241.26,3238.21,3239.87,196.4749
2025-01-11 03:40:00,3239.87,3241.31,3238.69,3240.52,221.9025
2025-01-11 03:45:00,3240.52,3243.43,3240.52,3242.7,255.4975
2025-01-11 03:50:00,3242.71,3242.86,3238.01,3239.89,277.6876
2025-01-11 03:55:00,3239.89,3239.9,3235.21,3236.8,301.4729
2025-01-11 04:00:00,3236.8,3240.0,3236.28,3238.17,560.855
2025-01-11 04:05:00,3238.18,3243.0,3237.13,3240.01,247.5373
2025-01-11 04:10:00,3240.01,3241.47,3237.04,3237.21,465.2884
2025-01-11 04:15:00,3237.22,3241.4,3236.0,3240.23,287.6267
2025-01-11 04:20:00,3240.19,3243.0,3239.2,3239.65,240.8188
2025-01-11 04:25:00,3239.67,3239.68,3234.85,3234.85,305.9908
2025-01-11 04:30:00,3234.85,3236.17,3230.0,3230.15,689.022
2025-01-11 04:35:00,3230.16,3235.0,3230.0,3234.99,658.0919
2025-01-11 04:40:00,3234.99,3237.17,3233.16,3236.76,330.201
2025-01-11 04:45:00,3236.77,3239.0,3234.24,3239.0,235.5089
2025-01-11 04:50:00,3239.0,3239.4,3236.68,3237.92,202.6296
2025-01-11 04:55:00,3237.92,3240.5,3236.88,3239.11,257.4373
2025-01-11 05:00:00,3239.08,3240.19,3235.2,3240.19,414.2271
2025-01-11 05:05:00,3240.19,3242.14,3239.55,3241.22,290.5305
2025-01-11 05:10:00,3241.22,3242.66,3239.63,3239.64,182.2549
2025-01-11 05:15:00,3239.63,3239.64,3233.0,3235.99,279.3661
2025-01-11 05:20:00,3236.0,3237.16,3234.02,3236.46,174.2883
2025-01-11 05:25:00,3236.45,3238.4,3234.71,3238.4,151.1248
2025-01-11 05:30:00,3238.4,3239.79,3235.71,3239.78,377.8603
2025-01-11 05:35:00,3239.78,3244.8,3239.17,3242.74,684.9843
2025-01-11 05:40:00,3242.73,3244.67,3241.23,3242.19,361.0018
2025-01-11 05:45:00,3242.2,3243.02,3240.37,3240.37,247.7425
2025-01-11 05:50:00,3240.38,3243.2,3239.5,3242.28,198.4592
2025-01-11 05:55:00,3242.31,3246.22,3242.31,3246.0,319.8935
2025-01-11 06:00:00,3246.0,3247.43,3243.96,3246.5,359.8715
2025-01-11 06:05:00,3246.5,3251.13,3245.63,3246.88,687.8399
2025-01-11 06:10:00,3246.88,3248.22,3245.2,3247.22,591.2317
2025-01-11 06:15:00,3247.21,3247.21,3243.84,3245.56,202.8794
2025-01-11 06:20:00,3245.56,3249.23,3245.55,3248.26,214.9058
2025-01-11 06:25:00,3248.25,3249.23,3246.0,3249.22,176.8572
2025-01-11 06:30:00,3249.23,3249.57,3245.66,3246.36,409.4907
2025-01-11 06:35:00,3246.36,3246.94,3243.22,3246.71,734.1834
2025-01-11 06:40:00,3246.72,3249.79,3246.54,3247.01,415.9348
2025-01-11 06:45:00,3247.01,3247.01,3244.38,3244.95,262.9771
2025-01-11 06:50:00,3244.96,3245.45,3242.48,3242.49,264.7144
2025-01-11 06:55:00,3242.49,3243.92,3237.95,3238.06,443.1221
2025-01-11 07:00:00,3238.06,3241.19,3238.05,3241.18,427.8985
2025-01-11 07:05:00,3241.18,3244.33,3238.88,3243.81,320.0903
2025-01-11 07:10:00,3243.8,3244.58,3242.08,3243.9,320.9698
2025-01-11 07:15:00,3243.9,3243.9,3236.5,3236.88,317.7729
2025-01-11 07:20:00,3236.87,3238.18,3233.68,3233.93,494.1403
2025-01-11 07:25:00,3233.93,3236.17,3232.24,3234.67,418.7539
2025-01-11 07:30:00,3234.67,3234.67,3230.0,3233.22,1123.4239
2025-01-11 07:35:00,3233.22,3234.16,3231.14,3233.51,392.4734
2025-01-11 07:40:00,3233.51,3234.16,3226.48,3229.17,1300.9638
2025-01-11 07:45:00,3229.17,3231.9,3222.73,3231.56,3024.0867
2025-01-11 07:50:00,3231.56,3233.16,3231.2,3232.08,372.5664
2025-01-11 07:55:00,3232.08,3235.72,3231.18,3235.72,604.0209
2025-01-11 08:00:00,3235.72,3237.08,3232.61,3233.5,536.6111
2025-01-11 08:05:00,3233.5,3237.56,3232.55,3235.0,836.7508
2025-01-11 08:10:00,3235.0,3238.13,3234.0,3238.13,1638.2416
2025-01-11 08:15:00,3238.14,3240.3,3236.14,3237.79,435.4999
2025-01-11 08:20:00,3237.79,3238.78,3235.36,3235.95,297.376
2025-01-11 08:25:00,3235.95,3236.59,3232.0,3236.59,294.5283
2025-01-11 08:30:00,3236.58,3236.59,3232.17,3232.17,486.3242
2025-01-11 08:35:00,3232.18,3232.18,3225.58,3226.8,856.8616
2025-01-11 08:40:00,3226.8,3230.0,3226.79,3229.8,385.5482
2025-01-11 08:45:00,3229.8,3229.8,3226.19,3228.06,526.7734
2025-01-11 08:50:00,3228.07,3228.07,3217.56,3223.18,2268.0632
2025-01-11 08:55:00,3223.17,3225.88,3223.17,3224.64,937.504
2025-01-11 09:00:00,3224.64,3227.36,3223.53,3226.76,548.3343
2025-01-11 09:05:00,3226.76,3230.14,3226.75,3228.75,603.68
2025-01-11 09:10:00,3228.75,3232.0,3228.75,3232.0,701.5857
2025-01-11 09:15:00,3232.0,3232.63,3228.31,3230.0,253.7866
2025-01-11 09:20:00,3230.0,3235.59,3228.33,3235.58,276.5298
2025-01-11 09:25:00,3235.59,3236.57,3233.72,3234.75,330.8378
2025-01-11 09:30:00,3234.75,3237.6,3233.32,3237.26,303.9755
2025-01-11 09:35:00,3237.26,3239.18,3236.08,3239.17,291.839
2025-01-11 09:40:00,3239.18,3242.14,3238.17,3241.35,936.3213
2025-01-11 09:45:00,3241.35,3241.36,3237.0,3238.44,343.7774
2025-01-11 09:50:00,3238.44,3239.5,3236.3,3236.3,392.7748
2025-01-11 09:55:00,3236.3,3244.41,3235.5,3244.0,411.7888
2025-01-11 10:00:00,3244.0,3246.7,3243.06,3246.69,492.9849
2025-01-11 10:05:00,3246.7,3248.03,3244.03,3245.4,847.4639
2025-01-11 10:10:00,3245.4,3251.35,3245.2,3250.0,1333.3578
2025-01-11 10:15:00,3250.0,3253.12,3244.87,3246.25,862.7036
2025-01-11 10:20:00,3246.28,3249.3,3246.01,3248.21,258.4259
2025-01-11 10:25:00,3248.21,3248.96,3246.21,3248.0,324.1539
2025-01-11 10:30:00,3248.0,3249.76,3245.04,3248.26,593.1966
2025-01-11 10:35:00,3248.26,3252.03,3248.03,3248.03,369.319
2025-01-11 10:40:00,3248.04,3249.08,3244.83,3248.21,258.1904
2025-01-11 10:45:00,3248.21,3252.24,3247.43,3251.43,457.0553
2025-01-11 10:50:00,3251.44,3254.78,3251.44,3253.63,505.3846
2025-01-11 10:55:00,3253.64,3256.1,3252.24,3256.1,410.974
2025-01-11 11:00:00,3256.09,3263.58,3254.04,3262.69,3805.1493
2025-01-11 11:05:00,3262.69,3272.48,3262.13,3264.7,1541.7244
2025-01-11 11:10:00,3264.71,3265.75,3261.23,3262.51,1073.6475
2025-01-11 11:15:00,3262.51,3278.94,3262.51,3272.86,1697.1854
2025-01-11 11:20:00,3272.85,3273.34,3268.37,3271.42,589.0509
2025-01-11 11:25:00,3271.43,3272.83,3269.16,3269.75,435.906
2025-01-11 11:30:00,3269.76,3272.2,3267.2,3272.2,541.4347
2025-01-11 11:35:00,3272.2,3279.0,3272.19,3274.41,645.8968
2025-01-11 11:40:00,3274.4,3276.0,3273.12,3276.0,371.7791
2025-01-11 11:45:00,3276.0,3276.0,3272.4,3275.35,525.1047
2025-01-11 11:50:00,3275.35,3280.5,3274.0,3275.14,692.2515
2025-01-11 11:55:00,3275.13,3278.0,3273.65,3273.81,400.5131
2025-01-11 12:00:00,3273.81,3277.64,3272.32,3274.38,469.0604
2025-01-11 12:05:00,3274.38,3274.38,3267.45,3269.0,655.8938
2025-01-11 12:10:00,3269.0,3273.0,3269.0,3271.42,328.7886
2025-01-11 12:15:00,3271.43,3276.73,3271.42,3275.79,597.6205
2025-01-11 12:20:00,3275.79,3278.0,3273.5,3277.99,276.21
2025-01-11 12:25:00,3278.0,3281.23,3276.34,3276.35,579.0893
2025-01-11 12:30:00,3276.34,3276.98,3273.88,3274.36,445.1781
2025-01-11 12:35:00,3274.37,3277.14,3273.6,3275.28,339.3316
2025-01-11 12:40:00,3275.27,3278.36,3273.08,3277.71,248.5356
2025-01-11 12:45:00,3277.71,3279.37,3275.61,3276.79,278.297
2025-01-11 12:50:00,3276.79,3278.45,3273.99,3275.99,245.5374
2025-01-11 12:55:00,3275.99,3276.6,3271.32,3272.6,313.5093
2025-01-11 13:00:00,3272.6,3275.62,3272.6,3274.16,463.4157
2025-01-11 13:05:00,3274.15,3274.16,3266.6,3267.92,896.5082
2025-01-11 13:10:00,3267.92,3270.82,3267.66,3270.82,293.908
2025-01-11 13:15:00,3270.82,3271.04,3265.5,3269.8,431.3602
2025-01-11 13:20:00,3269.8,3271.46,3267.01,3271.45,445.2692
2025-01-11 13:25:00,3271.46,3273.89,3270.1,3270.1,269.8876
2025-01-11 13:30:00,3270.1,3272.0,3264.0,3264.54,348.0808
2025-01-11 13:35:00,3264.54,3264.55,3258.3,3261.46,3384.9106
2025-01-11 13:40:00,3261.46,3263.92,3258.48,3263.19,674.539
2025-01-11 13:45:00,3263.2,3265.61,3262.77,3264.87,487.0352
2025-01-11 13:50:00,3264.87,3270.3,3264.87,3269.03,401.8626
2025-01-11 13:55:00,3269.03,3269.03,3266.44,3267.61,260.5953
2025-01-11 14:00:00,3267.62,3269.75,3266.32,3266.33,271.8429
2025-01-11 14:05:00,3266.32,3270.9,3266.32,3267.12,274.9642
2025-01-11 14:10:00,3267.11,3267.12,3263.29,3263.56,632.0226
2025-01-11 14:15:00,3263.56,3266.31,3258.36,3260.93,498.4682
2025-01-11 14:20:00,3260.93,3263.14,3260.0,3261.0,384.7033
2025-01-11 14:25:00,3260.99,3263.51,3259.81,3262.31,229.7518
2025-01-11 14:30:00,3262.31,3270.0,3262.31,3270.0,492.3258
2025-01-11 14:35:00,3270.0,3277.07,3268.0,3271.76,644.9788
2025-01-11 14:40:00,3271.76,3277.0,3271.5,3272.92,543.4853
2025-01-11 14:45:00,3272.92,3275.5,3272.8,3273.36,423.6404
2025-01-11 14:50:00,3273.35,3275.65,3270.0,3274.62,334.2215
2025-01-11 14:55:00,3274.63,3280.0,3274.33,3278.52,591.9753
2025-01-11 15:00:00,3278.52,3282.94,3275.6,3281.36,651.0781
2025-01-11 15:05:00,3281.37,3281.77,3278.63,3280.32,374.3423
2025-01-11 15:10:00,3280.32,3280.69,3272.32,3272.33,422.735
2025-01-11 15:15:00,3272.32,3272.46,3266.5,3270.32,436.0808
2025-01-11 15:20:00,3270.33,3272.99,3268.03,3272.03,294.409
2025-01-11 15:25:00,3272.02,3274.81,3271.32,3273.46,264.2617
2025-01-11 15:30:00,3273.45,3275.0,3271.32,3271.62,319.0944
2025-01-11 15:35:00,3271.63,3272.56,3269.81,3272.55,254.0459
2025-01-11 15:40:00,3272.56,3275.0,3272.56,3273.59,197.6747
2025-01-11 15:45:00,3273.58,3273.59,3269.31,3270.87,314.1265
2025-01-11 15:50:00,3270.87,3270.88,3267.51,3270.32,409.0855
2025-01-11 15:55:00,3270.32,3271.33,3269.98,3271.33,182.4278
2025-01-11 16:00:00,3271.33,3273.94,3270.4,3273.55,575.0439
2025-01-11 16:05:00,3273.54,3273.94,3262.0,3264.48,651.2948
2025-01-11 16:10:00,3264.49,3269.68,3262.71,3268.14,510.5529
2025-01-11 16:15:00,3268.15,3272.15,3265.29,3265.29,437.048
2025-01-11 16:20:00,3265.29,3266.4,3263.02,3264.52,374.1686
2025-01-11 16:25:00,3264.52,3268.86,3262.34,3268.71,227.3611
2025-01-11 16:30:00,3268.71,3272.46,3267.86,3272.38,409.2896
2025-01-11 16:35:00,3272.39,3277.9,3269.41,3275.35,695.294
2025-01-11 16:40:00,3275.35,3277.86,3275.34,3275.99,343.2901
2025-01-11 16:45:00,3275.98,3276.19,3272.05,3273.58,540.182
2025-01-11 16:50:00,3273.59,3275.5,3270.87,3272.43,327.3831
2025-01-11 16:55:00,3272.43,3277.56,3272.43,3274.99,395.9478
2025-01-11 17:00:00,3275.0,3275.78,3271.87,3273.01,549.5816
2025-01-11 17:05:00,3273.0,3273.0,3266.66,3271.81,658.315
2025-01-11 17:10:00,3271.83,3272.8,3261.13,3264.58,818.8738
2025-01-11 17:15:00,3264.58,3266.6,3259.06,3266.3,631.8129
2025-01-11 17:20:00,3266.31,3273.59,3265.13,3271.37,700.0174
2025-01-11 17:25:00,3271.38,3271.68,3268.4,3268.98,419.7962
2025-01-11 17:30:00,3268.98,3275.57,3265.72,3272.32,628.0266
2025-01-11 17:35:00,3272.32,3274.0,3271.0,3272.11,434.8301
2025-01-11 17:40:00,3272.11,3273.59,3270.17,3270.31,178.0833
2025-01-11 17:45:00,3270.31,3271.95,3264.41,3270.31,392.9968
2025-01-11 17:50:00,3270.31,3270.47,3267.92,3268.96,233.4765
2025-01-11 17:55:00,3268.95,3271.79,3267.92,3271.79,149.4161
2025-01-11 18:00:00,3271.78,3274.49,3270.42,3271.78,1040.4673
2025-01-11 18:05:00,3271.77,3271.9,3268.42,3271.89,348.0267
2025-01-11 18:10:00,3271.89,3276.43,3271.89,3275.61,484.9564
2025-01-11 18:15:00,3275.61,3277.99,3274.41,3274.41,449.7155
2025-01-11 18:20:00,3274.42,3276.18,3272.64,3275.94,230.8597
2025-01-11 18:25:00,3275.94,3276.87,3274.33,3275.19,286.572
2025-01-11 18:30:00,3275.18,3276.35,3273.58,3273.59,229.3413
2025-01-11 18:35:00,3273.59,3275.46,3267.51,3268.01,351.1494
2025-01-11 18:40:00,3268.01,3270.19,3267.66,3270.01,173.8089
2025-01-11 18:45:00,3270.01,3271.83,3268.48,3269.81,195.988
2025-01-11 18:50:00,3269.81,3279.17,3269.81,3279.17,625.7745
2025-01-11 18:55:00,3279.17,3280.94,3278.37,3278.37,683.3675
2025-01-11 19:00:00,3278.37,3283.54,3276.48,3279.01,803.9474
2025-01-11 19:05:00,3279.01,3280.37,3273.33,3273.47,255.2534
2025-01-11 19:10:00,3273.47,3278.12,3273.47,3277.44,257.8501
2025-01-11 19:15:00,3277.41,3280.0,3277.14,3278.62,281.6254
2025-01-11 19:20:00,3278.62,3281.95,3278.13,3278.6,297.2245
2025-01-11 19:25:00,3278.61,3281.16,3278.35,3278.35,217.8994
2025-01-11 19:30:00,3278.35,3279.01,3269.6,3270.31,873.5557
2025-01-11 19:35:00,3270.32,3273.51,3269.78,3271.83,210.7776
2025-01-11 19:40:00,3271.83,3274.01,3271.74,3273.34,144.9819
2025-01-11 19:45:00,3273.33,3275.44,3271.52,3271.98,467.5283
2025-01-11 19:50:00,3271.98,3275.97,3271.5,3275.69,207.9166
2025-01-11 19:55:00,3275.68,3279.18,3275.68,3278.45,273.349
2025-01-11 20:00:00,3278.46,3279.61,3275.9,3279.01,435.9677
2025-01-11 20:05:00,3279.0,3281.09,3276.34,3281.09,276.1074
2025-01-11 20:10:00,3281.08,3281.09,3277.35,3277.72,252.2509
2025-01-11 20:15:00,3277.72,3282.38,3275.84,3281.85,340.3782
2025-01-11 20:20:00,3281.85,3285.39,3280.37,3282.37,498.2594
2025-01-11 20:25:00,3282.37,3290.42,3281.36,3290.42,733.7692
2025-01-11 20:30:00,3290.42,3290.98,3287.39,3288.6,382.4942
2025-01-11 20:35:00,3288.6,3292.0,3285.38,3289.89,510.4657
2025-01-11 20:40:00,3289.89,3293.79,3289.35,3291.41,410.518
2025-01-11 20:45:00,3291.41,3295.59,3289.0,3295.01,951.8017
2025-01-11 20:50:00,3295.01,3300.69,3293.96,3299.45,1091.7506
2025-01-11 20:55:00,3299.45,3300.34,3297.79,3299.54,558.5021
2025-01-11 21:00:00,3299.54,3306.97,3299.22,3306.0,948.3438
2025-01-11 21:05:00,3306.0,3309.73,3302.46,3308.8,1590.0156
2025-01-11 21:10:00,3308.8,3310.82,3304.5,3308.75,658.9653
2025-01-11 21:15:00,3308.74,3315.68,3308.74,3314.68,707.4466
2025-01-11 21:20:00,3314.68,3320.18,3314.34,3318.31,2402.3393
2025-01-11 21:25:00,3318.31,3319.06,3309.0,3310.95,755.5785
2025-01-11 21:30:00,3310.89,3312.83,3303.8,3306.18,2363.3345
2025-01-11 21:35:00,3306.19,3308.5,3304.81,3305.6,498.485
2025-01-11 21:40:00,3305.61,3310.51,3305.09,3308.29,505.2586
2025-01-11 21:45:00,3308.24,3311.0,3305.31,3309.73,778.8759
2025-01-11 21:50:00,3309.72,3315.0,3308.55,3309.51,536.1151
2025-01-11 21:55:00,3309.51,3311.11,3306.57,3307.1,535.6996
2025-01-11 22:00:00,3307.1,3308.5,3304.6,3306.29,601.9525
2025-01-11 22:05:00,3306.29,3306.77,3304.15,3304.17,286.4468
2025-01-11 22:10:00,3304.16,3304.17,3297.52,3302.4,931.7659
2025-01-11 22:15:00,3302.39,3302.4,3294.67,3294.68,432.2439
2025-01-11 22:20:00,3294.68,3297.44,3293.21,3294.91,411.8411
2025-01-11 22:25:00,3294.92,3295.41,3291.5,3292.65,562.647
2025-01-11 22:30:00,3292.65,3292.66,3286.25,3292.03,784.1269
2025-01-11 22:35:00,3292.03,3296.27,3292.03,3295.23,375.1161
2025-01-11 22:40:00,3295.23,3295.23,3290.52,3292.26,320.8712
2025-01-11 22:45:00,3292.25,3296.92,3292.25,3294.47,262.4593
2025-01-11 22:50:00,3294.48,3294.48,3287.22,3287.23,302.1406
2025-01-11 22:55:00,3287.22,3291.77,3287.22,3288.67,442.4616
2025-01-11 23:00:00,3288.68,3292.83,3284.67,3288.99,988.0212
2025-01-11 23:05:00,3288.99,3290.42,3285.0,3289.84,464.452
2025-01-11 23:10:00,3289.85,3292.43,3287.61,3288.3,257.42
2025-01-11 23:15:00,3288.31,3288.69,3284.9,3288.56,268.5667
2025-01-11 23:20:00,3288.55,3293.29,3287.71,3292.6,364.4423
2025-01-11 23:25:00,3292.6,3294.2,3291.41,3292.02,305.4985
2025-01-11 23:30:00,3292.02,3293.78,3290.6,3291.76,268.5274
2025-01-11 23:35:00,3291.77,3294.43,3291.77,3293.57,252.7474
2025-01-11 23:40:00,3293.56,3293.56,3287.66,3287.66,264.0151
2025-01-11 23:45:00,3287.62,3287.98,3282.5,3284.09,479.6031
2025-01-11 23:50:00,3284.09,3286.39,3283.43,3283.91,233.7815
2025-01-11 23:55:00,3283.91,3283.91,3281.36,3282.83,288.5431
2025-01-12 00:00:00,3282.83,3285.78,3280.52,3284.49,570.8762
2025-01-12 00:05:00,3284.48,3285.79,3280.2,3281.1,440.9772
2025-01-12 00:10:00,3281.1,3284.19,3278.7,3283.97,454.7705
2025-01-12 00:15:00,3283.97,3284.67,3281.21,3282.37,396.3944
2025-01-12 00:20:00,3282.37,3285.02,3279.29,3280.08,352.1886
2025-01-12 00:25:00,3280.08,3282.33,3279.0,3282.16,241.0496
2025-01-12 00:30:00,3282.16,3284.36,3280.43,3282.77,264.9188
2025-01-12 00:35:00,3282.78,3285.22,3281.05,3285.22,512.5482
2025-01-12 00:40:00,3285.22,3286.98,3284.37,3286.39,345.3201
2025-01-12 00:45:00,3286.39,3286.98,3281.07,3283.31,451.7077
2025-01-12 00:50:00,3283.32,3286.4,3281.92,3285.61,270.0085
2025-01-12 00:55:00,3285.61,3285.61,3281.83,3283.37,243.6895
2025-01-12 01:00:00,3283.38,3284.71,3279.68,3280.94,729.766
2025-01-12 01:05:00,3280.96,3285.39,3280.0,3281.89,410.6646
2025-01-12 01:10:00,3281.88,3284.39,3281.0,3283.07,247.5546
2025-01-12 01:15:00,3283.08,3284.78,3280.38,3280.38,873.0275
2025-01-12 01:20:00,3280.37,3281.03,3276.66,3278.46,453.8509
2025-01-12 01:25:00,3278.47,3279.25,3274.12,3275.99,387.3123
2025-01-12 01:30:00,3275.99,3280.8,3275.74,3280.8,341.7023
2025-01-12 01:35:00,3280.8,3283.2,3280.07,3281.26,196.4774
2025-01-12 01:40:00,3281.26,3281.26,3278.31,3280.5,245.9471
2025-01-12 01:45:00,3280.51,3285.93,3280.51,3283.92,234.4723
2025-01-12 01:50:00,3283.91,3287.71,3282.64,3287.71,228.1971
2025-01-12 01:55:00,3287.71,3289.41,3285.82,3289.08,331.6299
2025-01-12 02:00:00,3289.08,3289.38,3285.5,3285.82,405.501
2025-01-12 02:05:00,3285.82,3285.82,3282.64,3282.64,143.9328
2025-01-12 02:10:00,3282.65,3284.91,3282.55,3284.91,275.9801
2025-01-12 02:15:00,3284.91,3285.39,3281.68,3282.43,201.183
2025-01-12 02:20:00,3282.43,3283.38,3279.64,3280.25,353.2745
2025-01-12 02:25:00,3280.25,3282.64,3280.25,3281.75,223.2564
2025-01-12 02:30:00,3281.75,3288.0,3280.81,3286.92,302.6652
2025-01-12 02:35:00,3286.92,3288.84,3286.19,3288.15,211.977
2025-01-12 02:40:00,3288.16,3288.16,3284.62,3284.63,222.1771
2025-01-12 02:45:00,3284.62,3284.63,3282.19,3283.01,221.8183
2025-01-12 02:50:00,3283.01,3284.64,3282.37,3284.0,336.5216
2025-01-12 02:55:00,3284.0,3289.94,3284.0,3289.79,739.1943
2025-01-12 03:00:00,3289.78,3290.91,3287.2,3288.27,444.0811
2025-01-12 03:05:00,3288.28,3289.26,3285.19,3287.32,378.5719
2025-01-12 03:10:00,3287.32,3287.85,3285.5,3285.5,211.4774
2025-01-12 03:15:00,3285.51,3285.51,3282.05,3282.37,261.9926
2025-01-12 03:20:00,3282.36,3283.5,3279.24,3281.39,283.526
2025-01-12 03:25:00,3281.39,3281.8,3278.92,3280.06,247.5028
2025-01-12 03:30:00,3280.06,3283.5,3278.35,3282.68,249.7192
2025-01-12 03:35:00,3282.69,3283.4,3280.26,3282.48,345.2792
2025-01-12 03:40:00,3282.48,3284.51,3282.47,3282.48,200.2101
2025-01-12 03:45:00,3282.49,3284.12,3279.62,3280.71,202.4709
2025-01-12 03:50:00,3280.71,3283.38,3279.83,3282.42,192.9836
2025-01-12 03:55:00,3282.42,3286.0,3282.42,3286.0,458.0364
2025-01-12 04:00:00,3286.0,3286.26,3284.35,3285.28,363.4202
2025-01-12 04:05:00,3285.3,3285.85,3283.88,3284.72,247.8197
2025-01-12 04:10:00,3284.72,3285.23,3282.82,3283.09,121.4655
2025-01-12 04:15:00,3283.1,3283.66,3282.0,3283.34,201.4929
2025-01-12 04:20:00,3283.33,3284.89,3282.56,3284.53,189.2501
2025-01-12 04:25:00,3284.54,3287.99,3284.53,3286.68,233.916
2025-01-12 04:30:00,3286.69,3287.19,3285.24,3286.1,233.292
2025-01-12 04:35:00,3286.09,3289.26,3286.09,3287.6,336.1832
2025-01-12 04:40:00,3287.6,3289.41,3287.39,3288.54,190.7729
2025-01-12 04:45:00,3288.54,3288.97,3284.45,3284.45,198.8729
2025-01-12 04:50:00,3284.45,3284.46,3278.89,3282.95,2957.1327
2025-01-12 04:55:00,3282.95,3284.4,3282.26,3283.49,146.4141
2025-01-12 05:00:00,3283.5,3285.24,3282.64,3282.93,202.797
2025-01-12 05:05:00,3282.94,3285.28,3282.93,3284.43,192.3544
2025-01-12 05:10:00,3284.43,3284.52,3281.99,3284.51,251.0993
2025-01-12 05:15:00,3284.51,3284.89,3279.2,3279.2,356.0365
2025-01-12 05:20:00,3279.2,3281.39,3279.03,3280.88,265.2817
2025-01-12 05:25:00,3280.88,3282.18,3280.87,3281.89,140.7076
2025-01-12 05:30:00,3281.88,3281.89,3279.82,3279.91,170.0477
2025-01-12 05:35:00,3279.91,3281.0,3276.68,3276.68,264.7411
2025-01-12 05:40:00,3276.68,3278.23,3274.28,3276.38,422.9523
2025-01-12 05:45:00,3276.38,3278.98,3275.62,3277.97,260.6288
2025-01-12 05:50:00,3277.96,3279.37,3277.96,3278.49,149.4679
2025-01-12 05:55:00,3278.5,3280.46,3277.77,3279.8,231.732
2025-01-12 06:00:00,3279.81,3281.33,3277.46,3277.46,238.9995
2025-01-12 06:05:00,3277.46,3279.47,3276.85,3277.6,250.611
2025-01-12 06:10:00,3277.6,3279.14,3277.0,3278.98,517.1243
2025-01-12 06:15:00,3278.98,3281.32,3277.44,3277.6,252.3823
2025-01-12 06:20:00,3277.6,3278.99,3276.71,3276.72,249.6884
2025-01-12 06:25:00,3276.71,3276.71,3271.33,3273.33,634.1582
2025-01-12 06:30:00,3273.33,3274.6,3272.45,3273.42,437.7356
2025-01-12 06:35:00,3273.42,3274.76,3270.32,3271.88,394.7113
2025-01-12 06:40:00,3271.89,3272.14,3271.02,3271.72,221.3072
2025-01-12 06:45:00,3271.73,3273.19,3269.05,3270.76,439.7102
2025-01-12 06:50:00,3270.76,3273.57,3267.37,3273.57,652.8601
2025-01-12 06:55:00,3273.57,3273.57,3270.32,3270.33,472.0615
2025-01-12 07:00:00,3270.33,3273.34,3270.32,3273.34,356.7455
2025-01-12 07:05:00,3273.34,3274.0,3266.6,3268.37,387.3553
2025-01-12 07:10:00,3268.37,3268.38,3263.49,3265.91,570.178
2025-01-12 07:15:00,3265.91,3268.63,3265.91,3267.78,428.09
2025-01-12 07:20:00,3267.78,3271.33,3267.08,3270.68,221.8746
2025-01-12 07:25:00,3270.68,3271.94,3270.18,3270.18,282.8152
2025-01-12 07:30:00,3270.19,3273.14,3270.18,3271.14,296.3554
2025-01-12 07:35:00,3271.13,3272.31,3269.61,3270.18,181.4849
2025-01-12 07:40:00,3270.18,3271.33,3265.72,3266.06,625.2999
2025-01-12 07:45:00,3266.05,3268.55,3266.05,3268.55,315.0044
2025-01-12 07:50:00,3268.54,3269.72,3266.64,3266.65,188.8851
2025-01-12 07:55:00,3266.65,3267.84,3266.3,3266.87,158.0772
2025-01-12 08:00:00,3266.87,3269.06,3266.06,3269.05,278.2092
2025-01-12 08:05:00,3269.06,3270.62,3268.0,3269.73,519.283
2025-01-12 08:10:00,3269.73,3271.36,3269.05,3269.06,320.1479
2025-01-12 08:15:00,3269.05,3270.76,3267.51,3267.52,310.8357
2025-01-12 08:20:00,3267.52,3268.35,3265.65,3266.18,280.1138
2025-01-12 08:25:00,3266.19,3266.67,3264.52,3265.29,212.8964
2025-01-12 08:30:00,3265.3,3265.66,3256.74,3259.29,1150.3009
2025-01-12 08:35:00,3259.3,3259.79,3246.27,3248.29,2394.1519
2025-01-12 08:40:00,3248.3,3252.69,3247.64,3252.41,673.0316
2025-01-12 08:45:00,3252.41,3252.41,3240.0,3241.12,2453.9594
2025-01-12 08:50:00,3241.12,3243.79,3237.24,3237.7,1006.5522
2025-01-12 08:55:00,3237.7,3239.98,3235.47,3239.98,702.9759
2025-01-12 09:00:00,3239.98,3242.48,3238.17,3241.49,625.666
2025-01-12 09:05:00,3241.48,3244.95,3237.57,3243.45,664.7572
2025-01-12 09:10:00,3243.44,3243.82,3242.21,3243.46,319.9262
2025-01-12 09:15:00,3243.47,3243.47,3237.0,3240.51,821.4811
2025-01-12 09:20:00,3240.51,3240.71,3237.2,3237.43,440.1685
2025-01-12 09:25:00,3237.41,3237.63,3231.83,3231.84,955.3622
2025-01-12 09:30:00,3231.84,3234.59,3228.48,3231.92,1174.7852
2025-01-12 09:35:00,3231.93,3236.64,3224.49,3236.13,1756.4949
2025-01-12 09:40:00,3236.13,3236.79,3231.3,3232.49,632.2762
2025-01-12 09:45:00,3232.49,3238.17,3232.49,3237.51,1054.4047
2025-01-12 09:50:00,3237.51,3240.85,3236.22,3240.85,557.9516
2025-01-12 09:55:00,3240.84,3240.85,3237.76,3238.67,387.5997
2025-01-12 10:00:00,3238.67,3242.82,3238.36,3240.79,531.5737
2025-01-12 10:05:00,3240.8,3241.49,3237.35,3238.2,649.3849
2025-01-12 10:10:00,3238.21,3242.47,3238.21,3241.12,363.2217
2025-01-12 10:15:00,3241.12,3246.0,3240.0,3244.91,320.7976
2025-01-12 10:20:00,3244.92,3244.92,3236.38,3236.7,665.0729
2025-01-12 10:25:00,3236.71,3240.16,3234.23,3238.81,324.236
2025-01-12 10:30:00,3238.82,3238.82,3235.36,3235.36,310.1026
2025-01-12 10:35:00,3235.37,3239.18,3234.21,3239.18,368.196
2025-01-12 10:40:00,3239.18,3242.56,3238.5,3241.48,270.7401
2025-01-12 10:45:00,3241.48,3245.0,3241.28,3245.0,272.1743
2025-01-12 10:50:00,3244.99,3245.5,3243.5,3244.76,197.7389
2025-01-12 10:55:00,3244.76,3246.31,3244.44,3244.62,332.7737
2025-01-12 11:00:00,3244.63,3246.4,3241.5,3242.76,528.2762
2025-01-12 11:05:00,3242.75,3250.39,3241.97,3246.4,645.5896
2025-01-12 11:10:00,3246.4,3248.22,3246.2,3247.37,246.8496
2025-01-12 11:15:00,3247.36,3251.39,3246.73,3250.23,1027.6058
2025-01-12 11:20:00,3250.23,3252.0,3248.73,3249.6,282.5748
2025-01-12 11:25:00,3249.59,3250.46,3247.6,3250.46,296.6126
2025-01-12 11:30:00,3250.46,3251.24,3248.6,3248.65,535.5946
2025-01-12 11:35:00,3248.65,3252.89,3248.44,3252.54,232.8056
2025-01-12 11:40:00,3252.55,3258.38,3252.55,3258.0,857.5044
2025-01-12 11:45:00,3258.01,3258.01,3254.33,3254.34,264.7365
2025-01-12 11:50:00,3254.33,3256.26,3253.13,3254.25,570.2004
2025-01-12 11:55:00,3254.24,3255.45,3252.93,3253.02,339.6346
2025-01-12 12:00:00,3253.03,3253.25,3250.68,3250.69,343.5883
2025-01-12 12:05:00,3250.69,3251.91,3247.97,3250.75,325.2704
2025-01-12 12:10:00,3250.75,3256.26,3250.74,3255.74,269.5737
2025-01-12 12:15:00,3255.73,3257.27,3254.33,3256.04,261.3062
2025-01-12 12:20:00,3256.03,3263.4,3256.03,3262.94,832.4123
2025-01-12 12:25:00,3262.93,3265.52,3257.34,3257.34,495.3991
2025-01-12 12:30:00,3257.34,3259.18,3255.8,3255.82,485.065
2025-01-12 12:35:00,3255.82,3257.79,3255.11,3256.11,266.4018
2025-01-12 12:40:00,3256.11,3259.11,3255.68,3257.26,217.7381
2025-01-12 12:45:00,3257.27,3259.59,3256.69,3259.0,405.8738
2025-01-12 12:50:00,3259.0,3259.81,3255.7,3256.0,1026.8513
2025-01-12 12:55:00,3256.01,3256.1,3250.42,3250.61,927.8076
2025-01-12 13:00:00,3250.6,3251.8,3247.89,3248.28,2031.5533
2025-01-12 13:05:00,3248.28,3252.49,3248.28,3250.39,2403.462
2025-01-12 13:10:00,3250.4,3255.66,3249.99,3255.66,1519.2156
2025-01-12 13:15:00,3255.66,3260.13,3255.25,3256.96,1300.4854
2025-01-12 13:20:00,3256.95,3264.24,3256.95,3263.51,2497.5269
2025-01-12 13:25:00,3263.51,3264.74,3260.78,3263.55,363.289
2025-01-12 13:30:00,3263.55,3264.53,3259.28,3259.28,486.7524
2025-01-12 13:35:00,3259.29,3261.07,3256.63,3260.0,592.784
2025-01-12 13:40:00,3260.0,3263.39,3259.7,3259.71,531.7344
2025-01-12 13:45:00,3259.7,3268.74,3259.7,3268.16,919.3338
2025-01-12 13:50:00,3268.16,3270.22,3267.38,3268.5,637.845
2025-01-12 13:55:00,3268.51,3271.38,3266.99,3267.09,429.8644
2025-01-12 14:00:00,3267.09,3269.03,3266.0,3268.79,414.5483
2025-01-12 14:05:00,3268.78,3278.41,3267.82,3277.39,1085.2774
2025-01-12 14:10:00,3277.39,3279.24,3272.99,3273.93,702.8716
2025-01-12 14:15:00,3273.92,3280.78,3273.49,3280.16,843.0982
2025-01-12 14:20:00,3280.15,3280.16,3272.89,3274.05,2805.017
2025-01-12 14:25:00,3274.05,3274.63,3270.69,3273.88,3016.279
2025-01-12 14:30:00,3273.88,3277.28,3273.61,3276.61,3445.2108
2025-01-12 14:35:00,3276.61,3277.9,3275.0,3276.57,828.7117
2025-01-12 14:40:00,3276.57,3277.0,3270.9,3272.23,480.3377
2025-01-12 14:45:00,3272.22,3273.4,3267.6,3269.6,489.6251
2025-01-12 14:50:00,3269.6,3271.36,3269.31,3270.09,257.1112
2025-01-12 14:55:00,3270.09,3270.58,3267.76,3269.1,231.6439
2025-01-12 15:00:00,3269.09,3271.52,3267.6,3267.6,248.6941
2025-01-12 15:05:00,3267.6,3270.06,3266.66,3266.83,252.4883
2025-01-12 15:10:00,3266.83,3269.61,3265.5,3268.61,193.3216
2025-01-12 15:15:00,3268.62,3285.01,3267.42,3283.86,1864.5889
2025-01-12 15:20:00,3283.9,3296.01,3283.46,3288.61,2197.7902
2025-01-12 15:25:00,3288.62,3293.01,3282.0,3292.42,2642.7354
2025-01-12 15:30:00,3292.42,3296.14,3283.82,3284.0,2040.3349
2025-01-12 15:35:00,3284.01,3285.24,3277.99,3283.09,1006.0199
2025-01-12 15:40:00,3283.09,3284.8,3281.42,3283.9,323.7677
2025-01-12 15:45:00,3283.89,3284.5,3282.0,3282.99,285.8887
2025-01-12 15:50:00,3282.99,3286.0,3281.0,3285.76,369.9004
2025-01-12 15:55:00,3285.75,3287.57,3284.42,3285.68,307.6615
2025-01-12 16:00:00,3285.68,3288.0,3283.04,3283.78,495.6997
2025-01-12 16:05:00,3283.78,3284.88,3279.64,3280.01,443.1167
2025-01-12 16:10:00,3280.01,3280.96,3274.0,3274.33,621.0058
2025-01-12 16:15:00,3274.34,3277.61,3268.66,3268.99,1350.1953
2025-01-12 16:20:00,3269.0,3276.78,3268.99,3275.34,510.3604
2025-01-12 16:25:00,3275.35,3277.97,3274.79,3277.25,403.8825
2025-01-12 16:30:00,3277.26,3280.99,3276.66,3280.98,573.3688
2025-01-12 16:35:00,3280.98,3285.25,3278.58,3279.86,599.7342
2025-01-12 16:40:00,3279.85,3280.8,3278.11,3280.37,330.1493
2025-01-12 16:45:00,3280.37,3282.0,3278.15,3279.79,274.9232
2025-01-12 16:50:00,3279.79,3279.79,3276.34,3276.35,615.4295
2025-01-12 16:55:00,3276.35,3281.68,3276.34,3281.67,256.4204
2025-01-12 17:00:00,3281.67,3284.36,3280.5,3281.07,429.3928
2025-01-12 17:05:00,3281.07,3284.0,3279.62,3282.25,332.1236
2025-01-12 17:10:00,3282.25,3290.75,3282.24,3289.29,2343.3319
2025-01-12 17:15:00,3289.3,3292.01,3284.12,3284.63,1549.276
2025-01-12 17:20:00,3284.63,3287.4,3284.51,3284.83,418.8393
2025-01-12 17:25:00,3284.83,3285.13,3282.83,3283.73,612.5027
2025-01-12 17:30:00,3283.72,3283.73,3278.37,3281.07,606.8089
2025-01-12 17:35:00,3281.08,3289.84,3280.39,3288.41,594.5036
2025-01-12 17:40:00,3288.41,3291.48,3288.4,3290.79,430.0149
2025-01-12 17:45:00,3290.78,3290.79,3287.17,3290.24,608.0623
2025-01-12 17:50:00,3290.25,3292.43,3289.81,3289.81,364.2538
2025-01-12 17:55:00,3289.82,3290.19,3288.5,3288.57,502.3407
2025-01-12 18:00:00,3288.57,3293.6,3287.39,3291.41,755.959
2025-01-12 18:05:00,3291.42,3300.0,3291.42,3299.57,1320.8549
2025-01-12 18:10:00,3299.57,3299.9,3295.39,3295.47,655.8786
2025-01-12 18:15:00,3295.47,3297.54,3293.96,3293.96,507.6077
2025-01-12 18:20:00,3293.97,3295.43,3292.83,3292.84,313.0637
2025-01-12 18:25:00,3292.84,3294.2,3292.11,3292.8,305.0736
2025-01-12 18:30:00,3292.81,3292.81,3288.16,3288.17,376.8994
2025-01-12 18:35:00,3288.16,3288.41,3283.99,3288.4,521.7902
2025-01-12 18:40:00,3288.41,3288.41,3281.66,3281.93,354.8618
2025-01-12 18:45:00,3281.94,3284.82,3280.74,3284.81,314.7789
2025-01-12 18:50:00,3284.82,3286.3,3284.0,3284.23,411.786
2025-01-12 18:55:00,3284.24,3286.14,3284.24,3285.15,277.4338
2025-01-12 19:00:00,3285.15,3287.0,3282.5,3284.87,363.8357
2025-01-12 19:05:00,3284.86,3288.97,3284.86,3285.23,598.9481
2025-01-12 19:10:00,3285.23,3285.31,3281.52,3282.16,481.0941
2025-01-12 19:15:00,3282.16,3284.07,3281.97,3283.24,384.3259
2025-01-12 19:20:00,3283.24,3283.25,3278.11,3281.12,345.8917
2025-01-12 19:25:00,3281.12,3281.78,3277.39,3278.42,353.8455
2025-01-12 19:30:00,3278.42,3281.82,3278.42,3278.68,426.8898
2025-01-12 19:35:00,3278.69,3281.48,3278.67,3281.48,150.5438
2025-01-12 19:40:00,3281.48,3282.14,3277.81,3280.91,321.5895
2025-01-12 19:45:00,3280.91,3282.93,3279.39,3281.17,386.926
2025-01-12 19:50:00,3281.18,3282.24,3276.89,3279.08,228.9481
2025-01-12 19:55:00,3279.08,3280.49,3278.42,3280.12,140.874
2025-01-12 20:00:00,3280.11,3284.39,3280.01,3284.39,317.4243
2025-01-12 20:05:00,3284.38,3289.31,3284.38,3287.67,605.238
2025-01-12 20:10:00,3287.68,3287.68,3284.54,3286.84,413.9566
2025-01-12 20:15:00,3286.85,3286.85,3284.0,3284.06,192.9701
2025-01-12 20:20:00,3284.07,3285.39,3282.0,3284.73,374.5409
2025-01-12 20:25:00,3284.73,3284.99,3283.51,3283.52,180.2376
2025-01-12 20:30:00,3283.51,3283.51,3279.28,3280.72,321.4649
2025-01-12 20:35:00,3280.72,3282.31,3279.51,3281.29,249.6571
2025-01-12 20:40:00,3281.28,3281.28,3277.37,3277.75,245.9337
2025-01-12 20:45:00,3277.76,3280.0,3273.58,3279.13,702.5091
2025-01-12 20:50:00,3279.13,3280.19,3277.42,3279.99,381.7985
2025-01-12 20:55:00,3279.99,3282.24,3279.78,3281.67,259.0244
2025-01-12 21:00:00,3281.66,3282.94,3278.86,3278.86,473.6039
2025-01-12 21:05:00,3278.81,3280.72,3277.47,3278.06,317.8532
2025-01-12 21:10:00,3278.06,3280.12,3274.16,3274.16,448.1547
2025-01-12 21:15:00,3274.16,3275.2,3263.52,3267.84,1702.9186
2025-01-12 21:20:00,3267.83,3272.09,3266.79,3269.73,409.7694
2025-01-12 21:25:00,3269.74,3278.16,3269.58,3277.05,587.2436
2025-01-12 21:30:00,3277.05,3279.35,3273.74,3273.92,679.791
2025-01-12 21:35:00,3273.92,3275.85,3268.54,3271.74,622.0185
2025-01-12 21:40:00,3271.74,3272.15,3270.18,3271.99,247.9355
2025-01-12 21:45:00,3271.99,3271.99,3264.63,3264.63,476.3653
2025-01-12 21:50:00,3264.63,3267.57,3264.52,3266.75,558.7701
2025-01-12 21:55:00,3266.74,3267.6,3264.7,3266.28,233.8107
2025-01-12 22:00:00,3266.27,3268.2,3264.54,3266.09,468.7692
2025-01-12 22:05:00,3266.09,3266.76,3253.0,3255.48,1785.9884
2025-01-12 22:10:00,3255.48,3255.48,3237.5,3245.29,3424.0685
2025-01-12 22:15:00,3245.28,3245.96,3237.23,3239.68,1046.6894
2025-01-12 22:20:00,3239.67,3242.07,3234.38,3242.06,1484.103
2025-01-12 22:25:00,3242.06,3243.9,3236.14,3238.08,773.0256
2025-01-12 22:30:00,3238.07,3244.99,3236.83,3243.02,760.4519
2025-01-12 22:35:00,3243.02,3251.07,3243.01,3246.39,797.6978
2025-01-12 22:40:00,3246.4,3247.19,3236.2,3244.99,1096.547
2025-01-12 22:45:00,3244.99,3247.53,3242.15,3246.42,725.487
2025-01-12 22:50:00,3246.41,3246.42,3238.49,3238.71,499.7458
2025-01-12 22:55:00,3238.71,3241.89,3236.41,3240.62,417.3522
2025-01-12 23:00:00,3240.62,3249.23,3239.26,3244.39,986.2247
2025-01-12 23:05:00,3244.37,3245.95,3239.23,3244.97,486.408
2025-01-12 23:10:00,3244.97,3248.68,3244.38,3248.06,280.2741
2025-01-12 23:15:00,3248.06,3249.0,3243.19,3243.64,433.57
2025-01-12 23:20:00,3243.64,3247.17,3242.72,3246.38,270.7313
2025-01-12 23:25:00,3246.38,3251.43,3245.87,3250.67,214.1656
2025-01-12 23:30:00,3250.66,3259.89,3250.66,3259.43,472.6168
2025-01-12 23:35:00,3259.44,3262.76,3258.26,3260.57,657.9555
2025-01-12 23:40:00,3260.56,3265.5,3259.55,3264.44,474.5475
2025-01-12 23:45:00,3264.45,3265.3,3261.63,3264.52,357.1298
2025-01-12 23:50:00,3264.53,3266.31,3263.84,3265.51,375.8812
2025-01-12 23:55:00,3265.51,3269.22,3265.29,3267.3,550.9516
2025-01-13 00:00:00,3267.3,3277.24,3265.51,3274.79,1282.3112
2025-01-13 00:05:00,3274.8,3276.35,3270.05,3275.96,737.5719
2025-01-13 00:10:00,3275.94,3281.92,3275.1,3278.76,964.4592
2025-01-13 00:15:00,3278.77,3281.36,3274.33,3274.57,493.5912
2025-01-13 00:20:00,3274.58,3281.29,3272.32,3281.28,470.155
2025-01-13 00:25:00,3281.29,3313.49,3281.28,3303.67,6186.5038
2025-01-13 00:30:00,3303.66,3329.95,3303.04,3326.66,5165.8754
2025-01-13 00:35:00,3326.66,3339.0,3325.58,3329.6,4698.8476
2025-01-13 00:40:00,3329.6,3336.31,3315.41,3319.21,4349.1096
2025-01-13 00:45:00,3319.21,3321.26,3309.91,3315.83,1822.0753
2025-01-13 00:50:00,3315.83,3321.8,3312.56,3312.9,888.212
2025-01-13 00:55:00,3312.9,3314.26,3308.22,3308.56,824.1962
2025-01-13 01:00:00,3308.55,3311.68,3296.0,3301.61,1984.6459
2025-01-13 01:05:00,3301.68,3301.68,3292.06,3298.31,1434.175
2025-01-13 01:10:00,3298.31,3302.72,3292.94,3294.65,1007.1127
2025-01-13 01:15:00,3294.65,3295.19,3285.14,3288.41,1625.6069
2025-01-13 01:20:00,3288.41,3308.08,3287.72,3301.47,2233.0337
2025-01-13 01:25:00,3301.47,3312.4,3300.81,3304.79,1829.6923
2025-01-13 01:30:00,3304.79,3306.73,3295.66,3303.27,1574.039
2025-01-13 01:35:00,3303.27,3303.48,3287.28,3289.5,802.2808
2025-01-13 01:40:00,3289.51,3289.51,3271.39,3276.14,3024.6457
2025-01-13 01:45:00,3276.14,3280.99,3253.05,3253.43,2506.4551
2025-01-13 01:50:00,3253.44,3262.4,3252.77,3254.23,2831.5982
2025-01-13 01:55:00,3254.24,3262.25,3254.0,3261.48,1158.1042
2025-01-13 02:00:00,3261.47,3266.31,3257.74,3261.97,996.0744
2025-01-13 02:05:00,3261.97,3263.85,3256.17,3258.05,844.0382
2025-01-13 02:10:00,3258.06,3265.93,3257.37,3263.0,753.1028
2025-01-13 02:15:00,3263.0,3270.95,3262.0,3267.7,1185.8975
2025-01-13 02:20:00,3267.7,3267.7,3257.6,3259.83,807.7039
2025-01-13 02:25:00,3259.84,3265.0,3258.34,3263.0,896.3197
2025-01-13 02:30:00,3263.0,3263.0,3252.54,3258.0,983.9975
2025-01-13 02:35:00,3258.01,3258.01,3247.01,3248.48,1356.8825
2025-01-13 02:40:00,3248.48,3250.03,3243.01,3244.05,2170.9877
2025-01-13 02:45:00,3244.05,3247.77,3240.13,3242.76,1342.1783
2025-01-13 02:50:00,3242.75,3250.8,3237.0,3250.23,2641.3869
2025-01-13 02:55:00,3250.23,3258.29,3247.12,3255.96,1023.1642
2025-01-13 03:00:00,3255.96,3267.33,3255.46,3266.0,1160.0582
2025-01-13 03:05:00,3266.0,3266.0,3260.59,3261.83,574.5459
2025-01-13 03:10:00,3261.82,3261.83,3257.26,3258.98,377.5223
2025-01-13 03:15:00,3258.98,3259.27,3253.01,3253.02,830.1874
2025-01-13 03:20:00,3253.02,3254.85,3245.53,3249.23,742.6342
2025-01-13 03:25:00,3249.23,3258.84,3247.67,3255.52,654.1251
2025-01-13 03:30:00,3255.52,3260.28,3255.08,3259.84,855.0287
2025-01-13 03:35:00,3259.84,3261.9,3253.93,3253.94,510.3886
2025-01-13 03:40:00,3253.93,3257.15,3250.0,3254.01,661.4693
2025-01-13 03:45:00,3254.01,3254.01,3235.69,3240.26,2167.5561
2025-01-13 03:50:00,3240.27,3246.8,3237.74,3245.5,893.3237
2025-01-13 03:55:00,3245.51,3245.51,3241.02,3242.72,570.6436
2025-01-13 04:00:00,3242.73,3249.99,3241.04,3247.46,1328.5758
2025-01-13 04:05:00,3247.46,3251.0,3245.73,3250.1,1760.604
2025-01-13 04:10:00,3250.1,3250.75,3244.0,3247.16,1631.1544
2025-01-13 04:15:00,3247.15,3253.0,3246.6,3252.15,1632.5439
2025-01-13 04:20:00,3252.14,3254.8,3247.58,3254.79,750.885
2025-01-13 04:25:00,3254.8,3260.0,3254.66,3255.25,1187.6647
2025-01-13 04:30:00,3255.25,3260.49,3251.69,3252.49,511.6802
2025-01-13 04:35:00,3252.5,3252.79,3243.2,3245.1,1083.8302
2025-01-13 04:40:00,3245.11,3247.84,3241.05,3242.06,569.7568
2025-01-13 04:45:00,3242.05,3243.6,3238.99,3241.49,714.1992
2025-01-13 04:50:00,3241.49,3244.21,3240.43,3240.84,482.542
2025-01-13 04:55:00,3240.85,3242.0,3238.77,3239.01,481.7557
2025-01-13 05:00:00,3239.01,3239.01,3226.59,3227.08,2019.6941
2025-01-13 05:05:00,3227.08,3230.5,3220.66,3226.9,2195.0974
2025-01-13 05:10:00,3226.9,3230.0,3226.31,3228.69,523.6524
2025-01-13 05:15:00,3228.68,3233.3,3225.92,3225.92,671.8494
2025-01-13 05:20:00,3225.91,3233.15,3224.2,3227.54,641.9316
2025-01-13 05:25:00,3227.54,3227.54,3217.56,3222.73,1512.9271
2025-01-13 05:30:00,3222.74,3224.99,3219.2,3222.84,892.6886
2025-01-13 05:35:00,3222.85,3224.72,3218.8,3219.94,985.038
2025-01-13 05:40:00,3219.94,3228.88,3218.56,3223.56,734.2208
2025-01-13 05:45:00,3223.56,3223.6,3213.0,3217.22,3310.9243
2025-01-13 05:50:00,3217.21,3230.12,3217.21,3228.13,1365.4508
2025-01-13 05:55:00,3228.14,3229.93,3224.29,3225.83,889.8737
2025-01-13 06:00:00,3225.82,3227.47,3219.53,3224.82,640.1659
2025-01-13 06:05:00,3224.82,3232.56,3224.81,3228.78,695.5702
2025-01-13 06:10:00,3228.78,3233.53,3228.63,3231.15,349.9237
2025-01-13 06:15:00,3231.14,3231.5,3223.73,3226.0,516.1096
2025-01-13 06:20:00,3226.0,3229.79,3224.5,3228.67,441.7384
2025-01-13 06:25:00,3228.67,3229.79,3218.08,3221.41,665.6267
2025-01-13 06:30:00,3221.42,3223.22,3215.0,3215.01,674.5819
2025-01-13 06:35:00,3215.0,3215.01,3204.17,3210.14,3499.3324
2025-01-13 06:40:00,3210.14,3214.07,3206.43,3206.56,776.5701
2025-01-13 06:45:00,3206.56,3207.04,3184.22,3192.41,7631.5048
2025-01-13 06:50:00,3192.41,3195.78,3181.3,3183.41,1972.7713
2025-01-13 06:55:00,3183.41,3193.0,3181.33,3191.36,1548.3665
2025-01-13 07:00:00,3191.37,3199.4,3189.02,3193.57,1378.4459
2025-01-13 07:05:00,3193.56,3198.0,3183.5,3197.69,1369.4777
2025-01-13 07:10:00,3197.69,3201.89,3194.77,3194.81,1101.2319
2025-01-13 07:15:00,3194.8,3200.77,3192.03,3197.21,2477.1629
2025-01-13 07:20:00,3197.2,3201.83,3196.07,3201.83,658.7777
2025-01-13 07:25:00,3201.83,3204.8,3201.66,3203.19,1177.4372
2025-01-13 07:30:00,3203.19,3203.19,3195.95,3200.74,1097.8397
2025-01-13 07:35:00,3200.74,3209.74,3200.64,3203.12,1139.9343
2025-01-13 07:40:00,3203.12,3206.93,3202.76,3203.76,615.5385
2025-01-13 07:45:00,3203.76,3204.4,3199.44,3201.39,765.0608
2025-01-13 07:50:00,3201.39,3202.01,3198.33,3201.66,469.2518
2025-01-13 07:55:00,3201.67,3202.5,3199.0,3201.66,525.4861
2025-01-13 08:00:00,3201.66,3205.9,3200.85,3203.89,819.8471
2025-01-13 08:05:00,3203.9,3203.9,3191.61,3193.25,879.4207
2025-01-13 08:10:00,3193.26,3195.84,3190.0,3195.83,659.383
2025-01-13 08:15:00,3195.84,3197.6,3189.53,3189.58,1326.3399
2025-01-13 08:20:00,3189.59,3192.22,3161.7,3173.69,6937.3715
2025-01-13 08:25:00,3173.69,3180.16,3172.0,3177.63,1497.3699
2025-01-13 08:30:00,3177.64,3180.93,3169.56,3174.02,1134.8625
2025-01-13 08:35:00,3174.02,3183.04,3174.02,3177.99,1417.1693
2025-01-13 08:40:00,3177.99,3178.53,3170.99,3176.43,1640.7297
2025-01-13 08:45:00,3176.41,3179.32,3172.37,3172.93,876.8475
2025-01-13 08:50:00,3172.93,3174.06,3167.88,3169.09,1107.9676
2025-01-13 08:55:00,3169.08,3173.83,3169.08,3169.36,872.145
2025-01-13 09:00:00,3169.36,3175.82,3164.42,3166.0,2035.1961
2025-01-13 09:05:00,3166.0,3176.98,3158.61,3171.84,3371.1657
2025-01-13 09:10:00,3171.86,3176.34,3167.82,3170.58,1424.7157
2025-01-13 09:15:00,3170.58,3172.81,3167.5,3170.24,1915.533
2025-01-13 09:20:00,3170.24,3171.12,3161.58,3162.63,2030.8691
2025-01-13 09:25:00,3162.63,3171.18,3152.36,3156.51,4853.7035
2025-01-13 09:30:00,3156.52,3162.5,3124.18,3139.95,12606.5865
2025-01-13 09:35:00,3139.96,3167.32,3139.95,3164.43,3747.7264
2025-01-13 09:40:00,3164.43,3168.72,3158.62,3161.38,1560.4702
2025-01-13 09:45:00,3161.38,3166.87,3160.41,3165.3,1815.2595
2025-01-13 09:50:00,3165.3,3165.44,3155.42,3157.12,2303.6893
2025-01-13 09:55:00,3157.11,3157.4,3151.64,3155.8,1664.1288
2025-01-13 10:00:00,3155.81,3156.84,3143.55,3149.8,1815.8415
2025-01-13 10:05:00,3149.81,3153.45,3145.78,3152.96,2290.9553
2025-01-13 10:10:00,3152.96,3156.16,3151.21,3151.23,1533.2421
2025-01-13 10:15:00,3151.23,3151.29,3140.22,3145.97,2633.9549
2025-01-13 10:20:00,3145.98,3146.2,3124.55,3125.61,3684.8354
2025-01-13 10:25:00,3125.62,3129.88,3115.0,3122.29,7580.3431
2025-01-13 10:30:00,3122.28,3124.64,3114.0,3120.95,6277.1735
2025-01-13 10:35:00,3120.93,3134.5,3120.48,3132.67,4498.7943
2025-01-13 10:40:00,3132.67,3133.86,3114.3,3118.8,4257.6284
2025-01-13 10:45:00,3118.8,3123.12,3111.28,3111.77,2885.195
2025-01-13 10:50:00,3111.77,3115.0,3106.74,3107.31,3738.3435
2025-01-13 10:55:00,3107.31,3124.89,3107.31,3118.61,2998.3577
2025-01-13 11:00:00,3118.61,3123.7,3112.35,3120.23,1967.7539
2025-01-13 11:05:00,3120.22,3123.81,3109.65,3109.98,1525.4978
2025-01-13 11:10:00,3109.98,3113.0,3108.83,3110.71,1756.6843
2025-01-13 11:15:00,3110.71,3113.58,3106.59,3110.49,1796.5631
2025-01-13 11:20:00,3110.49,3121.13,3110.0,3113.56,2212.3299
2025-01-13 11:25:00,3113.56,3116.06,3103.68,3104.22,2568.8752
2025-01-13 11:30:00,3104.22,3107.13,3068.56,3082.53,21456.3644
2025-01-13 11:35:00,3082.5,3095.72,3079.03,3079.69,6681.5796
2025-01-13 11:40:00,3079.69,3081.77,3066.44,3075.49,11767.9435
2025-01-13 11:45:00,3075.49,3085.5,3073.91,3079.29,4470.8145
2025-01-13 11:50:00,3079.29,3085.0,3072.83,3072.98,3092.1739
2025-01-13 11:55:00,3072.98,3073.6,3055.88,3057.16,6160.1308
2025-01-13 12:00:00,3057.15,3063.04,3046.0,3046.02,7666.8402
2025-01-13 12:05:00,3046.02,3079.25,3044.57,3077.84,6221.5447
2025-01-13 12:10:00,3077.85,3085.54,3068.82,3070.4,4588.4106
2025-01-13 12:15:00,3070.39,3074.12,3060.0,3068.07,2935.3322
2025-01-13 12:20:00,3068.07,3075.99,3063.84,3063.85,2156.6129
2025-01-13 12:25:00,3063.85,3068.83,3062.56,3066.93,1607.9719
2025-01-13 12:30:00,3066.93,3066.93,3052.27,3054.2,2416.16
2025-01-13 12:35:00,3054.21,3059.64,3040.0,3044.26,5234.4891
2025-01-13 12:40:00,3044.26,3066.08,3040.2,3064.01,3425.194
2025-01-13 12:45:00,3064.0,3065.49,3050.2,3051.49,2034.7839
2025-01-13 12:50:00,3051.49,3063.5,3051.01,3060.0,2561.7321
2025-01-13 12:55:00,3059.99,3061.96,3046.54,3046.96,2858.9122
2025-01-13 13:00:00,3046.97,3055.0,3033.05,3054.33,4312.4624
2025-01-13 13:05:00,3054.33,3077.79,3051.3,3075.91,6048.4772
2025-01-13 13:10:00,3075.9,3078.92,3067.23,3075.15,3516.7207
2025-01-13 13:15:00,3075.15,3089.38,3074.03,3089.04,3257.3512
2025-01-13 13:20:00,3089.03,3091.35,3079.75,3088.21,3652.7731
2025-01-13 13:25:00,3088.21,3091.38,3076.43,3077.24,4116.3817
2025-01-13 13:30:00,3077.24,3079.71,3067.4,3075.22,2695.1221
2025-01-13 13:35:00,3075.21,3077.5,3068.34,3068.63,1362.7727
2025-01-13 13:40:00,3068.63,3069.93,3063.01,3067.08,2318.5736
2025-01-13 13:45:00,3067.08,3067.59,3057.6,3058.36,2301.5774
2025-01-13 13:50:00,3058.36,3065.67,3058.36,3063.14,1338.7206
2025-01-13 13:55:00,3063.08,3063.09,3059.59,3060.05,797.2297
2025-01-13 14:00:00,3060.05,3060.98,3039.12,3053.38,7912.1262
2025-01-13 14:05:00,3053.38,3057.2,3042.5,3050.87,5296.2685
2025-01-13 14:10:00,3050.88,3053.59,3044.31,3051.33,2871.4002
2025-01-13 14:15:00,3051.32,3055.54,3045.85,3051.81,2206.975
2025-01-13 14:20:00,3051.81,3058.03,3045.0,3045.0,1658.5807
2025-01-13 14:25:00,3045.0,3048.91,3036.26,3047.2,2692.8586
2025-01-13 14:30:00,3047.23,3047.76,2940.99,2957.49,37657.2773
2025-01-13 14:35:00,2955.16,2995.49,2920.0,2980.36,42620.3587
2025-01-13 14:40:00,2980.36,3033.62,2977.2,3019.95,21322.3802
2025-01-13 14:45:00,3019.96,3037.53,3009.61,3027.68,14801.6735
2025-01-13 14:50:00,3027.68,3052.0,3022.87,3049.52,10653.9684
2025-01-13 14:55:00,3049.52,3053.36,3026.81,3034.41,10177.2137
2025-01-13 15:00:00,3034.4,3047.0,3026.01,3043.51,7435.8916
2025-01-13 15:05:00,3043.56,3060.68,3041.5,3056.26,7975.3384
2025-01-13 15:10:00,3056.25,3058.65,3044.21,3054.73,6428.9044
2025-01-13 15:15:00,3054.74,3064.59,3044.22,3059.56,6446.8933
2025-01-13 15:20:00,3059.56,3078.04,3058.39,3066.6,10412.1054
2025-01-13 15:25:00,3066.6,3066.78,3042.52,3049.61,6953.429
2025-01-13 15:30:00,3049.6,3062.27,3038.09,3052.86,4406.8873
2025-01-13 15:35:00,3052.86,3065.33,3052.33,3064.04,4279.0511
2025-01-13 15:40:00,3064.04,3072.46,3060.82,3067.57,3210.6666
2025-01-13 15:45:00,3067.58,3069.0,3057.19,3064.9,3892.5652
2025-01-13 15:50:00,3064.89,3065.39,3049.55,3050.81,3464.5208
2025-01-13 15:55:00,3050.81,3056.83,3047.8,3049.0,3448.0881
2025-01-13 16:00:00,3049.01,3056.49,3040.03,3052.35,4739.5586
2025-01-13 16:05:00,3052.35,3060.51,3046.66,3049.07,3229.4665
2025-01-13 16:10:00,3049.07,3054.93,3032.33,3042.09,4136.9535
2025-01-13 16:15:00,3042.09,3045.6,3029.99,3034.65,4740.5404
2025-01-13 16:20:00,3034.65,3037.71,3021.25,3025.17,5340.8182
2025-01-13 16:25:00,3025.2,3035.54,3024.4,3024.46,2610.8336
2025-01-13 16:30:00,3024.46,3032.89,3021.35,3029.02,2967.356
2025-01-13 16:35:00,3029.03,3035.0,3027.15,3030.13,1877.561
2025-01-13 16:40:00,3030.13,3038.12,3030.0,3037.56,2093.4126
2025-01-13 16:45:00,3037.55,3041.5,3030.0,3030.28,1383.3495
2025-01-13 16:50:00,3030.29,3031.87,3014.1,3016.95,3635.0194
2025-01-13 16:55:00,3016.95,3018.59,3005.68,3009.91,4697.1249
2025-01-13 17:00:00,3009.91,3019.22,3005.92,3013.46,3470.3801
2025-01-13 17:05:00,3013.49,3026.25,3004.2,3025.0,4819.9078
2025-01-13 17:10:00,3025.0,3030.67,3013.92,3018.61,2056.2589
2025-01-13 17:15:00,3018.6,3028.72,3017.43,3024.91,2492.7702
2025-01-13 17:20:00,3024.91,3026.5,3018.0,3019.89,1514.8719
2025-01-13 17:25:00,3019.89,3031.16,3019.18,3026.02,1497.9006
2025-01-13 17:30:00,3026.02,3036.14,3020.2,3035.85,1476.3912
2025-01-13 17:35:00,3035.85,3037.08,3017.24,3020.91,2263.0021
2025-01-13 17:40:00,3020.9,3021.27,3008.29,3010.34,3424.3562
2025-01-13 17:45:00,3010.33,3021.31,3009.29,3010.54,2282.0943
2025-01-13 17:50:00,3010.55,3017.58,3005.53,3007.31,3777.7713
2025-01-13 17:55:00,3007.31,3020.99,3007.08,3020.79,1938.5305
2025-01-13 18:00:00,3020.79,3033.2,3017.9,3032.11,2651.22
2025-01-13 18:05:00,3032.1,3034.23,3023.17,3026.24,1823.5463
2025-01-13 18:10:00,3026.25,3027.56,3010.0,3014.67,2046.012
2025-01-13 18:15:00,3014.67,3015.11,2994.54,2998.07,6983.4884
2025-01-13 18:20:00,2998.07,2998.55,2987.24,2991.12,4886.9218
2025-01-13 18:25:00,2991.11,2996.0,2986.4,2988.0,2996.9392
2025-01-13 18:30:00,2988.0,3010.16,2988.0,3007.89,3214.1677
2025-01-13 18:35:00,3007.9,3017.5,3007.04,3011.1,1920.5053
2025-01-13 18:40:00,3011.1,3014.59,2996.8,2999.83,2646.3875
2025-01-13 18:45:00,2999.82,3013.99,2994.49,3013.76,2197.3137
2025-01-13 18:50:00,3013.76,3016.0,3000.0,3000.01,1761.2132
2025-01-13 18:55:00,3000.01,3011.5,2999.51,3007.6,2219.15
2025-01-13 19:00:00,3007.61,3016.88,3006.0,3014.72,2208.8741
2025-01-13 19:05:00,3014.71,3025.0,3014.13,3020.92,2475.9184
2025-01-13 19:10:00,3020.97,3026.71,3014.7,3015.72,2731.375
2025-01-13 19:15:00,3015.72,3016.76,3001.12,3002.23,2229.4795
2025-01-13 19:20:00,3002.24,3005.27,2993.0,3003.94,3192.8959
2025-01-13 19:25:00,3003.93,3017.5,3003.93,3017.23,1273.0674
2025-01-13 19:30:00,3017.23,3020.94,3010.3,3018.17,1761.7582
2025-01-13 19:35:00,3018.29,3023.88,3012.09,3023.47,1855.7739
2025-01-13 19:40:00,3023.49,3033.16,3023.49,3032.18,2053.2866
2025-01-13 19:45:00,3032.18,3037.91,3027.4,3027.69,3020.1704
2025-01-13 19:50:00,3027.7,3031.16,3017.6,3022.49,2138.951
2025-01-13 19:55:00,3022.49,3029.5,3021.13,3025.07,1089.1957
2025-01-13 20:00:00,3025.06,3030.0,3017.64,3018.86,1659.4944
2025-01-13 20:05:00,3018.85,3024.91,3015.0,3017.21,1606.6469
2025-01-13 20:10:00,3017.21,3018.45,3012.93,3014.24,1011.9372
2025-01-13 20:15:00,3014.24,3024.23,3011.71,3024.23,1116.0666
2025-01-13 20:20:00,3024.23,3030.46,3018.63,3020.24,1347.2374
2025-01-13 20:25:00,3020.25,3027.26,3020.25,3024.16,1865.8062
2025-01-13 20:30:00,3024.16,3045.0,3023.62,3042.85,2632.2485
2025-01-13 20:35:00,3042.85,3053.52,3042.0,3046.32,2283.1089
2025-01-13 20:40:00,3046.31,3059.78,3046.31,3059.52,2710.8794
2025-01-13 20:45:00,3059.51,3075.37,3059.51,3075.12,3083.193
2025-01-13 20:50:00,3075.12,3104.85,3070.89,3093.81,10022.7579
2025-01-13 20:55:00,3093.81,3100.39,3087.5,3091.36,3852.308
2025-01-13 21:00:00,3091.36,3104.01,3083.13,3087.57,9001.8162
2025-01-13 21:05:00,3087.58,3107.34,3087.44,3101.59,3669.1098
2025-01-13 21:10:00,3101.6,3111.21,3097.82,3105.69,6599.9941
2025-01-13 21:15:00,3105.7,3111.25,3094.4,3096.94,3834.6715
2025-01-13 21:20:00,3096.93,3107.32,3095.8,3106.95,1393.7417
2025-01-13 21:25:00,3106.94,3110.01,3101.55,3103.89,2004.5916
2025-01-13 21:30:00,3103.89,3108.98,3090.61,3095.69,3341.6253
2025-01-13 21:35:00,3095.69,3106.41,3086.77,3105.19,3365.9298
2025-01-13 21:40:00,3105.2,3120.01,3105.2,3119.41,3476.5281
2025-01-13 21:45:00,3119.4,3119.41,3106.0,3113.59,2374.3199
2025-01-13 21:50:00,3113.59,3115.3,3108.55,3109.55,848.1968
2025-01-13 21:55:00,3109.54,3115.0,3108.55,3114.39,1316.2548
2025-01-13 22:00:00,3114.39,3119.77,3112.71,3118.82,1621.8852
2025-01-13 22:05:00,3118.81,3128.0,3113.5,3128.0,2596.9155
2025-01-13 22:10:00,3127.99,3132.32,3124.41,3132.0,1555.9695
2025-01-13 22:15:00,3132.0,3133.58,3122.2,3133.57,3092.9898
2025-01-13 22:20:00,3133.57,3142.58,3125.4,3138.0,3392.7746
2025-01-13 22:25:00,3137.97,3143.2,3136.69,3136.69,1119.5843
2025-01-13 22:30:00,3136.69,3139.56,3127.28,3128.44,1300.6488
2025-01-13 22:35:00,3128.44,3131.36,3120.74,3127.72,1560.0506
2025-01-13 22:40:00,3127.72,3128.73,3123.8,3127.78,743.2007
2025-01-13 22:45:00,3127.79,3131.65,3126.76,3129.01,722.9406
2025-01-13 22:50:00,3129.01,3129.01,3124.64,3126.32,486.2694
2025-01-13 22:55:00,3126.32,3132.78,3126.31,3131.96,854.573
2025-01-13 23:00:00,3131.97,3134.91,3126.0,3134.91,769.9162
2025-01-13 23:05:00,3134.91,3135.32,3126.6,3131.36,637.5842
2025-01-13 23:10:00,3131.36,3140.15,3131.36,3135.92,825.7097
2025-01-13 23:15:00,3135.92,3137.68,3134.8,3137.68,446.2422
2025-01-13 23:20:00,3137.68,3140.99,3136.45,3136.52,950.8127
2025-01-13 23:25:00,3136.52,3136.52,3127.87,3130.65,652.1193
2025-01-13 23:30:00,3130.66,3132.44,3128.29,3132.0,597.1894
2025-01-13 23:35:00,3131.99,3137.36,3131.99,3137.0,814.7986
2025-01-13 23:40:00,3136.99,3137.0,3131.49,3133.67,511.013
2025-01-13 23:45:00,3133.66,3133.67,3130.0,3130.0,365.3328
2025-01-13 23:50:00,3130.01,3136.49,3129.78,3136.19,776.9605
2025-01-13 23:55:00,3136.2,3138.86,3135.56,3137.51,488.3796
2025-01-14 00:00:00,3137.51,3139.19,3133.87,3135.62,1279.6788
2025-01-14 00:05:00,3135.61,3136.96,3130.56,3132.01,866.7019
2025-01-14 00:10:00,3132.0,3133.39,3128.21,3128.64,1012.3321
2025-01-14 00:15:00,3128.64,3136.99,3126.8,3132.17,1085.5145
2025-01-14 00:20:00,3132.16,3148.54,3130.73,3142.72,2190.2593
2025-01-14 00:25:00,3142.73,3145.6,3135.4,3135.99,888.1323
2025-01-14 00:30:00,3135.94,3138.06,3129.01,3129.85,1031.4522
2025-01-14 00:35:00,3129.86,3133.97,3128.3,3129.44,634.1601
2025-01-14 00:40:00,3129.44,3139.65,3128.63,3131.18,1253.5594
2025-01-14 00:45:00,3131.18,3133.26,3125.65,3129.43,857.4536
2025-01-14 00:50:00,3129.43,3137.01,3128.75,3135.6,900.3577
2025-01-14 00:55:00,3135.6,3135.79,3130.82,3134.3,505.3051
2025-01-14 01:00:00,3134.31,3145.01,3133.69,3142.97,1245.384
2025-01-14 01:05:00,3142.97,3157.72,3141.74,3155.5,2176.7304
2025-01-14 01:10:00,3155.5,3159.6,3153.66,3159.0,2354.2298
2025-01-14 01:15:00,3159.0,3159.35,3145.0,3145.0,1419.1399
2025-01-14 01:20:00,3145.0,3149.7,3144.15,3147.55,782.8867
2025-01-14 01:25:00,3147.55,3155.48,3147.3,3152.39,891.5613
2025-01-14 01:30:00,3152.4,3155.48,3145.28,3147.2,1073.6072
2025-01-14 01:35:00,3147.2,3148.68,3140.18,3143.21,1176.5061
2025-01-14 01:40:00,3143.2,3146.35,3138.01,3141.89,1460.7514
2025-01-14 01:45:00,3141.88,3146.74,3136.9,3140.8,684.745
2025-01-14 01:50:00,3140.8,3145.35,3138.49,3139.55,855.6727
2025-01-14 01:55:00,3139.55,3140.49,3136.79,3139.52,465.3802
2025-01-14 02:00:00,3139.51,3143.69,3138.02,3142.88,959.9074
2025-01-14 02:05:00,3142.88,3143.29,3132.11,3138.73,798.6284
2025-01-14 02:10:00,3138.72,3147.0,3138.09,3146.41,699.05
2025-01-14 02:15:00,3146.42,3158.8,3146.4,3157.92,1168.8006
2025-01-14 02:20:00,3157.92,3167.38,3152.84,3163.63,2111.22
2025-01-14 02:25:00,3163.62,3166.8,3160.16,3164.16,1460.3761
2025-01-14 02:30:00,3164.15,3165.39,3156.68,3159.07,1356.178
2025-01-14 02:35:00,3159.07,3166.35,3157.27,3163.25,948.3291
2025-01-14 02:40:00,3163.25,3165.29,3157.5,3158.07,716.3039
2025-01-14 02:45:00,3158.08,3159.78,3152.72,3153.66,682.7208
2025-01-14 02:50:00,3153.66,3157.16,3152.07,3155.98,747.2156
2025-01-14 02:55:00,3155.98,3159.63,3155.98,3157.36,494.6304
2025-01-14 03:00:00,3157.36,3160.81,3155.0,3156.6,756.4265
2025-01-14 03:05:00,3156.61,3160.5,3155.77,3160.49,793.7349
2025-01-14 03:10:00,3160.48,3168.8,3160.48,3167.7,877.8214
2025-01-14 03:15:00,3167.7,3167.77,3161.6,3166.08,848.9634
2025-01-14 03:20:00,3166.08,3174.0,3166.07,3170.14,1452.3561
2025-01-14 03:25:00,3170.15,3174.23,3167.02,3171.54,951.7903
2025-01-14 03:30:00,3171.54,3175.51,3165.67,3165.67,1078.6982
2025-01-14 03:35:00,3165.67,3167.48,3164.4,3166.34,685.6264
2025-01-14 03:40:00,3166.33,3169.44,3163.39,3168.44,758.7284
2025-01-14 03:45:00,3168.43,3169.32,3165.19,3166.65,390.076
2025-01-14 03:50:00,3166.64,3167.0,3158.09,3159.85,1310.4047
2025-01-14 03:55:00,3159.85,3161.16,3158.4,3158.87,547.4803
2025-01-14 04:00:00,3158.87,3164.2,3158.86,3161.97,723.8212
2025-01-14 04:05:00,3161.96,3163.79,3159.82,3163.2,662.816
2025-01-14 04:10:00,3163.2,3166.94,3161.56,3166.94,747.9739
2025-01-14 04:15:00,3166.94,3170.86,3165.89,3165.89,994.0707
2025-01-14 04:20:00,3165.89,3167.41,3164.13,3166.73,536.0439
2025-01-14 04:25:00,3166.74,3166.8,3161.76,3162.62,844.0655
2025-01-14 04:30:00,3162.62,3162.63,3159.6,3161.97,560.7666
2025-01-14 04:35:00,3161.96,3168.12,3161.96,3168.11,714.2134
2025-01-14 04:40:00,3168.12,3169.92,3167.08,3168.67,503.9001
2025-01-14 04:45:00,3168.67,3169.92,3167.28,3168.95,520.5381
2025-01-14 04:50:00,3168.95,3174.14,3167.92,3174.05,532.187
2025-01-14 04:55:00,3174.06,3175.0,3172.05,3172.96,563.0785
2025-01-14 05:00:00,3172.96,3175.17,3171.32,3173.57,409.1854
2025-01-14 05:05:00,3173.57,3181.29,3173.56,3181.27,1282.2392
2025-01-14 05:10:00,3181.27,3182.69,3178.89,3180.11,2268.5563
2025-01-14 05:15:00,3180.11,3180.11,3174.0,3175.38,628.172
2025-01-14 05:20:00,3175.38,3175.79,3168.11,3169.2,1195.301
2025-01-14 05:25:00,3169.2,3170.12,3167.92,3170.11,642.1455
2025-01-14 05:30:00,3170.12,3172.0,3165.63,3165.63,716.8214
2025-01-14 05:35:00,3165.63,3170.42,3164.28,3169.83,907.8463
2025-01-14 05:40:00,3169.84,3173.12,3167.64,3168.85,430.7418
2025-01-14 05:45:00,3168.85,3169.75,3165.81,3165.82,395.9348
2025-01-14 05:50:00,3165.82,3165.82,3162.0,3163.85,519.0956
2025-01-14 05:55:00,3163.84,3164.5,3159.6,3161.99,650.3316
2025-01-14 06:00:00,3162.0,3164.22,3158.18,3160.36,903.3896
2025-01-14 06:05:00,3160.36,3169.16,3160.36,3168.99,634.562
2025-01-14 06:10:00,3169.0,3171.54,3168.27,3168.28,654.0627
2025-01-14 06:15:00,3168.28,3174.49,3167.5,3173.19,479.809
2025-01-14 06:20:00,3173.2,3174.25,3167.05,3174.24,1043.0341
2025-01-14 06:25:00,3174.24,3181.98,3174.24,3177.08,1095.6837
2025-01-14 06:30:00,3177.06,3177.88,3173.73,3175.71,455.9461
2025-01-14 06:35:00,3175.71,3184.0,3175.29,3183.87,1003.8449
2025-01-14 06:40:00,3183.86,3187.95,3182.62,3185.32,716.1562
2025-01-14 06:45:00,3185.32,3187.16,3180.0,3181.49,592.6576
2025-01-14 06:50:00,3181.5,3182.39,3178.9,3181.5,660.1268
2025-01-14 06:55:00,3181.5,3183.91,3181.49,3183.91,321.3336
2025-01-14 07:00:00,3183.91,3189.99,3180.85,3189.52,985.014
2025-01-14 07:05:00,3189.51,3190.07,3182.27,3184.0,696.0402
2025-01-14 07:10:00,3184.01,3184.84,3181.6,3182.51,565.6518
2025-01-14 07:15:00,3182.51,3182.65,3178.89,3179.84,497.9789
2025-01-14 07:20:00,3179.84,3181.34,3177.12,3181.34,742.5323
2025-01-14 07:25:00,3181.33,3181.33,3178.2,3180.63,839.8658
2025-01-14 07:30:00,3180.62,3183.78,3176.07,3176.37,982.3053
2025-01-14 07:35:00,3176.37,3176.99,3174.0,3175.83,625.9508
2025-01-14 07:40:00,3175.83,3176.17,3174.29,3175.85,586.5195
2025-01-14 07:45:00,3175.84,3178.6,3175.38,3178.57,483.6105
2025-01-14 07:50:00,3178.56,3178.59,3174.08,3174.4,548.1015
2025-01-14 07:55:00,3174.41,3174.72,3171.01,3171.53,514.9124
2025-01-14 08:00:00,3171.53,3176.66,3169.41,3176.66,761.6685
2025-01-14 08:05:00,3176.65,3180.73,3176.65,3179.51,793.1413
2025-01-14 08:10:00,3179.51,3188.42,3177.33,3185.51,2343.164
2025-01-14 08:15:00,3185.51,3192.6,3180.13,3184.95,1916.3356
2025-01-14 08:20:00,3184.95,3184.95,3174.24,3179.94,1880.579
2025-01-14 08:25:00,3179.93,3180.38,3175.89,3179.24,593.4894
2025-01-14 08:30:00,3179.25,3182.89,3175.1,3176.99,1421.8759
2025-01-14 08:35:00,3176.98,3185.21,3175.67,3183.56,1126.7611
2025-01-14 08:40:00,3183.57,3186.94,3182.26,3185.16,640.3678
2025-01-14 08:45:00,3185.16,3189.8,3184.5,3186.99,848.4127
2025-01-14 08:50:00,3187.0,3190.65,3184.93,3185.21,1426.7573
2025-01-14 08:55:00,3185.21,3187.62,3183.77,3183.78,1560.3119
2025-01-14 09:00:00,3183.78,3187.44,3179.68,3180.21,931.7179
2025-01-14 09:05:00,3180.21,3185.25,3178.27,3182.7,1833.6819
2025-01-14 09:10:00,3182.7,3198.15,3182.7,3198.15,2981.9454
2025-01-14 09:15:00,3198.14,3205.77,3194.56,3204.49,2129.0243
2025-01-14 09:20:00,3204.49,3225.59,3204.26,3225.12,5639.9897
2025-01-14 09:25:00,3225.11,3237.96,3224.6,3235.0,5110.9182
2025-01-14 09:30:00,3235.0,3243.8,3230.49,3243.18,3599.4424
2025-01-14 09:35:00,3243.18,3250.94,3240.45,3243.93,4375.8118
2025-01-14 09:40:00,3243.92,3250.36,3240.0,3249.95,2700.4678
2025-01-14 09:45:00,3250.07,3251.84,3243.55,3249.67,3038.3952
2025-01-14 09:50:00,3249.66,3256.67,3246.04,3250.61,3590.5508
2025-01-14 09:55:00,3250.5,3250.5,3242.82,3243.89,2083.368
2025-01-14 10:00:00,3243.9,3244.83,3235.33,3239.02,2311.9662
2025-01-14 10:05:00,3239.01,3239.8,3228.47,3228.47,1708.5868
2025-01-14 10:10:00,3228.47,3230.9,3222.63,3226.52,1979.2121
2025-01-14 10:15:00,3226.53,3228.9,3219.97,3225.48,3461.5407
2025-01-14 10:20:00,3225.48,3234.3,3224.46,3233.14,1883.3098
2025-01-14 10:25:00,3233.14,3234.0,3229.33,3231.45,1347.9016
2025-01-14 10:30:00,3231.46,3231.83,3226.25,3226.56,837.7774
2025-01-14 10:35:00,3226.56,3230.0,3225.0,3228.3,757.6324
2025-01-14 10:40:00,3228.31,3231.52,3225.77,3231.52,1223.4931
2025-01-14 10:45:00,3231.52,3232.27,3228.38,3228.55,893.3193
2025-01-14 10:50:00,3228.54,3237.76,3228.3,3235.95,1089.4807
2025-01-14 10:55:00,3235.95,3236.66,3230.57,3235.31,1061.2902
2025-01-14 11:00:00,3235.31,3235.62,3230.86,3231.71,726.9073
2025-01-14 11:05:00,3231.71,3233.34,3226.16,3227.69,818.7802
2025-01-14 11:10:00,3227.68,3228.8,3225.28,3226.89,462.6757
2025-01-14 11:15:00,3226.9,3227.35,3224.04,3224.64,984.0803
2025-01-14 11:20:00,3224.64,3225.73,3216.5,3218.88,1403.5801
2025-01-14 11:25:00,3218.89,3221.76,3217.24,3219.97,834.794
2025-01-14 11:30:00,3219.97,3223.9,3218.61,3219.93,587.9437
2025-01-14 11:35:00,3219.94,3221.02,3214.76,3214.86,750.4246
2025-01-14 11:40:00,3214.85,3217.17,3210.77,3216.22,1366.6921
2025-01-14 11:45:00,3216.23,3216.98,3212.43,3213.53,737.9414
2025-01-14 11:50:00,3213.52,3217.33,3213.23,3217.32,567.9666
2025-01-14 11:55:00,3217.33,3218.17,3215.2,3217.62,817.0163
2025-01-14 12:00:00,3217.61,3220.08,3212.2,3213.98,1171.4131
2025-01-14 12:05:00,3213.99,3213.99,3204.54,3206.24,2353.6087
2025-01-14 12:10:00,3206.24,3207.77,3202.09,3205.65,1572.913
2025-01-14 12:15:00,3205.65,3205.71,3196.0,3199.14,2157.6003
2025-01-14 12:20:00,3199.13,3199.13,3180.63,3180.64,4196.237
2025-01-14 12:25:00,3180.63,3190.67,3180.59,3184.74,1948.495
2025-01-14 12:30:00,3184.74,3192.0,3184.06,3190.54,1090.6968
2025-01-14 12:35:00,3190.54,3194.73,3189.49,3193.46,1080.3446
2025-01-14 12:40:00,3193.47,3196.89,3190.0,3190.81,602.8815
2025-01-14 12:45:00,3190.81,3194.78,3190.81,3194.78,667.1683
2025-01-14 12:50:00,3194.77,3196.87,3191.83,3191.84,1382.323
2025-01-14 12:55:00,3191.84,3191.84,3182.66,3183.32,3129.0688
2025-01-14 13:00:00,3183.33,3190.03,3178.35,3188.5,2641.5947
2025-01-14 13:05:00,3188.5,3189.79,3180.0,3180.79,1313.4655
2025-01-14 13:10:00,3180.8,3185.93,3179.0,3184.95,1313.3378
2025-01-14 13:15:00,3184.95,3187.23,3180.0,3184.0,920.7091
2025-01-14 13:20:00,3184.0,3187.7,3183.01,3183.34,588.7955
2025-01-14 13:25:00,3183.34,3185.0,3178.11,3180.61,1268.836
2025-01-14 13:30:00,3180.61,3233.18,3180.61,3221.06,19932.8998
2025-01-14 13:35:00,3221.05,3221.06,3207.19,3210.9,4407.6985
2025-01-14 13:40:00,3210.9,3212.88,3203.0,3204.87,1792.0156
2025-01-14 13:45:00,3204.87,3222.84,3204.61,3219.24,2150.0178
2025-01-14 13:50:00,3219.24,3222.0,3206.97,3211.04,1711.086
2025-01-14 13:55:00,3211.04,3214.1,3205.71,3208.7,1536.7038
2025-01-14 14:00:00,3208.71,3211.68,3195.83,3203.11,2253.2275
2025-01-14 14:05:00,3203.11,3210.38,3202.0,3204.16,1136.6874
2025-01-14 14:10:00,3204.15,3206.4,3198.46,3206.17,1019.5935
2025-01-14 14:15:00,3206.17,3215.4,3203.79,3213.2,1305.5142
2025-01-14 14:20:00,3213.21,3216.5,3211.04,3212.8,1260.9415
2025-01-14 14:25:00,3212.8,3218.48,3211.53,3214.59,4219.2114
2025-01-14 14:30:00,3214.59,3222.52,3204.83,3222.52,11438.4997
2025-01-14 14:35:00,3222.52,3233.27,3217.86,3227.63,3545.1666
2025-01-14 14:40:00,3227.64,3232.32,3214.37,3218.25,3986.5776
2025-01-14 14:45:00,3218.25,3218.54,3198.47,3202.87,3571.576
2025-01-14 14:50:00,3202.87,3211.8,3190.24,3191.51,6132.2672
2025-01-14 14:55:00,3191.5,3195.58,3187.1,3191.56,1989.3261
2025-01-14 15:00:00,3191.56,3199.66,3187.08,3195.61,1702.7505
2025-01-14 15:05:00,3195.58,3211.26,3192.07,3208.98,2430.9561
2025-01-14 15:10:00,3208.98,3213.94,3203.31,3210.78,2029.0232
2025-01-14 15:15:00,3210.78,3216.11,3206.59,3206.98,1610.7098
2025-01-14 15:20:00,3206.99,3210.0,3199.13,3201.1,1200.5489
2025-01-14 15:25:00,3201.1,3204.51,3196.38,3202.77,1667.2783
2025-01-14 15:30:00,3202.77,3206.52,3199.03,3201.89,1526.4375
2025-01-14 15:35:00,3201.88,3208.18,3197.18,3197.26,1607.0957
2025-01-14 15:40:00,3197.26,3213.15,3196.03,3213.13,1314.789
2025-01-14 15:45:00,3213.12,3213.12,3202.29,3205.99,911.1835
2025-01-14 15:50:00,3205.99,3211.2,3202.13,3207.17,1035.69
2025-01-14 15:55:00,3207.17,3207.17,3199.44,3199.45,1059.5721
2025-01-14 16:00:00,3199.45,3199.85,3173.85,3177.65,3953.9988
2025-01-14 16:05:00,3177.64,3190.57,3172.12,3186.89,2828.2954
2025-01-14 16:10:00,3186.88,3188.0,3181.6,3187.38,867.4002
2025-01-14 16:15:00,3187.39,3191.8,3181.0,3186.93,1010.7268
2025-01-14 16:20:00,3186.94,3197.96,3185.28,3195.21,2106.4494
2025-01-14 16:25:00,3195.21,3203.88,3192.08,3192.51,1318.9769
2025-01-14 16:30:00,3192.52,3195.68,3188.2,3192.96,1391.4432
2025-01-14 16:35:00,3192.97,3193.09,3184.57,3189.59,915.1028
2025-01-14 16:40:00,3189.6,3191.37,3180.17,3182.46,1718.8121
2025-01-14 16:45:00,3182.46,3191.26,3180.73,3188.05,1542.2467
2025-01-14 16:50:00,3188.06,3195.96,3187.64,3192.9,1082.7491
2025-01-14 16:55:00,3192.89,3196.32,3190.01,3191.13,986.2944
2025-01-14 17:00:00,3191.12,3191.12,3184.02,3188.51,914.3074
2025-01-14 17:05:00,3188.52,3197.84,3186.16,3197.28,1124.886
2025-01-14 17:10:00,3197.37,3207.07,3196.4,3204.63,1549.3144
2025-01-14 17:15:00,3204.64,3212.69,3202.68,3205.43,3058.2261
2025-01-14 17:20:00,3205.42,3205.66,3194.2,3197.63,1111.9967
2025-01-14 17:25:00,3197.64,3207.0,3196.88,3205.11,1360.9739
2025-01-14 17:30:00,3205.11,3207.99,3197.74,3197.86,934.5388
2025-01-14 17:35:00,3197.85,3203.0,3193.22,3202.53,745.0403
2025-01-14 17:40:00,3202.53,3211.95,3200.0,3208.86,1203.2792
2025-01-14 17:45:00,3208.84,3212.99,3205.02,3206.32,1348.8826
2025-01-14 17:50:00,3206.27,3212.72,3206.27,3210.19,656.6396
2025-01-14 17:55:00,3210.19,3212.75,3205.77,3212.6,605.941
2025-01-14 18:00:00,3212.6,3218.46,3211.65,3216.99,1656.1308
2025-01-14 18:05:00,3217.0,3224.16,3215.63,3216.96,1906.7737
2025-01-14 18:10:00,3216.95,3217.34,3209.53,3212.19,891.3085
2025-01-14 18:15:00,3212.19,3218.74,3210.19,3210.5,968.2707
2025-01-14 18:20:00,3210.51,3215.19,3207.23,3214.88,870.0075
2025-01-14 18:25:00,3214.89,3220.76,3214.89,3220.18,982.7913
2025-01-14 18:30:00,3220.1,3226.62,3217.72,3225.49,911.1252
2025-01-14 18:35:00,3225.49,3230.47,3224.32,3229.35,897.4373
2025-01-14 18:40:00,3229.36,3229.94,3223.66,3226.06,933.8875
2025-01-14 18:45:00,3226.06,3232.93,3223.8,3230.31,796.5032
2025-01-14 18:50:00,3230.33,3230.47,3225.28,3229.9,592.792
2025-01-14 18:55:00,3229.9,3231.71,3224.99,3225.01,644.9778
2025-01-14 19:00:00,3225.0,3225.24,3218.39,3222.24,1091.0512
2025-01-14 19:05:00,3222.24,3227.9,3221.57,3222.54,500.7122
2025-01-14 19:10:00,3222.54,3225.7,3220.39,3223.8,465.2994
2025-01-14 19:15:00,3223.79,3225.5,3217.67,3218.52,618.2806
2025-01-14 19:20:00,3218.52,3222.5,3218.04,3220.08,1921.6353
2025-01-14 19:25:00,3220.08,3226.8,3219.31,3221.81,692.404
2025-01-14 19:30:00,3221.82,3227.3,3220.5,3226.72,702.499
2025-01-14 19:35:00,3226.73,3232.5,3226.72,3229.28,1112.3337
2025-01-14 19:40:00,3229.29,3235.99,3229.28,3231.01,1168.8111
2025-01-14 19:45:00,3231.01,3231.54,3226.53,3228.72,575.3515
2025-01-14 19:50:00,3228.73,3229.6,3221.68,3222.24,814.5704
2025-01-14 19:55:00,3222.25,3223.5,3212.53,3214.38,879.0642
2025-01-14 20:00:00,3214.37,3215.72,3194.86,3197.89,2291.7815
2025-01-14 20:05:00,3197.89,3208.5,3195.61,3206.17,1179.0876
2025-01-14 20:10:00,3206.16,3209.27,3201.84,3207.54,667.884
2025-01-14 20:15:00,3207.55,3218.48,3207.55,3218.48,1075.6767
2025-01-14 20:20:00,3218.49,3224.24,3215.29,3224.0,673.3597
2025-01-14 20:25:00,3224.01,3226.23,3219.84,3225.97,1054.4853
2025-01-14 20:30:00,3225.96,3226.29,3214.52,3216.36,823.0703
2025-01-14 20:35:00,3216.36,3220.0,3211.86,3211.86,497.1886
2025-01-14 20:40:00,3211.87,3216.24,3211.2,3215.08,647.463
2025-01-14 20:45:00,3215.07,3219.62,3214.59,3216.65,659.5479
2025-01-14 20:50:00,3216.65,3220.88,3216.65,3219.59,594.9279
2025-01-14 20:55:00,3219.62,3223.81,3217.44,3222.44,1141.3858
2025-01-14 21:00:00,3222.45,3228.59,3215.81,3226.95,1361.6303
2025-01-14 21:05:00,3226.94,3232.3,3223.15,3230.86,986.6687
2025-01-14 21:10:00,3230.86,3230.99,3225.0,3226.78,817.5952
2025-01-14 21:15:00,3226.77,3232.41,3224.69,3232.14,688.9444
2025-01-14 21:20:00,3232.13,3232.82,3229.3,3231.84,483.9059
2025-01-14 21:25:00,3231.84,3234.0,3226.21,3226.21,432.729
2025-01-14 21:30:00,3226.21,3226.96,3220.08,3222.53,505.39
2025-01-14 21:35:00,3222.53,3223.4,3218.23,3218.58,336.1149
2025-01-14 21:40:00,3218.58,3219.7,3217.61,3219.14,266.7107
2025-01-14 21:45:00,3219.14,3219.42,3212.0,3214.18,924.251
2025-01-14 21:50:00,3214.17,3216.59,3214.0,3215.36,236.4838
2025-01-14 21:55:00,3215.37,3216.46,3213.23,3216.04,368.0589
2025-01-14 22:00:00,3216.04,3217.53,3213.83,3217.49,587.5956
2025-01-14 22:05:00,3217.5,3223.88,3214.55,3223.88,831.8208
2025-01-14 22:10:00,3223.87,3227.91,3223.81,3227.91,735.7189
2025-01-14 22:15:00,3227.9,3229.73,3225.12,3227.85,355.0663
2025-01-14 22:20:00,3227.84,3229.31,3226.5,3227.31,508.3437
2025-01-14 22:25:00,3227.3,3231.42,3227.3,3231.41,559.8288
2025-01-14 22:30:00,3231.42,3231.83,3225.69,3227.04,398.0969
2025-01-14 22:35:00,3227.03,3232.36,3227.0,3232.26,437.6263
2025-01-14 22:40:00,3232.26,3236.0,3231.56,3233.34,458.6267
2025-01-14 22:45:00,3233.33,3236.01,3230.74,3233.14,364.1243
2025-01-14 22:50:00,3233.14,3238.71,3231.16,3235.01,571.8475
2025-01-14 22:55:00,3235.01,3240.69,3234.83,3235.41,637.9278
2025-01-14 23:00:00,3235.41,3238.0,3232.0,3235.25,949.6219
2025-01-14 23:05:00,3235.25,3237.8,3233.34,3233.34,457.6824
2025-01-14 23:10:00,3233.35,3235.71,3228.39,3229.1,272.4321
2025-01-14 23:15:00,3229.1,3234.94,3228.55,3234.94,339.5348
2025-01-14 23:20:00,3234.93,3234.93,3231.58,3232.64,298.2301
2025-01-14 23:25:00,3232.65,3233.07,3228.0,3229.73,715.5901
2025-01-14 23:30:00,3229.73,3234.0,3229.04,3229.19,314.9029
2025-01-14 23:35:00,3229.2,3229.45,3223.51,3223.52,498.6777
2025-01-14 23:40:00,3223.52,3229.93,3222.63,3227.75,399.2202
2025-01-14 23:45:00,3227.76,3230.47,3224.82,3224.82,298.6342
2025-01-14 23:50:00,3224.81,3226.95,3224.0,3225.63,402.0812
2025-01-14 23:55:00,3225.63,3227.38,3223.25,3225.63,177.4118
2025-01-15 00:00:00,3225.63,3227.88,3219.19,3220.32,968.0348
2025-01-15 00:05:00,3220.39,3228.43,3217.5,3222.84,811.8187
2025-01-15 00:10:00,3222.84,3229.04,3221.1,3227.67,901.5601
2025-01-15 00:15:00,3227.66,3230.0,3222.06,3226.53,723.4371
2025-01-15 00:20:00,3226.52,3238.67,3223.87,3237.79,1252.5907
2025-01-15 00:25:00,3237.78,3242.65,3230.13,3232.85,1631.5551
2025-01-15 00:30:00,3232.86,3237.24,3226.8,3226.8,1152.8732
2025-01-15 00:35:00,3226.77,3226.78,3218.29,3223.28,1215.8444
2025-01-15 00:40:00,3223.29,3223.9,3218.57,3222.99,656.4206
2025-01-15 00:45:00,3222.99,3228.47,3218.38,3228.17,543.3732
2025-01-15 00:50:00,3228.16,3229.29,3220.92,3221.51,566.7492
2025-01-15 00:55:00,3221.51,3225.67,3220.92,3221.79,461.8711
2025-01-15 01:00:00,3221.79,3227.04,3217.5,3221.5,1274.7788
2025-01-15 01:05:00,3221.5,3232.84,3221.5,3231.22,795.1709
2025-01-15 01:10:00,3231.22,3234.84,3222.51,3223.19,1094.3006
2025-01-15 01:15:00,3223.19,3225.3,3218.24,3220.95,674.6307
2025-01-15 01:20:00,3220.95,3231.2,3220.94,3231.08,1011.5087
2025-01-15 01:25:00,3231.07,3235.83,3231.07,3234.86,887.8756
2025-01-15 01:30:00,3234.86,3241.83,3229.21,3240.64,1150.7371
2025-01-15 01:35:00,3240.64,3245.77,3236.91,3236.91,1508.2944
2025-01-15 01:40:00,3236.89,3243.53,3233.17,3238.18,3849.7787
2025-01-15 01:45:00,3238.29,3242.39,3233.83,3234.15,1724.4757
2025-01-15 01:50:00,3234.16,3234.98,3224.06,3233.81,2756.4398
2025-01-15 01:55:00,3233.8,3240.5,3229.97,3230.33,2111.5384
2025-01-15 02:00:00,3230.34,3234.88,3226.16,3232.33,849.0026
2025-01-15 02:05:00,3232.32,3240.0,3226.5,3228.74,1267.675
2025-01-15 02:10:00,3228.74,3229.99,3222.55,3225.01,780.8623
2025-01-15 02:15:00,3225.01,3225.36,3220.25,3222.26,1205.8418
2025-01-15 02:20:00,3222.26,3223.99,3217.5,3220.41,844.5043
2025-01-15 02:25:00,3220.4,3224.99,3218.42,3218.7,607.8809
2025-01-15 02:30:00,3218.69,3218.7,3208.58,3212.57,1488.9203
2025-01-15 02:35:00,3212.57,3215.0,3205.17,3212.38,1862.6391
2025-01-15 02:40:00,3212.38,3212.63,3207.18,3211.28,1492.9408
2025-01-15 02:45:00,3211.28,3219.94,3208.62,3219.56,1152.3116
2025-01-15 02:50:00,3219.55,3220.31,3214.58,3217.15,1335.2824
2025-01-15 02:55:00,3217.15,3219.68,3213.09,3213.09,1025.4633
2025-01-15 03:00:00,3213.1,3216.7,3211.83,3213.03,833.8085
2025-01-15 03:05:00,3213.03,3216.37,3208.87,3216.36,769.3277
2025-01-15 03:10:00,3216.37,3224.1,3215.6,3218.85,991.9682
2025-01-15 03:15:00,3218.85,3224.72,3213.6,3213.61,713.7267
2025-01-15 03:20:00,3213.6,3216.09,3208.4,3215.39,1127.4616
2025-01-15 03:25:00,3215.39,3216.22,3213.2,3216.19,753.1722
2025-01-15 03:30:00,3216.19,3223.6,3215.75,3220.28,546.2406
2025-01-15 03:35:00,3220.26,3226.46,3219.08,3224.93,695.5732
2025-01-15 03:40:00,3224.93,3226.0,3222.47,3224.2,764.6431
2025-01-15 03:45:00,3224.21,3225.92,3221.09,3225.75,917.5573
2025-01-15 03:50:00,3225.76,3232.4,3225.44,3232.0,1008.5145
2025-01-15 03:55:00,3232.0,3241.37,3231.99,3240.79,1086.0526
2025-01-15 04:00:00,3240.8,3252.35,3240.79,3243.32,3260.3347
2025-01-15 04:05:00,3243.33,3243.78,3232.0,3235.96,1309.464
2025-01-15 04:10:00,3235.9,3236.62,3227.6,3228.97,672.5988
2025-01-15 04:15:00,3228.98,3229.9,3222.75,3223.2,725.0428
2025-01-15 04:20:00,3223.2,3227.91,3222.83,3226.2,760.1789
2025-01-15 04:25:00,3226.19,3233.09,3225.28,3229.73,540.2437
2025-01-15 04:30:00,3229.72,3231.8,3228.0,3230.98,340.2871
2025-01-15 04:35:00,3230.98,3234.19,3230.7,3233.31,552.926
2025-01-15 04:40:00,3233.31,3234.59,3226.4,3228.02,371.6631
2025-01-15 04:45:00,3228.03,3229.13,3222.31,3223.85,488.2878
2025-01-15 04:50:00,3223.85,3228.86,3223.84,3228.62,642.6663
2025-01-15 04:55:00,3228.61,3229.94,3226.4,3226.41,397.6908
2025-01-15 05:00:00,3226.4,3228.58,3223.27,3225.24,563.196
2025-01-15 05:05:00,3225.24,3225.79,3218.69,3219.98,871.8472
2025-01-15 05:10:00,3219.98,3222.17,3215.73,3221.01,1143.641
2025-01-15 05:15:00,3221.01,3223.1,3218.66,3220.4,678.993
2025-01-15 05:20:00,3220.4,3228.51,3220.39,3226.74,1197.5237
2025-01-15 05:25:00,3226.74,3231.42,3226.74,3229.56,563.1914
2025-01-15 05:30:00,3229.57,3231.53,3227.37,3229.76,654.0944
2025-01-15 05:35:00,3229.77,3231.46,3227.29,3230.05,291.2585
2025-01-15 05:40:00,3230.04,3233.18,3227.29,3233.17,286.1515
2025-01-15 05:45:00,3233.18,3235.5,3232.28,3234.57,352.507
2025-01-15 05:50:00,3234.58,3235.21,3231.32,3233.69,272.19
2025-01-15 05:55:00,3233.69,3234.96,3230.31,3230.32,706.9112
2025-01-15 06:00:00,3230.31,3233.18,3228.64,3228.65,374.8053
2025-01-15 06:05:00,3228.65,3228.95,3223.81,3224.02,476.4906
2025-01-15 06:10:00,3224.03,3225.11,3221.62,3221.62,444.9685
2025-01-15 06:15:00,3221.62,3224.0,3220.0,3220.22,417.0315
2025-01-15 06:20:00,3220.22,3224.31,3219.64,3221.51,534.1532
2025-01-15 06:25:00,3221.5,3221.84,3218.61,3218.75,1486.3938
2025-01-15 06:30:00,3218.76,3221.26,3216.62,3218.32,658.7585
2025-01-15 06:35:00,3218.32,3222.19,3216.79,3222.19,333.1258
2025-01-15 06:40:00,3222.2,3228.86,3222.19,3224.13,1218.9349
2025-01-15 06:45:00,3224.13,3226.8,3224.01,3226.66,446.65
2025-01-15 06:50:00,3226.66,3232.0,3226.65,3230.71,391.6288
2025-01-15 06:55:00,3230.71,3230.72,3228.61,3230.29,406.0735
2025-01-15 07:00:00,3230.29,3234.42,3230.29,3232.48,871.251
2025-01-15 07:05:00,3232.48,3237.88,3232.48,3236.93,543.1252
2025-01-15 07:10:00,3236.94,3237.88,3232.67,3235.47,678.4078
2025-01-15 07:15:00,3235.49,3243.0,3235.49,3242.98,1190.9632
2025-01-15 07:20:00,3242.98,3249.0,3241.01,3246.63,981.6564
2025-01-15 07:25:00,3246.62,3250.33,3245.95,3249.47,821.525
2025-01-15 07:30:00,3249.47,3250.92,3238.42,3239.26,1908.2628
2025-01-15 07:35:00,3239.26,3241.42,3237.79,3238.85,474.6106
2025-01-15 07:40:00,3238.84,3239.05,3234.99,3234.99,904.7948
2025-01-15 07:45:00,3234.99,3236.5,3232.32,3233.92,1235.1921
2025-01-15 07:50:00,3233.93,3236.15,3230.46,3231.45,969.1199
2025-01-15 07:55:00,3231.46,3235.03,3231.46,3233.3,611.1811
2025-01-15 08:00:00,3233.3,3239.23,3230.5,3237.91,1067.2997
2025-01-15 08:05:00,3237.91,3238.09,3232.09,3234.3,645.3601
2025-01-15 08:10:00,3234.29,3238.11,3234.11,3235.34,614.6561
2025-01-15 08:15:00,3235.34,3235.34,3231.5,3232.19,534.3277
2025-01-15 08:20:00,3232.2,3239.2,3232.0,3237.69,641.4453
2025-01-15 08:25:00,3237.69,3247.72,3237.68,3247.72,918.4899
2025-01-15 08:30:00,3247.72,3248.55,3242.95,3244.2,683.8211
2025-01-15 08:35:00,3244.21,3245.6,3240.13,3240.48,1216.4939
2025-01-15 08:40:00,3240.48,3240.49,3235.0,3238.05,728.3736
2025-01-15 08:45:00,3238.05,3238.48,3233.55,3233.55,679.7386
2025-01-15 08:50:00,3233.56,3234.67,3231.88,3231.88,367.5624
2025-01-15 08:55:00,3231.88,3232.94,3230.73,3232.63,384.6024
2025-01-15 09:00:00,3232.64,3235.37,3231.2,3232.21,454.4055
2025-01-15 09:05:00,3232.2,3235.39,3230.7,3232.66,526.3935
2025-01-15 09:10:00,3232.66,3236.7,3232.61,3234.54,508.6945
2025-01-15 09:15:00,3234.55,3237.63,3234.54,3235.6,366.1527
2025-01-15 09:20:00,3235.61,3236.8,3230.12,3230.13,617.3301
2025-01-15 09:25:00,3230.12,3230.12,3220.55,3220.56,1372.1857
2025-01-15 09:30:00,3220.56,3225.59,3220.55,3224.0,744.969
2025-01-15 09:35:00,3224.0,3224.58,3213.0,3215.9,1381.2757
2025-01-15 09:40:00,3215.91,3218.38,3214.08,3216.99,711.1898
2025-01-15 09:45:00,3216.98,3218.38,3206.72,3207.02,1511.0007
2025-01-15 09:50:00,3207.01,3207.02,3197.57,3198.71,3036.6917
2025-01-15 09:55:00,3198.7,3200.82,3196.71,3199.52,1095.4464
2025-01-15 10:00:00,3199.52,3209.58,3198.19,3206.74,2209.6639
2025-01-15 10:05:00,3206.74,3212.29,3206.73,3210.29,973.2938
2025-01-15 10:10:00,3210.29,3211.57,3208.4,3208.4,417.9633
2025-01-15 10:15:00,3208.32,3210.48,3205.61,3207.83,574.7116
2025-01-15 10:20:00,3207.83,3215.23,3207.83,3215.19,1063.3906
2025-01-15 10:25:00,3215.06,3217.47,3214.25,3216.11,619.5341
2025-01-15 10:30:00,3216.11,3218.61,3214.67,3216.24,779.6288
2025-01-15 10:35:00,3216.25,3216.61,3213.2,3215.04,635.2329
2025-01-15 10:40:00,3215.03,3215.14,3209.12,3210.87,720.0907
2025-01-15 10:45:00,3210.87,3212.86,3209.59,3211.19,302.3462
2025-01-15 10:50:00,3211.2,3211.97,3208.64,3208.65,682.3992
2025-01-15 10:55:00,3208.65,3209.88,3206.36,3209.5,301.6916
2025-01-15 11:00:00,3209.51,3210.23,3204.15,3204.15,492.5604
2025-01-15 11:05:00,3204.16,3207.32,3193.92,3194.36,1237.7423
2025-01-15 11:10:00,3194.36,3201.78,3194.36,3201.78,821.4555
2025-01-15 11:15:00,3201.78,3203.61,3191.69,3194.08,1257.626
2025-01-15 11:20:00,3194.08,3197.75,3188.78,3189.54,2416.1472
2025-01-15 11:25:00,3189.55,3193.03,3188.75,3192.65,1167.5101
2025-01-15 11:30:00,3192.66,3195.32,3186.36,3194.56,869.9036
2025-01-15 11:35:00,3194.56,3199.86,3190.26,3198.91,559.1355
2025-01-15 11:40:00,3198.92,3199.89,3196.8,3197.33,607.6122
2025-01-15 11:45:00,3197.33,3202.32,3195.71,3200.41,753.3517
2025-01-15 11:50:00,3200.42,3203.36,3198.0,3198.78,522.9358
2025-01-15 11:55:00,3198.78,3200.17,3197.62,3199.6,345.1861
2025-01-15 12:00:00,3199.61,3201.02,3192.07,3195.39,626.3861
2025-01-15 12:05:00,3195.39,3200.0,3194.28,3196.4,761.7967
2025-01-15 12:10:00,3196.41,3197.11,3194.0,3194.48,1200.1372
2025-01-15 12:15:00,3194.48,3196.46,3192.69,3193.16,684.9753
2025-01-15 12:20:00,3193.16,3195.85,3187.29,3190.32,1083.1117
2025-01-15 12:25:00,3190.32,3191.52,3186.73,3188.36,1398.7453
2025-01-15 12:30:00,3188.37,3192.48,3187.15,3190.87,880.6589
2025-01-15 12:35:00,3190.87,3203.79,3190.63,3203.48,888.3629
2025-01-15 12:40:00,3203.49,3211.91,3203.48,3208.72,1676.3676
2025-01-15 12:45:00,3208.73,3208.73,3202.13,3202.5,682.2522
2025-01-15 12:50:00,3202.51,3204.36,3201.5,3203.62,441.422
2025-01-15 12:55:00,3203.62,3204.47,3201.06,3202.63,400.392
2025-01-15 13:00:00,3202.63,3208.99,3202.22,3207.94,554.0289
2025-01-15 13:05:00,3207.95,3207.95,3203.61,3205.61,399.366
2025-01-15 13:10:00,3205.61,3210.67,3205.07,3208.59,890.2799
2025-01-15 13:15:00,3208.59,3211.86,3204.84,3210.2,672.219
2025-01-15 13:20:00,3210.2,3213.61,3209.5,3213.01,504.4441
2025-01-15 13:25:00,3213.0,3227.6,3213.0,3218.37,3168.2464
2025-01-15 13:30:00,3218.47,3284.74,3218.47,3277.4,23784.4319
2025-01-15 13:35:00,3277.41,3278.54,3255.13,3270.37,11792.7176
2025-01-15 13:40:00,3270.36,3274.16,3258.7,3270.44,6015.4791
2025-01-15 13:45:00,3270.43,3289.0,3270.13,3285.83,6107.3247
2025-01-15 13:50:00,3285.82,3289.0,3277.33,3280.19,5142.9831
2025-01-15 13:55:00,3280.19,3299.07,3280.19,3298.94,4185.3925
2025-01-15 14:00:00,3298.93,3313.83,3297.5,3308.93,9688.9364
2025-01-15 14:05:00,3308.93,3311.43,3299.19,3303.55,4070.8279
2025-01-15 14:10:00,3303.55,3304.33,3285.01,3290.98,5288.6086
2025-01-15 14:15:00,3290.97,3292.54,3276.03,3285.95,4211.9562
2025-01-15 14:20:00,3285.95,3298.0,3285.95,3296.75,2922.605
2025-01-15 14:25:00,3296.76,3298.96,3286.66,3288.68,1945.2396
2025-01-15 14:30:00,3288.67,3302.26,3283.92,3292.12,4031.8006
2025-01-15 14:35:00,3292.12,3297.55,3278.84,3291.35,4220.7006
2025-01-15 14:40:00,3291.35,3297.58,3288.74,3295.45,2096.2254
2025-01-15 14:45:00,3295.46,3304.26,3291.42,3301.55,3563.9817
2025-01-15 14:50:00,3301.54,3312.51,3298.0,3309.2,3172.82
2025-01-15 14:55:00,3309.2,3331.78,3306.01,3329.48,6048.9081
2025-01-15 15:00:00,3329.49,3344.96,3329.49,3333.96,7078.8389
2025-01-15 15:05:00,3333.97,3343.01,3324.98,3335.23,4870.6385
2025-01-15 15:10:00,3335.23,3341.63,3330.9,3335.0,3299.2412
2025-01-15 15:15:00,3335.0,3349.0,3332.33,3336.5,3893.7184
2025-01-15 15:20:00,3336.51,3340.39,3330.01,3339.54,2808.3373
2025-01-15 15:25:00,3339.55,3352.94,3335.23,3349.12,5042.7631
2025-01-15 15:30:00,3349.11,3351.07,3343.52,3348.82,3631.5606
2025-01-15 15:35:00,3348.82,3353.82,3336.25,3345.01,3903.9755
2025-01-15 15:40:00,3345.0,3345.54,3337.77,3339.21,1745.203
2025-01-15 15:45:00,3339.22,3346.96,3335.5,3345.1,2339.44
2025-01-15 15:50:00,3345.09,3346.3,3334.54,3340.02,1918.0896
2025-01-15 15:55:00,3340.02,3342.88,3334.01,3334.47,1350.606
2025-01-15 16:00:00,3334.47,3346.96,3334.2,3346.11,1998.1658
2025-01-15 16:05:00,3346.09,3353.13,3339.24,3350.85,3819.7491
2025-01-15 16:10:00,3350.85,3357.47,3349.22,3353.35,2342.3629
2025-01-15 16:15:00,3353.35,3355.59,3344.44,3351.3,2018.8006
2025-01-15 16:20:00,3351.31,3366.54,3345.53,3358.99,3763.1904
2025-01-15 16:25:00,3358.99,3363.7,3358.22,3359.34,1343.4383
2025-01-15 16:30:00,3359.34,3359.8,3345.0,3345.67,2451.9471
2025-01-15 16:35:00,3345.67,3353.08,3342.37,3352.58,1760.1806
2025-01-15 16:40:00,3352.58,3355.0,3347.2,3348.05,1215.7132
2025-01-15 16:45:00,3348.04,3350.74,3343.77,3350.1,1128.217
2025-01-15 16:50:00,3350.1,3350.1,3341.29,3346.25,1526.1976
2025-01-15 16:55:00,3346.25,3346.25,3338.45,3339.49,2298.0592
2025-01-15 17:00:00,3339.49,3345.0,3337.5,3344.53,1552.3278
2025-01-15 17:05:00,3344.52,3347.74,3340.18,3346.5,1336.3526
2025-01-15 17:10:00,3346.49,3349.17,3341.62,3347.95,605.6163
2025-01-15 17:15:00,3347.94,3349.17,3343.0,3343.0,718.2416
2025-01-15 17:20:00,3343.0,3346.95,3340.0,3345.26,886.5243
2025-01-15 17:25:00,3345.26,3352.31,3344.52,3352.02,1786.2716
2025-01-15 17:30:00,3352.02,3358.95,3350.0,3353.16,1649.7431
2025-01-15 17:35:00,3353.15,3357.4,3351.57,3353.58,800.8803
2025-01-15 17:40:00,3353.57,3354.4,3349.55,3351.0,758.1192
2025-01-15 17:45:00,3351.0,3353.73,3345.53,3346.65,953.9683
2025-01-15 17:50:00,3346.64,3346.82,3326.61,3331.0,3482.6205
2025-01-15 17:55:00,3331.0,3333.0,3323.91,3325.81,1906.0251
2025-01-15 18:00:00,3325.82,3335.83,3325.82,3334.29,1965.2409
2025-01-15 18:05:00,3334.29,3337.77,3333.45,3336.06,600.4625
2025-01-15 18:10:00,3336.06,3338.5,3333.69,3338.5,514.2308
2025-01-15 18:15:00,3338.5,3349.0,3338.49,3348.48,1330.0708
2025-01-15 18:20:00,3348.48,3348.7,3345.8,3348.41,594.4277
2025-01-15 18:25:00,3348.41,3349.56,3345.75,3348.15,499.422
2025-01-15 18:30:00,3348.15,3354.59,3348.14,3354.59,1027.0758
2025-01-15 18:35:00,3354.6,3355.06,3348.05,3352.14,1065.8667
2025-01-15 18:40:00,3352.13,3359.83,3349.55,3357.72,1011.5321
2025-01-15 18:45:00,3357.72,3365.44,3357.71,3364.0,1326.8986
2025-01-15 18:50:00,3364.0,3372.0,3364.0,3370.51,2172.2959
2025-01-15 18:55:00,3370.52,3375.71,3368.25,3372.31,1619.6106
2025-01-15 19:00:00,3372.32,3378.0,3370.69,3370.86,1533.2568
2025-01-15 19:05:00,3370.86,3378.83,3368.37,3377.39,1487.6058
2025-01-15 19:10:00,3377.39,3378.27,3370.18,3376.46,1048.2936
2025-01-15 19:15:00,3376.49,3380.45,3374.11,3378.14,1181.6877
2025-01-15 19:20:00,3378.14,3383.5,3378.14,3382.01,1001.6734
2025-01-15 19:25:00,3382.0,3394.6,3381.77,3393.09,2587.0516
2025-01-15 19:30:00,3393.09,3405.92,3392.97,3405.8,3847.4305
2025-01-15 19:35:00,3405.81,3421.0,3404.72,3412.43,6653.2335
2025-01-15 19:40:00,3412.44,3415.0,3406.5,3408.67,2345.2334
2025-01-15 19:45:00,3408.69,3435.56,3408.05,3434.5,7685.1059
2025-01-15 19:50:00,3434.51,3442.59,3431.45,3439.45,3179.9421
2025-01-15 19:55:00,3439.45,3442.38,3433.97,3434.99,3861.5257
2025-01-15 20:00:00,3434.99,3446.39,3434.84,3437.08,2700.157
2025-01-15 20:05:00,3437.08,3452.81,3435.49,3451.66,3730.0764
2025-01-15 20:10:00,3451.66,3459.0,3447.4,3458.89,3254.4093
2025-01-15 20:15:00,3458.89,3469.0,3455.0,3468.52,2986.1951
2025-01-15 20:20:00,3468.51,3473.75,3463.16,3466.37,2130.0946
2025-01-15 20:25:00,3466.38,3467.17,3450.58,3452.99,3540.9511
2025-01-15 20:30:00,3452.99,3459.46,3441.81,3456.32,4257.0755
2025-01-15 20:35:00,3456.31,3457.58,3444.85,3447.63,3508.6406
2025-01-15 20:40:00,3447.62,3448.5,3437.88,3443.0,3506.8253
2025-01-15 20:45:00,3443.0,3445.27,3433.13,3436.9,3386.4939
2025-01-15 20:50:00,3436.9,3445.47,3432.54,3442.66,2954.7787
2025-01-15 20:55:00,3442.65,3444.09,3432.68,3434.01,3020.6371
2025-01-15 21:00:00,3434.04,3438.59,3432.2,3432.21,1447.2238
2025-01-15 21:05:00,3432.21,3433.06,3425.15,3431.47,1152.1853
2025-01-15 21:10:00,3431.47,3440.84,3429.62,3437.58,1070.5208
2025-01-15 21:15:00,3437.58,3444.0,3436.71,3443.99,2502.9339
2025-01-15 21:20:00,3443.99,3447.0,3438.59,3439.78,1850.7108
2025-01-15 21:25:00,3439.79,3440.82,3435.72,3439.8,1214.7252
2025-01-15 21:30:00,3439.81,3441.8,3437.65,3437.68,363.7924
2025-01-15 21:35:00,3437.68,3438.08,3434.56,3437.0,517.3899
2025-01-15 21:40:00,3437.0,3437.0,3431.55,3432.01,461.8189
2025-01-15 21:45:00,3432.01,3436.0,3428.8,3435.56,880.3627
2025-01-15 21:50:00,3435.56,3440.0,3433.8,3434.99,856.401
2025-01-15 21:55:00,3434.98,3437.59,3431.72,3432.41,839.39
2025-01-15 22:00:00,3432.4,3435.57,3431.09,3433.78,828.7624
2025-01-15 22:05:00,3433.77,3435.9,3432.61,3434.0,327.4976
2025-01-15 22:10:00,3433.99,3434.09,3427.0,3429.13,596.4058
2025-01-15 22:15:00,3429.13,3430.86,3425.32,3426.08,967.9805
2025-01-15 22:20:00,3426.07,3426.07,3418.4,3422.72,1465.6504
2025-01-15 22:25:00,3422.72,3422.72,3419.9,3420.41,328.6458
2025-01-15 22:30:00,3420.4,3429.9,3420.4,3424.53,875.2561
2025-01-15 22:35:00,3424.53,3426.79,3420.89,3425.76,588.4802
2025-01-15 22:40:00,3425.77,3429.25,3425.32,3429.17,451.9383
2025-01-15 22:45:00,3429.18,3432.39,3427.65,3431.12,588.005
2025-01-15 22:50:00,3431.11,3431.12,3426.07,3430.48,790.0459
2025-01-15 22:55:00,3430.48,3431.9,3429.21,3430.78,426.7583
2025-01-15 23:00:00,3430.79,3434.39,3425.0,3430.11,1120.532
2025-01-15 23:05:00,3430.12,3431.54,3422.69,3423.64,1144.636
2025-01-15 23:10:00,3423.64,3427.24,3420.61,3424.67,922.2833
2025-01-15 23:15:00,3424.66,3430.0,3422.77,3425.75,1244.0484
2025-01-15 23:20:00,3425.75,3428.77,3423.06,3427.21,548.0382
2025-01-15 23:25:00,3427.21,3440.4,3427.21,3440.16,1275.6841
2025-01-15 23:30:00,3440.16,3440.61,3431.58,3433.92,873.3907
2025-01-15 23:35:00,3433.92,3445.47,3433.7,3444.36,1565.3807
2025-01-15 23:40:00,3444.36,3447.11,3443.06,3445.63,1034.9153
2025-01-15 23:45:00,3445.63,3445.63,3439.2,3439.51,796.9446
2025-01-15 23:50:00,3439.51,3450.08,3439.5,3448.56,1678.7231
2025-01-15 23:55:00,3448.56,3454.11,3447.32,3451.52,1277.7712
2025-01-16 00:00:00,3451.51,3460.79,3441.42,3445.94,3752.6308
2025-01-16 00:05:00,3445.94,3455.69,3437.0,3444.09,2491.5055
2025-01-16 00:10:00,3444.09,3444.2,3436.6,3437.22,1075.9951
2025-01-16 00:15:00,3437.21,3438.49,3420.2,3427.91,3021.46
2025-01-16 00:20:00,3427.91,3431.61,3422.03,3430.56,1283.3165
2025-01-16 00:25:00,3430.55,3433.33,3422.51,3422.52,1141.75
2025-01-16 00:30:00,3422.52,3425.84,3413.03,3413.42,2164.2104
2025-01-16 00:35:00,3413.42,3414.0,3388.5,3392.09,10077.4693
2025-01-16 00:40:00,3392.09,3398.4,3388.56,3397.97,3594.3657
2025-01-16 00:45:00,3397.97,3404.98,3391.29,3401.85,2395.803
2025-01-16 00:50:00,3401.86,3406.32,3401.32,3402.53,1747.1606
2025-01-16 00:55:00,3402.54,3403.4,3398.57,3398.82,977.4492
2025-01-16 01:00:00,3398.82,3408.19,3397.03,3406.99,2635.4008
2025-01-16 01:05:00,3407.0,3413.43,3406.75,3410.71,1437.0296
2025-01-16 01:10:00,3410.7,3411.0,3401.74,3408.79,1202.5663
2025-01-16 01:15:00,3408.79,3408.79,3399.39,3402.42,912.1965
2025-01-16 01:20:00,3402.42,3402.42,3392.62,3400.69,771.9325
2025-01-16 01:25:00,3400.69,3404.91,3397.38,3404.66,387.575
2025-01-16 01:30:00,3404.66,3406.33,3398.97,3405.99,941.1676
2025-01-16 01:35:00,3406.0,3406.8,3399.52,3402.13,1206.8122
2025-01-16 01:40:00,3402.13,3404.0,3399.0,3403.33,1429.1463
2025-01-16 01:45:00,3403.33,3407.5,3402.0,3402.95,810.4573
2025-01-16 01:50:00,3402.95,3404.76,3400.0,3402.03,864.6742
2025-01-16 01:55:00,3402.04,3405.43,3401.97,3403.37,758.8441
2025-01-16 02:00:00,3403.37,3404.12,3395.02,3401.54,1459.5742
2025-01-16 02:05:00,3401.53,3403.39,3400.01,3403.06,719.9666
2025-01-16 02:10:00,3403.06,3406.0,3401.6,3403.47,770.253
2025-01-16 02:15:00,3403.47,3403.47,3393.0,3395.73,691.4012
2025-01-16 02:20:00,3395.73,3397.76,3391.5,3395.1,555.7577
2025-01-16 02:25:00,3395.1,3395.1,3388.0,3390.0,1319.8441
2025-01-16 02:30:00,3390.01,3396.39,3390.0,3395.37,976.5752
2025-01-16 02:35:00,3395.37,3396.0,3388.65,3393.01,932.962
2025-01-16 02:40:00,3393.01,3394.73,3390.06,3391.1,1147.2606
2025-01-16 02:45:00,3391.1,3391.2,3387.02,3388.25,908.7545
2025-01-16 02:50:00,3388.25,3390.4,3383.78,3384.24,1478.5743
2025-01-16 02:55:00,3384.25,3388.0,3381.6,3384.83,1576.2348
2025-01-16 03:00:00,3384.83,3386.0,3379.6,3383.09,1093.0829
2025-01-16 03:05:00,3383.1,3384.56,3378.01,3382.72,730.1461
2025-01-16 03:10:00,3382.8,3387.88,3382.42,3384.06,1326.9027
2025-01-16 03:15:00,3384.06,3384.06,3367.02,3367.36,2892.0091
2025-01-16 03:20:00,3367.36,3371.6,3364.16,3365.87,1455.4662
2025-01-16 03:25:00,3365.87,3367.59,3361.0,3361.4,1762.6952
2025-01-16 03:30:00,3361.41,3361.41,3346.0,3353.53,5840.6777
2025-01-16 03:35:00,3353.53,3362.91,3347.94,3361.49,2189.3083
2025-01-16 03:40:00,3361.49,3367.19,3359.19,3366.8,964.2825
2025-01-16 03:45:00,3366.8,3368.46,3364.22,3364.8,958.1849
2025-01-16 03:50:00,3364.81,3364.81,3360.2,3362.63,747.4409
2025-01-16 03:55:00,3362.62,3365.76,3361.05,3363.38,437.3532
2025-01-16 04:00:00,3363.38,3366.19,3362.1,3364.38,1092.1669
2025-01-16 04:05:00,3364.38,3369.0,3362.0,3368.99,561.6832
2025-01-16 04:10:00,3368.99,3374.28,3368.99,3371.82,1221.3972
2025-01-16 04:15:00,3371.82,3373.03,3369.16,3371.65,527.8704
2025-01-16 04:20:00,3371.65,3371.66,3367.5,3368.06,440.7053
2025-01-16 04:25:00,3368.05,3370.0,3367.23,3368.16,357.4878
2025-01-16 04:30:00,3368.17,3371.09,3367.5,3370.57,437.1818
2025-01-16 04:35:00,3370.58,3373.47,3369.56,3372.98,703.7261
2025-01-16 04:40:00,3372.98,3375.8,3370.95,3374.5,1094.8364
2025-01-16 04:45:00,3374.5,3374.51,3370.08,3371.01,945.5697
2025-01-16 04:50:00,3371.02,3373.6,3370.08,3373.07,544.4306
2025-01-16 04:55:00,3373.07,3375.12,3371.69,3375.04,385.0658
2025-01-16 05:00:00,3375.04,3375.28,3371.93,3375.16,401.4088
2025-01-16 05:05:00,3375.17,3377.5,3372.01,3375.73,375.5178
2025-01-16 05:10:00,3375.71,3375.71,3371.25,3371.25,205.728
2025-01-16 05:15:00,3371.25,3372.16,3368.77,3370.28,882.8523
2025-01-16 05:20:00,3370.27,3376.21,3370.01,3373.66,569.231
2025-01-16 05:25:00,3373.66,3373.66,3371.84,3373.15,203.0321
2025-01-16 05:30:00,3373.15,3375.11,3371.62,3373.96,323.5362
2025-01-16 05:35:00,3373.95,3373.95,3367.64,3368.51,1413.8587
2025-01-16 05:40:00,3368.52,3369.16,3366.0,3369.16,827.0905
2025-01-16 05:45:00,3369.16,3372.44,3368.8,3369.65,282.8135
2025-01-16 05:50:00,3369.66,3370.71,3368.8,3368.8,235.4629
2025-01-16 05:55:00,3368.8,3368.81,3368.0,3368.39,311.2635
2025-01-16 06:00:00,3368.4,3369.7,3363.21,3369.7,829.8622
2025-01-16 06:05:00,3369.73,3372.87,3368.91,3370.26,395.2126
2025-01-16 06:10:00,3370.26,3373.8,3370.25,3373.33,307.3395
2025-01-16 06:15:00,3373.33,3374.46,3369.54,3370.7,583.2457
2025-01-16 06:20:00,3370.69,3374.44,3369.0,3374.16,999.6274
2025-01-16 06:25:00,3374.16,3382.8,3374.0,3382.0,803.7139
2025-01-16 06:30:00,3382.0,3388.44,3378.31,3378.31,1250.3987
2025-01-16 06:35:00,3378.31,3382.32,3377.0,3381.7,480.1473
2025-01-16 06:40:00,3381.69,3382.0,3377.46,3377.54,941.3624
2025-01-16 06:45:00,3377.51,3377.51,3373.5,3376.78,442.9119
2025-01-16 06:50:00,3376.79,3380.53,3376.78,3377.67,757.7321
2025-01-16 06:55:00,3377.75,3382.23,3377.56,3380.78,584.2739
2025-01-16 07:00:00,3380.78,3385.0,3378.49,3382.41,892.0753
2025-01-16 07:05:00,3382.41,3383.67,3381.3,3383.14,457.4993
2025-01-16 07:10:00,3383.15,3387.02,3382.19,3387.01,641.4627
2025-01-16 07:15:00,3387.02,3391.5,3382.99,3384.04,613.3038
2025-01-16 07:20:00,3384.05,3386.95,3382.61,3386.55,562.7603
2025-01-16 07:25:00,3386.54,3386.91,3381.76,3385.2,330.875
2025-01-16 07:30:00,3385.2,3386.67,3381.3,3385.59,598.896
2025-01-16 07:35:00,3385.59,3385.59,3381.8,3383.85,650.57
2025-01-16 07:40:00,3383.85,3384.19,3378.0,3382.0,1660.1134
2025-01-16 07:45:00,3381.99,3388.88,3379.41,3383.72,5133.9204
2025-01-16 07:50:00,3383.72,3386.13,3383.15,3383.16,719.9482
2025-01-16 07:55:00,3383.15,3384.96,3382.89,3384.3,631.3401
2025-01-16 08:00:00,3384.3,3385.71,3381.0,3382.04,1871.7864
2025-01-16 08:05:00,3382.04,3385.84,3379.2,3382.01,1812.7562
2025-01-16 08:10:00,3382.0,3382.01,3375.11,3375.74,1678.4413
2025-01-16 08:15:00,3375.74,3375.84,3365.22,3365.91,1298.6584
2025-01-16 08:20:00,3365.91,3365.91,3353.25,3355.45,2226.8844
2025-01-16 08:25:00,3355.46,3360.2,3355.45,3359.55,769.7311
2025-01-16 08:30:00,3359.55,3362.54,3349.5,3350.25,2272.2339
2025-01-16 08:35:00,3350.24,3353.0,3348.36,3353.0,1041.0319
2025-01-16 08:40:00,3353.0,3353.0,3329.57,3331.57,6912.4834
2025-01-16 08:45:00,3331.59,3335.6,3312.72,3313.98,4261.2227
2025-01-16 08:50:00,3313.99,3317.59,3303.2,3308.89,7862.4033
2025-01-16 08:55:00,3308.89,3322.67,3307.18,3316.2,7129.1264
2025-01-16 09:00:00,3316.21,3320.91,3305.6,3307.0,3424.5769
2025-01-16 09:05:00,3306.99,3310.62,3300.55,3306.85,1927.8994
2025-01-16 09:10:00,3306.84,3311.84,3303.81,3311.28,1411.0262
2025-01-16 09:15:00,3311.27,3313.96,3308.59,3309.56,986.8833
2025-01-16 09:20:00,3309.55,3310.0,3303.86,3308.18,1303.1964
2025-01-16 09:25:00,3308.19,3311.22,3305.63,3307.39,1623.5313
2025-01-16 09:30:00,3307.38,3310.02,3300.21,3309.46,2252.2639
2025-01-16 09:35:00,3309.46,3319.58,3309.07,3317.08,2064.6996
2025-01-16 09:40:00,3317.08,3321.85,3313.98,3321.85,861.4957
2025-01-16 09:45:00,3321.85,3335.21,3321.09,3333.3,1923.387
2025-01-16 09:50:00,3333.3,3338.31,3331.47,3333.35,1494.5266
2025-01-16 09:55:00,3333.35,3336.97,3332.76,3336.23,788.2842
2025-01-16 10:00:00,3336.22,3337.32,3333.0,3334.17,717.279
2025-01-16 10:05:00,3334.17,3339.11,3333.06,3339.11,681.1042
2025-01-16 10:10:00,3339.11,3339.4,3337.08,3337.09,804.8031
2025-01-16 10:15:00,3337.08,3338.43,3331.09,3333.55,628.7312
2025-01-16 10:20:00,3333.55,3337.23,3333.07,3335.36,429.9298
2025-01-16 10:25:00,3335.36,3339.0,3335.07,3337.39,510.9893
2025-01-16 10:30:00,3337.39,3339.52,3336.08,3339.51,391.9935
2025-01-16 10:35:00,3339.52,3342.63,3339.12,3342.11,608.7504
2025-01-16 10:40:00,3342.1,3342.58,3332.8,3333.71,1051.8408
2025-01-16 10:45:00,3333.71,3333.72,3329.04,3331.67,1165.8078
2025-01-16 10:50:00,3331.68,3338.75,3331.67,3337.18,380.873
2025-01-16 10:55:00,3337.17,3337.18,3334.05,3334.05,347.854
2025-01-16 11:00:00,3334.06,3334.51,3329.04,3330.4,653.4111
2025-01-16 11:05:00,3330.39,3331.85,3321.51,3331.85,1247.8493
2025-01-16 11:10:00,3331.89,3349.3,3331.89,3342.21,2088.0194
2025-01-16 11:15:00,3342.21,3343.99,3323.04,3325.13,1755.2346
2025-01-16 11:20:00,3325.12,3337.0,3324.34,3332.17,1080.4442
2025-01-16 11:25:00,3332.18,3343.52,3331.61,3337.42,1270.6109
2025-01-16 11:30:00,3337.41,3342.99,3336.2,3340.54,1240.8864
2025-01-16 11:35:00,3340.55,3342.16,3333.0,3335.03,565.39
2025-01-16 11:40:00,3335.06,3344.92,3335.06,3340.59,1217.4679
2025-01-16 11:45:00,3340.58,3347.7,3339.5,3345.13,1586.6326
2025-01-16 11:50:00,3345.12,3354.8,3345.12,3354.38,1590.2057
2025-01-16 11:55:00,3354.38,3356.0,3351.15,3351.27,754.4335
2025-01-16 12:00:00,3351.26,3352.2,3341.65,3345.84,2001.3708
2025-01-16 12:05:00,3345.84,3347.47,3341.87,3344.97,864.7382
2025-01-16 12:10:00,3344.96,3355.42,3343.6,3355.11,1403.5057
2025-01-16 12:15:00,3355.05,3357.0,3349.4,3350.43,895.7104
2025-01-16 12:20:00,3350.43,3364.74,3349.68,3362.11,2469.5367
2025-01-16 12:25:00,3362.11,3362.11,3346.67,3347.58,1860.0285
2025-01-16 12:30:00,3347.58,3355.97,3347.57,3355.97,2048.069
2025-01-16 12:35:00,3355.98,3358.85,3354.2,3357.12,2031.1372
2025-01-16 12:40:00,3357.12,3357.66,3351.5,3354.28,1352.2993
2025-01-16 12:45:00,3354.28,3357.5,3350.15,3350.73,1756.3809
2025-01-16 12:50:00,3350.74,3361.19,3350.16,3361.08,1957.7411
2025-01-16 12:55:00,3361.08,3365.16,3356.34,3357.5,1949.643
2025-01-16 13:00:00,3357.5,3359.03,3348.5,3348.51,2410.3086
2025-01-16 13:05:00,3348.5,3348.5,3335.5,3336.65,2814.7519
2025-01-16 13:10:00,3336.66,3340.5,3323.01,3328.06,3049.8511
2025-01-16 13:15:00,3328.06,3336.63,3326.13,3330.03,1966.2885
2025-01-16 13:20:00,3330.03,3340.0,3324.6,3339.99,2577.1269
2025-01-16 13:25:00,3339.99,3340.11,3308.05,3313.11,3708.6836
2025-01-16 13:30:00,3313.28,3339.75,3313.16,3327.56,7989.8549
2025-01-16 13:35:00,3327.58,3335.79,3318.0,3330.12,2030.2385
2025-01-16 13:40:00,3330.13,3342.98,3326.56,3338.8,1965.5381
2025-01-16 13:45:00,3338.67,3341.92,3331.8,3332.61,1701.1904
2025-01-16 13:50:00,3332.62,3335.9,3328.0,3331.17,1477.9468
2025-01-16 13:55:00,3331.18,3335.13,3327.41,3328.61,877.3573
2025-01-16 14:00:00,3328.62,3332.87,3319.71,3321.67,1444.9275
2025-01-16 14:05:00,3321.67,3324.83,3315.09,3321.34,1765.1944
2025-01-16 14:10:00,3321.35,3333.94,3321.35,3333.26,1489.4794
2025-01-16 14:15:00,3333.25,3337.4,3332.26,3333.64,782.8593
2025-01-16 14:20:00,3333.65,3336.95,3330.04,3334.41,608.1699
2025-01-16 14:25:00,3334.41,3343.0,3334.41,3341.44,1106.5252
2025-01-16 14:30:00,3341.43,3341.88,3317.35,3331.69,6621.5787
2025-01-16 14:35:00,3331.7,3335.68,3318.19,3319.9,3486.7529
2025-01-16 14:40:00,3319.91,3323.22,3287.43,3289.66,9853.9358
2025-01-16 14:45:00,3289.67,3290.15,3265.44,3267.51,14019.4004
2025-01-16 14:50:00,3267.5,3295.0,3267.5,3285.96,8176.8087
2025-01-16 14:55:00,3285.95,3291.3,3277.0,3277.14,3844.2709
2025-01-16 15:00:00,3277.14,3282.13,3269.7,3277.22,4076.7982
2025-01-16 15:05:00,3277.23,3296.5,3270.12,3293.84,5388.2047
2025-01-16 15:10:00,3293.94,3300.75,3277.02,3280.99,3363.8616
2025-01-16 15:15:00,3280.99,3296.2,3279.12,3295.61,3032.5324
2025-01-16 15:20:00,3295.61,3309.58,3293.96,3308.6,4405.3677
2025-01-16 15:25:00,3308.61,3318.2,3306.64,3317.78,3613.1045
2025-01-16 15:30:00,3317.78,3323.01,3308.14,3308.22,2324.6754
2025-01-16 15:35:00,3308.22,3315.73,3300.66,3312.0,2315.4282
2025-01-16 15:40:00,3312.01,3312.98,3299.27,3305.05,2012.4906
2025-01-16 15:45:00,3305.05,3309.88,3300.1,3309.88,1696.5738
2025-01-16 15:50:00,3309.87,3320.85,3309.65,3319.02,1970.1271
2025-01-16 15:55:00,3319.02,3333.21,3318.48,3333.04,2860.9391
2025-01-16 16:00:00,3333.02,3342.0,3330.4,3339.69,2675.1577
2025-01-16 16:05:00,3339.67,3361.72,3337.75,3359.44,3812.4429
2025-01-16 16:10:00,3359.44,3359.58,3339.75,3340.74,3126.5893
2025-01-16 16:15:00,3340.74,3346.68,3332.8,3344.7,3156.7578
2025-01-16 16:20:00,3344.7,3349.57,3336.02,3346.32,1827.5654
2025-01-16 16:25:00,3346.32,3352.81,3344.91,3350.49,1893.0198
2025-01-16 16:30:00,3350.49,3355.43,3347.56,3349.21,1731.9636
2025-01-16 16:35:00,3349.21,3354.27,3342.96,3345.13,1383.2044
2025-01-16 16:40:00,3345.14,3350.93,3333.87,3336.57,2617.1824
2025-01-16 16:45:00,3336.57,3348.58,3336.51,3340.81,2025.3443
2025-01-16 16:50:00,3340.81,3344.96,3334.4,3339.29,1039.515
2025-01-16 16:55:00,3339.3,3342.0,3336.73,3340.41,1892.5934
2025-01-16 17:00:00,3340.4,3345.65,3334.06,3345.32,1170.4526
2025-01-16 17:05:00,3345.32,3346.46,3336.28,3339.33,1305.1844
2025-01-16 17:10:00,3339.33,3342.71,3336.28,3338.3,1630.247
2025-01-16 17:15:00,3338.3,3341.75,3330.9,3335.3,1368.5552
2025-01-16 17:20:00,3335.3,3341.51,3333.57,3339.48,656.3818
2025-01-16 17:25:00,3339.48,3348.89,3338.71,3345.5,655.0976
2025-01-16 17:30:00,3345.51,3351.38,3343.32,3351.13,959.1187
2025-01-16 17:35:00,3351.13,3365.95,3349.38,3352.5,2461.3191
2025-01-16 17:40:00,3352.5,3357.33,3347.84,3349.58,1828.5252
2025-01-16 17:45:00,3349.58,3353.94,3338.76,3342.32,1707.8426
2025-01-16 17:50:00,3342.32,3346.24,3339.23,3344.33,1124.4343
2025-01-16 17:55:00,3344.33,3350.19,3343.39,3343.86,870.3591
2025-01-16 18:00:00,3343.86,3350.0,3343.53,3348.59,986.3833
2025-01-16 18:05:00,3348.6,3350.89,3343.45,3343.99,847.1256
2025-01-16 18:10:00,3343.99,3344.7,3335.27,3337.83,1130.7626
2025-01-16 18:15:00,3337.84,3338.91,3328.79,3328.8,1589.1385
2025-01-16 18:20:00,3328.8,3334.05,3328.64,3333.0,691.9623
2025-01-16 18:25:00,3333.0,3333.64,3319.1,3321.02,1728.3017
2025-01-16 18:30:00,3321.02,3324.18,3311.54,3315.78,1680.6726
2025-01-16 18:35:00,3315.78,3321.07,3310.47,3314.84,1643.9246
2025-01-16 18:40:00,3314.84,3322.43,3314.51,3319.9,1148.3524
2025-01-16 18:45:00,3319.9,3321.97,3313.16,3321.21,979.8153
2025-01-16 18:50:00,3321.21,3330.45,3320.0,3328.39,1160.7425
2025-01-16 18:55:00,3328.4,3329.96,3325.22,3325.97,754.9952
2025-01-16 19:00:00,3325.96,3327.76,3319.5,3327.76,1117.3174
2025-01-16 19:05:00,3327.75,3331.0,3325.64,3327.25,636.3597
2025-01-16 19:10:00,3327.25,3333.19,3326.0,3331.13,1074.6604
2025-01-16 19:15:00,3331.14,3335.8,3328.5,3334.32,493.8228
2025-01-16 19:20:00,3334.29,3334.29,3323.41,3325.94,727.2569
2025-01-16 19:25:00,3325.94,3332.5,3325.68,3329.25,768.9045
2025-01-16 19:30:00,3329.25,3329.25,3325.23,3328.68,511.0041
2025-01-16 19:35:00,3328.77,3336.0,3325.54,3335.55,834.4306
2025-01-16 19:40:00,3335.55,3337.63,3331.5,3332.85,843.8628
2025-01-16 19:45:00,3332.84,3340.5,3332.27,3339.41,837.5512
2025-01-16 19:50:00,3339.39,3342.0,3333.47,3341.01,662.0686
2025-01-16 19:55:00,3341.02,3346.2,3341.02,3344.81,839.7174
2025-01-16 20:00:00,3344.81,3354.01,3343.65,3344.9,1863.9284
2025-01-16 20:05:00,3344.9,3347.03,3341.95,3344.42,827.5195
2025-01-16 20:10:00,3344.41,3346.34,3340.3,3341.0,995.9121
2025-01-16 20:15:00,3341.0,3343.32,3332.3,3335.6,1621.3497
2025-01-16 20:20:00,3335.6,3339.94,3328.24,3328.51,1156.2812
2025-01-16 20:25:00,3328.51,3333.2,3326.23,3332.74,1054.1478
2025-01-16 20:30:00,3332.74,3340.54,3330.25,3338.63,1636.7731
2025-01-16 20:35:00,3338.64,3341.63,3331.96,3331.97,728.5748
2025-01-16 20:40:00,3331.97,3337.0,3331.0,3336.03,559.7811
2025-01-16 20:45:00,3336.03,3339.51,3333.0,3337.0,518.7405
2025-01-16 20:50:00,3337.0,3340.39,3335.27,3336.95,817.1124
2025-01-16 20:55:00,3336.95,3340.0,3330.76,3337.33,1797.8575
2025-01-16 21:00:00,3337.34,3337.94,3321.55,3321.64,896.2743
2025-01-16 21:05:00,3321.64,3329.99,3321.5,3329.6,936.6392
2025-01-16 21:10:00,3329.61,3334.75,3329.44,3333.61,501.1397
2025-01-16 21:15:00,3333.62,3334.27,3323.47,3323.48,807.8433
2025-01-16 21:20:00,3323.47,3324.92,3311.92,3314.01,1777.9087
2025-01-16 21:25:00,3314.01,3321.21,3314.01,3320.07,555.0512
2025-01-16 21:30:00,3320.08,3321.52,3317.53,3320.51,977.0443
2025-01-16 21:35:00,3320.51,3322.8,3316.32,3321.97,692.4932
2025-01-16 21:40:00,3321.97,3328.75,3321.81,3327.56,673.4071
2025-01-16 21:45:00,3327.56,3328.91,3322.5,3323.19,576.6551
2025-01-16 21:50:00,3323.2,3323.51,3315.28,3318.56,473.936
2025-01-16 21:55:00,3318.56,3321.74,3317.67,3320.08,1391.6217
2025-01-16 22:00:00,3320.08,3320.09,3314.66,3315.53,955.0197
2025-01-16 22:05:00,3315.53,3317.55,3313.53,3314.21,542.9085
2025-01-16 22:10:00,3314.21,3314.81,3306.63,3308.95,1337.6132
2025-01-16 22:15:00,3308.95,3311.11,3304.0,3305.59,1185.776
2025-01-16 22:20:00,3305.59,3305.59,3294.38,3297.65,1796.71
2025-01-16 22:25:00,3297.64,3297.65,3290.05,3291.27,1201.3655
2025-01-16 22:30:00,3291.28,3293.19,3270.69,3273.04,3257.8156
2025-01-16 22:35:00,3273.03,3286.42,3269.0,3285.77,5149.3454
2025-01-16 22:40:00,3285.85,3289.06,3281.0,3284.03,1048.5473
2025-01-16 22:45:00,3284.03,3293.48,3281.09,3291.02,1101.2151
2025-01-16 22:50:00,3291.03,3295.81,3288.03,3295.81,1074.9134
2025-01-16 22:55:00,3295.81,3299.04,3295.19,3297.62,566.135
2025-01-16 23:00:00,3297.62,3306.96,3296.41,3303.82,1377.2276
2025-01-16 23:05:00,3303.83,3306.79,3299.81,3304.56,1249.4379
2025-01-16 23:10:00,3304.5,3307.43,3303.53,3305.51,1009.3252
2025-01-16 23:15:00,3305.51,3308.89,3303.41,3305.01,477.885
2025-01-16 23:20:00,3305.0,3306.07,3292.21,3293.06,782.074
2025-01-16 23:25:00,3293.05,3296.96,3290.6,3295.43,524.8502
2025-01-16 23:30:00,3295.43,3302.3,3295.08,3302.29,5417.0425
2025-01-16 23:35:00,3302.29,3302.5,3296.3,3298.4,4196.6818
2025-01-16 23:40:00,3298.4,3304.92,3295.79,3304.92,3279.3567
2025-01-16 23:45:00,3304.92,3309.91,3302.11,3309.15,1128.2579
2025-01-16 23:50:00,3309.15,3311.52,3308.19,3309.53,581.777
2025-01-16 23:55:00,3309.53,3312.27,3306.18,3308.05,578.9093
2025-01-17 00:00:00,3308.04,3313.43,3307.75,3312.01,1093.0635
2025-01-17 00:05:00,3312.01,3315.07,3311.3,3312.31,686.1001
2025-01-17 00:10:00,3312.3,3314.0,3309.2,3310.59,1122.8621
2025-01-17 00:15:00,3310.6,3317.86,3309.21,3314.3,710.1377
2025-01-17 00:20:00,3314.29,3316.69,3311.94,3314.46,468.1999
2025-01-17 00:25:00,3314.46,3314.46,3307.8,3314.39,678.4507
2025-01-17 00:30:00,3314.4,3317.0,3311.91,3315.17,433.9155
2025-01-17 00:35:00,3315.18,3315.18,3309.61,3311.37,522.7711
2025-01-17 00:40:00,3311.37,3317.78,3311.37,3314.86,499.3304
2025-01-17 00:45:00,3314.86,3314.87,3307.5,3309.13,558.6157
2025-01-17 00:50:00,3309.13,3313.8,3309.0,3313.79,308.0324
2025-01-17 00:55:00,3313.79,3315.8,3312.7,3313.68,427.6352
2025-01-17 01:00:00,3313.68,3319.5,3313.68,3316.56,716.5627
2025-01-17 01:05:00,3316.56,3326.47,3315.21,3320.21,1946.4194
2025-01-17 01:10:00,3320.2,3323.25,3318.96,3321.82,547.9848
2025-01-17 01:15:00,3321.82,3327.47,3321.59,3324.4,1136.5075
2025-01-17 01:20:00,3324.41,3331.1,3323.3,3326.63,1302.233
2025-01-17 01:25:00,3326.63,3341.0,3326.63,3340.71,1823.5306
2025-01-17 01:30:00,3340.71,3360.28,3339.6,3359.11,3524.1499
2025-01-17 01:35:00,3359.11,3376.0,3358.69,3372.07,8075.1719
2025-01-17 01:40:00,3372.07,3383.45,3372.06,3376.99,6486.5786
2025-01-17 01:45:00,3377.0,3383.4,3367.3,3369.74,6772.1437
2025-01-17 01:50:00,3369.74,3377.14,3366.97,3372.39,3828.0905
2025-01-17 01:55:00,3372.38,3391.02,3372.13,3386.31,6310.4486
2025-01-17 02:00:00,3386.3,3389.55,3381.61,3385.0,4603.1664
2025-01-17 02:05:00,3385.0,3390.5,3384.5,3386.1,4944.3761
2025-01-17 02:10:00,3386.1,3387.15,3379.64,3385.11,2126.9714
2025-01-17 02:15:00,3385.11,3397.66,3381.6,3396.57,3358.8176
2025-01-17 02:20:00,3396.56,3397.1,3387.53,3393.2,2684.5742
2025-01-17 02:25:00,3393.2,3394.58,3390.0,3390.23,720.8687
2025-01-17 02:30:00,3390.23,3391.57,3382.72,3384.53,1316.1243
2025-01-17 02:35:00,3384.53,3384.53,3369.57,3378.39,6208.778
2025-01-17 02:40:00,3378.38,3379.89,3372.46,3375.39,2890.5967
2025-01-17 02:45:00,3375.38,3375.38,3357.1,3358.91,3194.0371
2025-01-17 02:50:00,3358.92,3370.19,3355.0,3368.59,2252.2991
2025-01-17 02:55:00,3368.59,3373.84,3366.43,3373.3,1491.09
2025-01-17 03:00:00,3373.31,3377.49,3371.03,3372.05,1102.2524
2025-01-17 03:05:00,3372.06,3375.79,3370.45,3374.89,1146.3414
2025-01-17 03:10:00,3374.89,3375.3,3367.3,3369.81,1188.2829
2025-01-17 03:15:00,3369.8,3373.28,3367.51,3370.85,1632.9805
2025-01-17 03:20:00,3370.86,3372.47,3367.0,3367.7,722.5728
2025-01-17 03:25:00,3367.7,3367.82,3363.34,3365.3,999.3409
2025-01-17 03:30:00,3365.35,3369.66,3365.34,3367.8,759.6375
2025-01-17 03:35:00,3367.81,3374.29,3367.8,3371.27,520.4046
2025-01-17 03:40:00,3371.28,3371.28,3368.15,3369.53,770.07
2025-01-17 03:45:00,3369.54,3372.42,3364.13,3366.98,925.7486
2025-01-17 03:50:00,3366.98,3366.98,3361.97,3362.78,794.4662
2025-01-17 03:55:00,3362.78,3363.79,3358.66,3361.01,866.6956
2025-01-17 04:00:00,3361.01,3364.94,3360.12,3363.74,468.6046
2025-01-17 04:05:00,3363.74,3363.79,3355.37,3355.38,648.5226
2025-01-17 04:10:00,3355.38,3355.38,3348.27,3349.14,1596.0805
2025-01-17 04:15:00,3349.13,3352.17,3347.79,3351.5,614.7849
2025-01-17 04:20:00,3351.49,3358.01,3351.41,3355.11,1322.7952
2025-01-17 04:25:00,3355.11,3357.32,3351.12,3357.32,390.9176
2025-01-17 04:30:00,3357.32,3359.72,3355.04,3357.85,502.7099
2025-01-17 04:35:00,3357.85,3362.78,3356.98,3362.78,442.5786
2025-01-17 04:40:00,3362.77,3366.0,3362.01,3365.15,1195.9356
2025-01-17 04:45:00,3365.14,3367.7,3364.0,3367.69,824.0075
2025-01-17 04:50:00,3367.7,3372.47,3367.69,3370.48,818.072
2025-01-17 04:55:00,3370.48,3371.42,3368.77,3371.07,446.8772
2025-01-17 05:00:00,3371.07,3371.34,3366.65,3366.69,806.697
2025-01-17 05:05:00,3366.69,3373.93,3366.3,3372.01,861.9656
2025-01-17 05:10:00,3372.01,3375.71,3371.25,3372.8,4639.5599
2025-01-17 05:15:00,3372.8,3376.51,3369.22,3370.24,2934.8166
2025-01-17 05:20:00,3370.24,3372.9,3367.83,3367.83,1072.2025
2025-01-17 05:25:00,3367.83,3370.49,3364.97,3366.37,2415.6209
2025-01-17 05:30:00,3366.37,3369.1,3363.5,3367.54,2875.0819
2025-01-17 05:35:00,3367.59,3367.59,3360.84,3365.02,3488.0087
2025-01-17 05:40:00,3365.03,3365.03,3359.28,3361.2,2658.5506
2025-01-17 05:45:00,3361.2,3364.64,3359.88,3364.63,833.7143
2025-01-17 05:50:00,3364.63,3367.4,3364.63,3367.3,727.9167
2025-01-17 05:55:00,3367.31,3369.45,3366.32,3366.71,664.0
2025-01-17 06:00:00,3366.7,3369.57,3364.47,3366.85,709.0213
2025-01-17 06:05:00,3366.86,3371.46,3365.0,3371.46,713.7032
2025-01-17 06:10:00,3371.46,3375.71,3370.92,3374.02,951.34
2025-01-17 06:15:00,3374.02,3375.67,3372.79,3373.06,532.522
2025-01-17 06:20:00,3373.06,3375.5,3370.5,3373.25,819.7425
2025-01-17 06:25:00,3373.25,3373.25,3370.83,3372.13,556.6506
2025-01-17 06:30:00,3372.12,3372.99,3370.0,3370.31,599.8692
2025-01-17 06:35:00,3370.31,3373.18,3370.3,3372.0,381.9869
2025-01-17 06:40:00,3372.0,3376.0,3371.59,3374.52,487.8679
2025-01-17 06:45:00,3374.51,3374.51,3365.23,3367.6,1430.4341
2025-01-17 06:50:00,3367.6,3368.92,3365.97,3368.91,337.586
2025-01-17 06:55:00,3368.92,3369.98,3365.54,3367.44,539.4577
2025-01-17 07:00:00,3367.44,3369.0,3363.0,3364.2,642.7654
2025-01-17 07:05:00,3364.19,3367.61,3363.01,3367.6,593.199
2025-01-17 07:10:00,3367.61,3372.0,3366.14,3371.3,1277.2721
2025-01-17 07:15:00,3371.31,3373.0,3370.08,3371.3,729.9364
2025-01-17 07:20:00,3371.3,3372.57,3370.86,3371.73,318.1722
2025-01-17 07:25:00,3371.73,3371.73,3366.64,3368.79,383.7794
2025-01-17 07:30:00,3368.8,3371.76,3367.8,3368.0,538.2869
2025-01-17 07:35:00,3368.0,3371.77,3365.01,3371.21,610.7686
2025-01-17 07:40:00,3371.21,3389.11,3371.2,3380.49,3050.0036
2025-01-17 07:45:00,3380.49,3382.5,3379.44,3379.6,951.5499
2025-01-17 07:50:00,3379.61,3380.57,3372.2,3372.2,682.0643
2025-01-17 07:55:00,3372.2,3374.42,3370.0,3373.14,869.9517
2025-01-17 08:00:00,3373.14,3378.79,3372.52,3374.02,869.3518
2025-01-17 08:05:00,3374.03,3380.7,3373.66,3378.09,833.8721
2025-01-17 08:10:00,3378.09,3381.13,3377.69,3379.42,958.7915
2025-01-17 08:15:00,3379.41,3386.46,3377.02,3384.61,928.2148
2025-01-17 08:20:00,3384.61,3384.62,3373.8,3374.9,2216.6929
2025-01-17 08:25:00,3374.91,3380.5,3374.5,3380.5,717.796
2025-01-17 08:30:00,3380.5,3397.01,3380.49,3396.92,3589.8748
2025-01-17 08:35:00,3396.92,3402.34,3391.24,3392.91,2395.0708
2025-01-17 08:40:00,3392.92,3394.5,3385.71,3394.04,1447.4086
2025-01-17 08:45:00,3394.05,3394.05,3385.53,3390.11,1722.8676
2025-01-17 08:50:00,3390.1,3407.67,3390.0,3404.71,1544.4
2025-01-17 08:55:00,3404.7,3413.86,3404.7,3407.33,2550.0374
2025-01-17 09:00:00,3407.33,3410.32,3400.64,3404.57,1971.2118
2025-01-17 09:05:00,3404.56,3412.37,3401.42,3411.68,1792.541
2025-01-17 09:10:00,3411.68,3415.14,3405.0,3412.03,2439.5085
2025-01-17 09:15:00,3412.03,3412.63,3406.7,3406.7,1387.1455
2025-01-17 09:20:00,3406.7,3407.33,3400.72,3402.05,899.3781
2025-01-17 09:25:00,3402.05,3410.01,3401.14,3409.2,1399.7553
2025-01-17 09:30:00,3409.2,3412.99,3403.1,3404.78,1375.1328
2025-01-17 09:35:00,3404.79,3407.69,3404.28,3405.58,1117.8594
2025-01-17 09:40:00,3405.58,3406.43,3402.97,3402.98,1064.9644
2025-01-17 09:45:00,3402.98,3407.21,3402.37,3406.85,870.9589
2025-01-17 09:50:00,3406.86,3408.79,3404.86,3407.79,802.4779
2025-01-17 09:55:00,3407.79,3408.19,3403.5,3404.12,1013.4364
2025-01-17 10:00:00,3404.12,3407.0,3403.01,3405.49,1307.9297
2025-01-17 10:05:00,3405.49,3413.01,3404.91,3413.0,1017.2881
2025-01-17 10:10:00,3413.0,3439.0,3413.0,3435.24,6719.8187
2025-01-17 10:15:00,3435.23,3438.31,3427.16,3430.49,2081.3096
2025-01-17 10:20:00,3430.5,3433.33,3418.04,3418.89,2567.5241
2025-01-17 10:25:00,3418.9,3423.31,3418.6,3421.48,1396.6143
2025-01-17 10:30:00,3421.48,3425.0,3416.3,3424.99,1430.5106
2025-01-17 10:35:00,3425.0,3425.38,3419.53,3420.22,1096.9813
2025-01-17 10:40:00,3420.21,3426.39,3419.1,3419.8,965.0818
2025-01-17 10:45:00,3419.79,3424.64,3417.34,3423.71,730.725
2025-01-17 10:50:00,3423.7,3426.57,3423.0,3426.56,996.9658
2025-01-17 10:55:00,3426.57,3427.74,3424.12,3427.47,520.0375
2025-01-17 11:00:00,3427.47,3428.72,3422.0,3422.0,699.5582
2025-01-17 11:05:00,3422.0,3426.78,3419.04,3420.0,966.6223
2025-01-17 11:10:00,3420.0,3421.7,3416.68,3418.48,714.8705
2025-01-17 11:15:00,3418.47,3421.0,3418.0,3420.99,1562.3944
2025-01-17 11:20:00,3420.99,3430.0,3420.99,3429.47,2266.436
2025-01-17 11:25:00,3429.47,3429.8,3424.2,3425.09,811.2252
2025-01-17 11:30:00,3425.09,3430.0,3424.21,3428.91,1891.543
2025-01-17 11:35:00,3428.9,3430.0,3426.15,3426.98,875.1778
2025-01-17 11:40:00,3426.97,3427.94,3425.15,3427.29,1270.2447
2025-01-17 11:45:00,3427.29,3428.01,3424.25,3427.81,764.9117
2025-01-17 11:50:00,3427.81,3427.82,3422.6,3423.01,616.9265
2025-01-17 11:55:00,3423.01,3425.27,3419.79,3423.24,1306.8871
2025-01-17 12:00:00,3423.25,3424.78,3418.53,3421.66,1472.0599
2025-01-17 12:05:00,3421.65,3423.71,3418.25,3422.36,1226.8162
2025-01-17 12:10:00,3422.37,3426.2,3421.78,3422.93,2866.6543
2025-01-17 12:15:00,3422.94,3425.0,3419.68,3424.57,1188.47
2025-01-17 12:20:00,3424.56,3425.0,3421.01,3422.3,798.2213
2025-01-17 12:25:00,3422.3,3422.79,3408.81,3411.02,2806.7088
2025-01-17 12:30:00,3411.04,3412.59,3404.14,3405.43,1441.4737
2025-01-17 12:35:00,3405.44,3406.59,3400.69,3402.16,2015.0586
2025-01-17 12:40:00,3402.16,3413.01,3401.57,3412.51,1738.2804
2025-01-17 12:45:00,3412.5,3418.86,3411.24,3415.46,2054.2857
2025-01-17 12:50:00,3415.47,3415.47,3407.71,3407.87,948.3234
2025-01-17 12:55:00,3407.86,3410.0,3405.0,3407.63,943.3121
2025-01-17 13:00:00,3407.64,3415.95,3407.64,3415.68,687.4984
2025-01-17 13:05:00,3415.68,3418.37,3414.67,3415.5,1059.7671
2025-01-17 13:10:00,3415.49,3417.17,3412.17,3415.64,731.8459
2025-01-17 13:15:00,3415.64,3418.71,3411.1,3411.1,1470.299
2025-01-17 13:20:00,3411.11,3417.47,3410.29,3415.41,998.7745
2025-01-17 13:25:00,3415.4,3424.0,3415.0,3418.67,835.0836
2025-01-17 13:30:00,3418.68,3421.84,3416.43,3417.4,1182.4605
2025-01-17 13:35:00,3417.4,3421.76,3395.14,3397.9,4135.9062
2025-01-17 13:40:00,3397.9,3414.59,3397.7,3412.1,1733.7363
2025-01-17 13:45:00,3412.1,3416.11,3403.0,3403.99,1407.5964
2025-01-17 13:50:00,3404.0,3405.54,3401.5,3404.5,1545.1223
2025-01-17 13:55:00,3404.5,3405.0,3401.0,3402.0,1997.2747
2025-01-17 14:00:00,3402.0,3411.34,3401.9,3408.62,1483.9754
2025-01-17 14:05:00,3408.62,3409.85,3404.52,3406.11,2726.1197
2025-01-17 14:10:00,3406.11,3415.26,3405.91,3410.61,1076.3058
2025-01-17 14:15:00,3410.61,3420.99,3410.21,3420.99,1128.2255
2025-01-17 14:20:00,3420.99,3422.62,3416.5,3420.5,983.1508
2025-01-17 14:25:00,3420.5,3427.84,3417.31,3424.21,3846.3777
2025-01-17 14:30:00,3424.2,3433.0,3405.91,3422.61,9403.9923
2025-01-17 14:35:00,3422.63,3431.44,3410.5,3412.61,6329.6352
2025-01-17 14:40:00,3412.61,3416.48,3402.01,3406.61,5002.1789
2025-01-17 14:45:00,3406.6,3419.89,3404.44,3411.11,4401.4651
2025-01-17 14:50:00,3411.1,3428.5,3407.24,3424.13,5189.5603
2025-01-17 14:55:00,3424.12,3433.09,3422.64,3428.87,3139.3775
2025-01-17 15:00:00,3428.86,3434.78,3425.72,3433.37,2874.1654
2025-01-17 15:05:00,3433.37,3448.43,3433.37,3447.58,5216.1436
2025-01-17 15:10:00,3447.56,3449.0,3438.65,3448.99,5002.5999
2025-01-17 15:15:00,3448.98,3450.53,3439.0,3443.69,3333.4565
2025-01-17 15:20:00,3443.69,3445.0,3420.16,3425.49,4274.6193
2025-01-17 15:25:00,3425.49,3428.9,3404.24,3417.4,4411.4803
2025-01-17 15:30:00,3417.4,3421.36,3409.47,3414.12,2475.3817
2025-01-17 15:35:00,3414.12,3426.92,3412.0,3424.75,2974.7204
2025-01-17 15:40:00,3424.75,3426.55,3419.05,3420.2,1799.3849
2025-01-17 15:45:00,3420.21,3421.84,3408.99,3416.31,2139.793
2025-01-17 15:50:00,3416.32,3417.82,3412.07,3417.42,1271.471
2025-01-17 15:55:00,3417.43,3422.2,3415.67,3421.8,1508.0823
2025-01-17 16:00:00,3421.8,3424.74,3417.73,3422.95,1855.2913
2025-01-17 16:05:00,3422.95,3423.41,3411.83,3414.42,1208.6143
2025-01-17 16:10:00,3414.45,3431.97,3413.66,3431.55,3843.6242
2025-01-17 16:15:00,3431.55,3448.5,3429.61,3442.31,4300.008
2025-01-17 16:20:00,3442.3,3447.8,3437.8,3443.63,2626.52
2025-01-17 16:25:00,3443.62,3446.64,3439.88,3440.81,2258.116
2025-01-17 16:30:00,3440.81,3443.81,3437.0,3437.72,1875.9122
2025-01-17 16:35:00,3437.7,3445.5,3437.54,3445.5,2159.8944
2025-01-17 16:40:00,3445.49,3446.0,3440.0,3441.8,1139.7872
2025-01-17 16:45:00,3441.79,3444.0,3433.5,3438.0,1610.4375
2025-01-17 16:50:00,3438.0,3443.2,3435.3,3439.4,1021.7047
2025-01-17 16:55:00,3439.4,3442.47,3435.72,3437.74,1269.3213
2025-01-17 17:00:00,3437.74,3437.8,3429.0,3433.99,2242.3605
2025-01-17 17:05:00,3433.99,3435.53,3426.79,3431.78,1412.926
2025-01-17 17:10:00,3431.8,3435.52,3429.21,3430.18,1036.7588
2025-01-17 17:15:00,3430.18,3431.08,3425.0,3426.49,1109.0867
2025-01-17 17:20:00,3426.48,3429.69,3423.71,3428.51,1466.7998
2025-01-17 17:25:00,3428.5,3443.2,3428.5,3438.72,1803.864
2025-01-17 17:30:00,3438.72,3440.0,3422.71,3423.72,1840.9066
2025-01-17 17:35:00,3423.73,3423.73,3407.63,3416.59,2649.2893
2025-01-17 17:40:00,3416.59,3417.97,3411.66,3414.42,1460.5879
2025-01-17 17:45:00,3414.41,3422.38,3412.82,3418.59,1422.3281
2025-01-17 17:50:00,3418.6,3420.34,3410.0,3415.5,1776.1118
2025-01-17 17:55:00,3415.5,3415.5,3409.29,3414.41,883.601
2025-01-17 18:00:00,3414.41,3418.09,3411.81,3418.0,1530.5173
2025-01-17 18:05:00,3417.99,3419.48,3412.14,3414.83,684.4551
2025-01-17 18:10:00,3414.82,3418.3,3410.48,3417.7,725.2338
2025-01-17 18:15:00,3417.7,3424.25,3415.44,3422.79,671.635
2025-01-17 18:20:00,3422.79,3429.88,3422.53,3425.89,949.0491
2025-01-17 18:25:00,3425.9,3428.2,3421.03,3421.03,801.9041
2025-01-17 18:30:00,3421.03,3421.7,3416.27,3420.35,500.0589
2025-01-17 18:35:00,3420.36,3426.22,3418.5,3420.7,753.1029
2025-01-17 18:40:00,3420.71,3422.35,3416.8,3419.48,872.2457
2025-01-17 18:45:00,3419.48,3422.56,3417.68,3418.41,531.3409
2025-01-17 18:50:00,3418.4,3421.09,3415.36,3416.45,861.1408
2025-01-17 18:55:00,3416.45,3416.45,3410.18,3411.54,621.6544
2025-01-17 19:00:00,3411.53,3418.6,3410.78,3415.14,800.4213
2025-01-17 19:05:00,3415.15,3416.8,3411.41,3415.39,891.4577
2025-01-17 19:10:00,3415.4,3428.0,3415.4,3428.0,1405.3847
2025-01-17 19:15:00,3428.01,3439.34,3425.83,3437.59,1944.3245
2025-01-17 19:20:00,3437.58,3443.87,3435.1,3438.89,2391.4241
2025-01-17 19:25:00,3438.89,3441.0,3429.2,3430.76,920.879
2025-01-17 19:30:00,3430.76,3430.76,3418.32,3419.16,2877.7007
2025-01-17 19:35:00,3419.17,3426.79,3417.16,3423.01,1336.3061
2025-01-17 19:40:00,3423.02,3428.58,3423.01,3426.32,855.5752
2025-01-17 19:45:00,3426.33,3429.99,3423.38,3428.67,826.913
2025-01-17 19:50:00,3428.66,3431.96,3427.18,3429.92,822.2296
2025-01-17 19:55:00,3429.91,3434.2,3429.91,3432.11,569.3916
2025-01-17 20:00:00,3432.1,3435.68,3425.9,3431.21,1533.7868
2025-01-17 20:05:00,3431.2,3437.36,3427.8,3437.35,1593.0897
2025-01-17 20:10:00,3437.36,3454.25,3437.35,3445.35,5217.1307
2025-01-17 20:15:00,3445.36,3468.0,3443.2,3465.8,6804.8994
2025-01-17 20:20:00,3465.82,3475.0,3461.5,3467.02,3928.4841
2025-01-17 20:25:00,3467.02,3494.0,3465.67,3491.4,5682.6897
2025-01-17 20:30:00,3491.4,3510.15,3491.03,3505.61,14385.4797
2025-01-17 20:35:00,3505.61,3512.4,3496.6,3507.45,6515.2183
2025-01-17 20:40:00,3507.46,3515.36,3503.1,3511.63,5459.5485
2025-01-17 20:45:00,3511.65,3522.83,3509.05,3521.55,5230.053
2025-01-17 20:50:00,3521.54,3525.0,3518.0,3518.31,3584.6212
2025-01-17 20:55:00,3518.3,3518.3,3501.05,3514.81,3842.8669
2025-01-17 21:00:00,3514.8,3525.72,3512.01,3517.62,2763.3431
2025-01-17 21:05:00,3517.63,3522.98,3502.5,3503.0,2656.3576
2025-01-17 21:10:00,3503.0,3510.54,3502.6,3510.19,2547.5817
2025-01-17 21:15:00,3510.19,3513.88,3504.31,3505.5,1283.7713
2025-01-17 21:20:00,3505.51,3510.53,3504.21,3508.75,1381.77
2025-01-17 21:25:00,3508.75,3510.13,3497.43,3498.27,2088.3743
2025-01-17 21:30:00,3498.27,3500.97,3493.66,3493.68,1368.1185
2025-01-17 21:35:00,3493.68,3495.0,3473.69,3478.04,4172.8222
2025-01-17 21:40:00,3478.04,3484.21,3473.3,3480.29,2024.2211
2025-01-17 21:45:00,3480.3,3482.4,3473.2,3473.77,978.1129
2025-01-17 21:50:00,3473.77,3475.48,3466.84,3470.81,2398.8673
2025-01-17 21:55:00,3470.81,3474.36,3470.61,3473.58,793.3891
2025-01-17 22:00:00,3473.58,3487.51,3472.27,3486.04,1963.2871
2025-01-17 22:05:00,3486.03,3486.03,3477.67,3481.48,761.9017
2025-01-17 22:10:00,3481.47,3484.5,3479.4,3479.42,669.776
2025-01-17 22:15:00,3479.41,3484.0,3479.4,3483.74,1490.7282
2025-01-17 22:20:00,3483.8,3483.99,3474.69,3475.6,765.9422
2025-01-17 22:25:00,3475.6,3480.6,3475.6,3478.5,410.7952
2025-01-17 22:30:00,3478.5,3484.0,3476.07,3484.0,1008.827
2025-01-17 22:35:00,3483.99,3485.27,3476.2,3480.38,1524.7201
2025-01-17 22:40:00,3480.39,3481.5,3474.6,3474.61,951.241
2025-01-17 22:45:00,3474.61,3475.91,3467.8,3470.87,1021.1477
2025-01-17 22:50:00,3470.87,3475.79,3469.31,3473.94,1445.5903
2025-01-17 22:55:00,3473.94,3476.0,3469.67,3470.21,829.844
2025-01-17 23:00:00,3470.22,3471.0,3462.85,3468.63,1818.7693
2025-01-17 23:05:00,3468.63,3472.56,3465.58,3472.56,898.4481
2025-01-17 23:10:00,3472.56,3477.65,3470.32,3475.23,583.1284
2025-01-17 23:15:00,3475.23,3475.37,3470.81,3472.28,573.5853
2025-01-17 23:20:00,3472.28,3481.6,3472.27,3480.67,700.9727
2025-01-17 23:25:00,3480.68,3485.52,3480.68,3483.47,938.346
2025-01-17 23:30:00,3483.46,3483.46,3473.57,3473.99,835.2584
2025-01-17 23:35:00,3474.0,3480.78,3474.0,3478.38,508.1905
2025-01-17 23:40:00,3478.37,3480.87,3477.52,3478.48,322.9822
2025-01-17 23:45:00,3478.48,3480.8,3477.84,3478.03,427.8299
2025-01-17 23:50:00,3478.04,3479.9,3473.95,3473.96,940.7561
2025-01-17 23:55:00,3473.96,3477.23,3472.29,3473.63,584.9154
2025-01-18 00:00:00,3473.64,3478.41,3472.0,3475.78,1485.6318
2025-01-18 00:05:00,3475.78,3477.7,3472.29,3477.69,639.4274
2025-01-18 00:10:00,3477.7,3479.45,3474.62,3475.04,648.5496
2025-01-18 00:15:00,3475.03,3476.48,3471.0,3471.01,619.3427
2025-01-18 00:20:00,3471.0,3475.78,3469.15,3474.58,611.4083
2025-01-18 00:25:00,3474.58,3477.0,3471.3,3475.67,747.4051
2025-01-18 00:30:00,3475.67,3480.99,3474.59,3479.03,463.1235
2025-01-18 00:35:00,3479.03,3485.27,3478.53,3483.13,1190.0256
2025-01-18 00:40:00,3483.14,3485.82,3481.22,3485.18,728.7325
2025-01-18 00:45:00,3485.17,3486.0,3482.51,3483.09,684.802
2025-01-18 00:50:00,3483.09,3490.24,3482.61,3488.73,803.8363
2025-01-18 00:55:00,3488.74,3494.39,3486.17,3487.71,920.8329
2025-01-18 01:00:00,3487.71,3487.71,3476.33,3477.19,1427.9451
2025-01-18 01:05:00,3477.2,3479.72,3472.74,3473.35,1184.1398
2025-01-18 01:10:00,3473.35,3482.63,3472.63,3476.67,1311.5679
2025-01-18 01:15:00,3476.67,3477.24,3469.8,3472.47,1919.3017
2025-01-18 01:20:00,3472.47,3473.95,3467.64,3467.64,964.9014
2025-01-18 01:25:00,3467.65,3473.88,3467.46,3470.71,733.7124
2025-01-18 01:30:00,3470.72,3470.72,3462.25,3462.76,1188.7485
2025-01-18 01:35:00,3462.77,3463.18,3455.44,3459.04,1704.5298
2025-01-18 01:40:00,3459.04,3465.28,3458.64,3461.97,409.9524
2025-01-18 01:45:00,3461.98,3462.87,3457.92,3462.78,942.9734
2025-01-18 01:50:00,3462.78,3467.49,3461.61,3466.21,465.6794
2025-01-18 01:55:00,3466.21,3467.83,3465.62,3466.31,544.6066
2025-01-18 02:00:00,3466.31,3471.05,3466.31,3469.01,392.1004
2025-01-18 02:05:00,3469.0,3470.2,3463.15,3465.03,737.9807
2025-01-18 02:10:00,3465.02,3470.6,3463.6,3470.59,702.2432
2025-01-18 02:15:00,3470.6,3473.37,3469.85,3470.59,634.4055
2025-01-18 02:20:00,3470.6,3473.47,3469.56,3472.31,457.5411
2025-01-18 02:25:00,3472.32,3475.0,3468.89,3469.77,533.6391
2025-01-18 02:30:00,3469.78,3469.94,3464.21,3464.67,457.8333
2025-01-18 02:35:00,3464.68,3467.0,3460.65,3460.66,719.4099
2025-01-18 02:40:00,3460.66,3462.37,3456.79,3461.54,1362.1954
2025-01-18 02:45:00,3461.53,3462.8,3458.73,3460.34,939.1234
2025-01-18 02:50:00,3460.35,3465.0,3455.0,3455.01,1362.892
2025-01-18 02:55:00,3455.0,3455.5,3447.72,3451.36,2314.9025
2025-01-18 03:00:00,3451.39,3456.3,3449.64,3454.59,1272.3493
2025-01-18 03:05:00,3454.59,3455.93,3449.11,3453.53,1178.0799
2025-01-18 03:10:00,3453.54,3453.71,3445.14,3447.05,913.2957
2025-01-18 03:15:00,3447.04,3448.97,3439.0,3439.74,1216.8993
2025-01-18 03:20:00,3439.73,3439.82,3431.81,3436.24,2042.1882
2025-01-18 03:25:00,3436.25,3436.64,3416.96,3427.24,4092.0082
2025-01-18 03:30:00,3427.24,3428.73,3421.26,3423.02,1892.2205
2025-01-18 03:35:00,3423.02,3423.02,3405.9,3408.67,3692.8271
2025-01-18 03:40:00,3408.67,3408.67,3368.06,3382.66,11575.0305
2025-01-18 03:45:00,3382.66,3395.67,3378.47,3392.68,4463.9961
2025-01-18 03:50:00,3392.61,3392.61,3371.76,3384.3,4955.3063
2025-01-18 03:55:00,3384.31,3390.31,3378.01,3384.07,2053.0852
2025-01-18 04:00:00,3384.08,3394.46,3381.13,3391.72,1763.2872
2025-01-18 04:05:00,3391.72,3395.49,3387.09,3387.42,2287.3784
2025-01-18 04:10:00,3387.25,3387.78,3380.0,3380.41,1514.9077
2025-01-18 04:15:00,3380.41,3380.48,3352.99,3359.27,4877.3813
2025-01-18 04:20:00,3359.27,3373.34,3354.26,3364.04,2787.9697
2025-01-18 04:25:00,3364.03,3365.03,3350.9,3363.01,3706.2835
2025-01-18 04:30:00,3363.02,3377.4,3358.5,3373.1,3621.1453
2025-01-18 04:35:00,3373.1,3378.29,3369.9,3375.99,1238.1148
2025-01-18 04:40:00,3375.98,3377.84,3372.31,3372.57,1222.892
2025-01-18 04:45:00,3372.57,3373.06,3356.34,3358.99,2405.5968
2025-01-18 04:50:00,3359.0,3365.42,3352.68,3362.52,2470.5419
2025-01-18 04:55:00,3362.52,3370.67,3361.34,3365.69,2259.4406
2025-01-18 05:00:00,3365.69,3371.07,3358.0,3367.01,2938.4917
2025-01-18 05:05:00,3367.01,3369.32,3356.31,3356.32,1864.3767
2025-01-18 05:10:00,3356.32,3356.32,3331.0,3338.42,7595.7523
2025-01-18 05:15:00,3338.43,3352.64,3328.8,3347.98,3085.9818
2025-01-18 05:20:00,3347.98,3353.5,3347.98,3350.59,2565.7548
2025-01-18 05:25:00,3350.58,3350.59,3330.91,3335.21,2451.6142
2025-01-18 05:30:00,3335.22,3335.37,3318.66,3331.32,4033.1424
2025-01-18 05:35:00,3331.33,3331.33,3314.0,3317.44,4213.8692
2025-01-18 05:40:00,3317.45,3326.16,3309.0,3320.01,3925.1954
2025-01-18 05:45:00,3320.01,3326.99,3315.16,3318.74,1980.4289
2025-01-18 05:50:00,3318.74,3319.23,3302.94,3303.64,4201.7473
2025-01-18 05:55:00,3303.64,3303.65,3290.01,3294.0,9744.1601
2025-01-18 06:00:00,3294.0,3318.4,3292.54,3311.51,4291.9692
2025-01-18 06:05:00,3311.51,3318.57,3311.0,3318.57,2172.6551
2025-01-18 06:10:00,3318.58,3320.46,3311.33,3315.69,3309.7302
2025-01-18 06:15:00,3315.68,3328.9,3314.5,3328.38,2936.4623
2025-01-18 06:20:00,3328.38,3329.46,3309.95,3315.0,2586.7642
2025-01-18 06:25:00,3315.0,3322.84,3313.56,3322.48,1823.4091
2025-01-18 06:30:00,3322.48,3327.89,3319.24,3323.91,1891.8099
2025-01-18 06:35:00,3323.91,3340.39,3321.31,3332.31,5593.3103
2025-01-18 06:40:00,3332.31,3332.31,3319.09,3319.56,3098.0751
2025-01-18 06:45:00,3319.56,3324.17,3318.69,3324.17,1407.9787
2025-01-18 06:50:00,3324.17,3324.17,3316.33,3317.54,2117.2635
2025-01-18 06:55:00,3317.55,3317.79,3311.72,3313.52,1283.3593
2025-01-18 07:00:00,3313.52,3315.32,3302.61,3303.7,2310.1069
2025-01-18 07:05:00,3303.7,3309.58,3297.98,3297.99,2575.6461
2025-01-18 07:10:00,3297.99,3300.0,3283.77,3286.42,3791.3302
2025-01-18 07:15:00,3286.42,3298.66,3285.88,3292.19,1872.3042
2025-01-18 07:20:00,3292.18,3302.8,3291.56,3301.01,1564.1829
2025-01-18 07:25:00,3301.01,3304.3,3290.44,3292.48,2490.711
2025-01-18 07:30:00,3292.49,3295.95,3286.0,3295.94,2435.9823
2025-01-18 07:35:00,3295.94,3305.14,3294.5,3300.85,1810.5156
2025-01-18 07:40:00,3300.8,3304.28,3297.4,3297.59,866.1419
2025-01-18 07:45:00,3297.59,3298.51,3284.06,3284.97,2321.8672
2025-01-18 07:50:00,3284.97,3291.81,3281.09,3291.72,2023.3936
2025-01-18 07:55:00,3291.71,3294.56,3287.45,3287.63,769.889
2025-01-18 08:00:00,3287.64,3287.8,3270.92,3272.02,3891.5304
2025-01-18 08:05:00,3272.02,3277.05,3251.65,3258.31,6360.9762
2025-01-18 08:10:00,3258.3,3283.52,3254.16,3278.74,2838.8502
2025-01-18 08:15:00,3278.74,3283.05,3265.04,3267.0,2068.8059
2025-01-18 08:20:00,3267.0,3267.0,3253.42,3264.28,3758.1865
2025-01-18 08:25:00,3264.28,3278.34,3263.14,3278.34,2004.3948
2025-01-18 08:30:00,3278.33,3284.37,3272.48,3279.59,2688.5507
2025-01-18 08:35:00,3279.6,3287.26,3275.09,3282.61,1875.3587
2025-01-18 08:40:00,3282.53,3285.53,3280.0,3283.78,2143.4769
2025-01-18 08:45:00,3283.78,3290.41,3281.4,3288.11,1871.385
2025-01-18 08:50:00,3288.11,3294.0,3284.0,3292.2,1836.2248
2025-01-18 08:55:00,3292.19,3295.77,3289.5,3293.21,1780.7621
2025-01-18 09:00:00,3293.21,3301.2,3289.72,3296.07,2340.5802
2025-01-18 09:05:00,3296.02,3297.6,3287.0,3289.48,3737.7429
2025-01-18 09:10:00,3289.47,3289.76,3281.17,3283.16,1764.6966
2025-01-18 09:15:00,3283.17,3289.22,3279.1,3288.9,1917.0503
2025-01-18 09:20:00,3288.91,3290.22,3273.5,3275.77,1628.7448
2025-01-18 09:25:00,3275.77,3286.61,3275.36,3281.63,1124.1297
2025-01-18 09:30:00,3281.64,3282.0,3268.01,3269.65,2226.2582
2025-01-18 09:35:00,3269.62,3271.84,3256.32,3258.51,3376.9369
2025-01-18 09:40:00,3258.51,3267.0,3252.8,3262.69,3274.9099
2025-01-18 09:45:00,3262.68,3268.46,3257.5,3267.47,1887.6431
2025-01-18 09:50:00,3267.47,3273.44,3266.39,3271.01,1545.5713
2025-01-18 09:55:00,3271.01,3271.81,3267.6,3270.97,1689.0302
2025-01-18 10:00:00,3270.97,3276.95,3266.13,3276.37,1213.2529
2025-01-18 10:05:00,3276.37,3276.63,3264.0,3264.01,4611.0194
2025-01-18 10:10:00,3264.0,3264.3,3235.34,3248.02,9072.3139
2025-01-18 10:15:00,3248.03,3259.87,3246.91,3250.0,3541.9109
2025-01-18 10:20:00,3250.0,3253.68,3240.42,3252.33,3671.017
2025-01-18 10:25:00,3252.33,3261.99,3252.2,3256.5,1423.6032
2025-01-18 10:30:00,3256.51,3258.1,3245.0,3254.83,7761.1309
2025-01-18 10:35:00,3254.83,3254.89,3233.43,3234.7,7243.7064
2025-01-18 10:40:00,3234.7,3243.4,3227.0,3241.0,5765.9083
2025-01-18 10:45:00,3241.01,3253.6,3231.8,3252.44,3269.7936
2025-01-18 10:50:00,3252.44,3276.54,3252.21,3276.5,3610.785
2025-01-18 10:55:00,3276.52,3278.42,3266.02,3267.1,4455.8485
2025-01-18 11:00:00,3267.09,3267.1,3257.33,3261.2,2298.7791
2025-01-18 11:05:00,3261.2,3261.2,3249.1,3259.03,2092.0799
2025-01-18 11:10:00,3259.02,3262.37,3253.14,3258.9,2285.2491
2025-01-18 11:15:00,3258.9,3263.0,3253.54,3262.52,1597.4032
2025-01-18 11:20:00,3262.53,3269.11,3260.53,3269.11,960.5189
2025-01-18 11:25:00,3269.11,3275.09,3268.93,3273.0,1520.577
2025-01-18 11:30:00,3273.0,3273.0,3266.4,3272.9,1799.8733
2025-01-18 11:35:00,3272.97,3288.0,3270.2,3287.61,2113.9909
2025-01-18 11:40:00,3287.59,3320.0,3286.32,3317.4,11448.0945
2025-01-18 11:45:00,3317.39,3324.1,3311.17,3314.66,3479.5718
2025-01-18 11:50:00,3314.67,3315.0,3306.7,3310.45,3451.5127
2025-01-18 11:55:00,3310.46,3323.77,3310.46,3311.62,5182.8988
2025-01-18 12:00:00,3311.63,3320.98,3308.28,3320.98,1571.7591
2025-01-18 12:05:00,3320.99,3321.45,3311.75,3317.97,1238.9436
2025-01-18 12:10:00,3317.92,3322.44,3311.85,3311.89,1414.7702
2025-01-18 12:15:00,3311.89,3314.3,3307.0,3310.6,2156.4798
2025-01-18 12:20:00,3310.59,3315.81,3307.02,3313.54,2183.9864
2025-01-18 12:25:00,3313.55,3313.55,3287.91,3290.37,7637.5372
2025-01-18 12:30:00,3290.37,3295.0,3278.0,3281.03,4355.2599
2025-01-18 12:35:00,3281.04,3281.9,3274.17,3280.3,3538.6933
2025-01-18 12:40:00,3280.3,3291.0,3280.3,3287.67,1198.532
2025-01-18 12:45:00,3287.67,3294.84,3282.21,3292.36,2331.5885
2025-01-18 12:50:00,3292.36,3295.45,3289.43,3291.51,1582.1637
2025-01-18 12:55:00,3291.51,3294.23,3289.22,3289.9,1092.9735
2025-01-18 13:00:00,3289.9,3297.17,3289.89,3290.01,885.8506
2025-01-18 13:05:00,3290.0,3290.01,3280.04,3280.41,1624.159
2025-01-18 13:10:00,3280.42,3299.53,3280.42,3299.33,1968.2691
2025-01-18 13:15:00,3299.33,3299.99,3290.91,3294.59,1718.1469
2025-01-18 13:20:00,3294.59,3300.16,3294.59,3297.61,1001.9375
2025-01-18 13:25:00,3297.61,3305.47,3296.53,3303.2,1856.0018
2025-01-18 13:30:00,3303.2,3315.34,3302.5,3308.81,2600.9867
2025-01-18 13:35:00,3308.82,3315.65,3308.45,3312.06,3237.7111
2025-01-18 13:40:00,3312.05,3317.91,3311.26,3316.54,1693.889
2025-01-18 13:45:00,3316.53,3318.91,3312.51,3313.15,1830.1632
2025-01-18 13:50:00,3313.15,3313.81,3306.66,3309.05,1916.9873
2025-01-18 13:55:00,3309.03,3323.53,3308.53,3323.38,2693.8093
2025-01-18 14:00:00,3323.38,3326.99,3315.31,3317.7,2384.7222
2025-01-18 14:05:00,3317.7,3321.54,3311.54,3314.35,2082.1174
2025-01-18 14:10:00,3314.35,3317.29,3308.14,3310.55,1685.62
2025-01-18 14:15:00,3310.54,3315.07,3307.86,3314.68,1010.9254
2025-01-18 14:20:00,3314.69,3321.0,3312.31,3320.21,1122.0815
2025-01-18 14:25:00,3320.2,3320.21,3311.88,3312.01,1233.1917
2025-01-18 14:30:00,3312.01,3313.03,3302.74,3303.69,1085.8184
2025-01-18 14:35:00,3303.69,3303.69,3289.36,3292.07,4408.1247
2025-01-18 14:40:00,3292.06,3299.0,3290.24,3293.2,1576.2097
2025-01-18 14:45:00,3293.2,3306.66,3292.0,3304.97,1247.7173
2025-01-18 14:50:00,3304.97,3305.13,3296.77,3303.02,1278.1433
2025-01-18 14:55:00,3303.14,3303.89,3294.07,3297.5,949.9739
2025-01-18 15:00:00,3297.5,3298.88,3285.16,3290.79,1894.0851
2025-01-18 15:05:00,3290.79,3296.89,3287.5,3294.25,1035.853
2025-01-18 15:10:00,3294.24,3304.33,3291.6,3303.1,1361.1995
2025-01-18 15:15:00,3303.09,3327.99,3302.45,3326.42,4285.3999
2025-01-18 15:20:00,3326.41,3347.34,3316.63,3323.98,11429.7247
2025-01-18 15:25:00,3323.97,3337.29,3323.97,3326.24,3361.5653
2025-01-18 15:30:00,3326.23,3338.0,3321.97,3337.49,2628.6897
2025-01-18 15:35:00,3337.5,3343.25,3333.57,3333.57,5215.3665
2025-01-18 15:40:00,3333.56,3333.84,3325.99,3332.2,2509.4141
2025-01-18 15:45:00,3332.19,3339.99,3325.0,3326.21,3606.2657
2025-01-18 15:50:00,3326.21,3326.88,3315.01,3321.26,5922.0807
2025-01-18 15:55:00,3321.27,3321.78,3305.01,3307.07,4481.3708
2025-01-18 16:00:00,3307.07,3315.0,3297.8,3313.69,4335.1512
2025-01-18 16:05:00,3313.69,3316.62,3294.11,3296.86,6725.9397
2025-01-18 16:10:00,3296.86,3298.88,3288.06,3290.67,4913.8802
2025-01-18 16:15:00,3290.67,3291.46,3263.08,3273.28,8433.0966
2025-01-18 16:20:00,3273.27,3302.24,3271.17,3299.51,4208.5112
2025-01-18 16:25:00,3299.52,3302.0,3291.9,3292.12,2821.5488
2025-01-18 16:30:00,3292.1,3301.75,3290.93,3296.16,2143.9871
2025-01-18 16:35:00,3296.16,3298.28,3272.8,3273.2,3582.0769
2025-01-18 16:40:00,3273.2,3279.7,3267.98,3276.49,4782.4431
2025-01-18 16:45:00,3276.49,3285.23,3273.16,3274.99,3243.1191
2025-01-18 16:50:00,3274.98,3278.19,3266.0,3267.73,4023.1293
2025-01-18 16:55:00,3267.73,3275.2,3253.89,3253.89,4196.1235
2025-01-18 17:00:00,3253.9,3272.19,3253.46,3271.5,3160.4318
2025-01-18 17:05:00,3271.5,3276.67,3256.88,3259.92,2431.9187
2025-01-18 17:10:00,3259.93,3278.05,3259.72,3278.05,1415.9169
2025-01-18 17:15:00,3278.04,3285.93,3275.0,3280.61,2309.838
2025-01-18 17:20:00,3280.61,3280.61,3268.64,3268.93,1495.8412
2025-01-18 17:25:00,3269.0,3278.8,3265.13,3271.62,940.1531
2025-01-18 17:30:00,3271.63,3281.61,3267.01,3279.26,988.0445
2025-01-18 17:35:00,3279.25,3285.42,3276.6,3281.0,1355.4432
2025-01-18 17:40:00,3281.0,3281.0,3270.01,3272.96,1102.8426
2025-01-18 17:45:00,3272.97,3282.02,3271.78,3280.0,1068.8491
2025-01-18 17:50:00,3280.01,3281.01,3272.28,3273.3,986.1361
2025-01-18 17:55:00,3273.23,3276.81,3257.7,3258.2,1099.6053
2025-01-18 18:00:00,3258.2,3272.73,3257.63,3271.5,1388.8962
2025-01-18 18:05:00,3271.5,3274.66,3255.6,3262.81,1422.909
2025-01-18 18:10:00,3262.83,3269.6,3262.75,3269.11,984.7744
2025-01-18 18:15:00,3269.11,3271.16,3250.0,3254.46,2572.6343
2025-01-18 18:20:00,3254.46,3270.0,3252.76,3268.1,1290.6538
2025-01-18 18:25:00,3268.1,3278.89,3268.0,3274.51,1236.1713
2025-01-18 18:30:00,3274.52,3281.44,3273.8,3274.61,1571.8282
2025-01-18 18:35:00,3274.6,3281.67,3272.6,3278.23,1100.7399
2025-01-18 18:40:00,3278.22,3284.27,3277.33,3281.51,1091.7813
2025-01-18 18:45:00,3281.5,3282.02,3274.23,3279.4,959.0048
2025-01-18 18:50:00,3279.4,3280.01,3258.01,3259.1,1288.1312
2025-01-18 18:55:00,3259.1,3266.97,3256.8,3264.78,1240.2163
2025-01-18 19:00:00,3264.77,3269.82,3261.5,3264.0,1327.9322
2025-01-18 19:05:00,3264.01,3275.82,3264.01,3273.22,597.6538
2025-01-18 19:10:00,3273.22,3274.52,3268.8,3272.4,740.1472
2025-01-18 19:15:00,3272.38,3280.94,3272.38,3280.51,1828.198
2025-01-18 19:20:00,3280.51,3287.28,3277.81,3280.0,1919.0559
2025-01-18 19:25:00,3280.0,3288.23,3278.59,3285.03,684.1504
2025-01-18 19:30:00,3285.02,3292.16,3285.02,3287.53,1020.5847
2025-01-18 19:35:00,3287.52,3288.73,3282.9,3287.82,879.8135
2025-01-18 19:40:00,3287.82,3290.81,3282.7,3290.49,2002.3958
2025-01-18 19:45:00,3290.49,3292.5,3289.01,3289.67,655.0001
2025-01-18 19:50:00,3289.68,3293.23,3287.03,3291.49,1119.6942
2025-01-18 19:55:00,3291.49,3293.0,3286.03,3290.2,1519.7535
2025-01-18 20:00:00,3290.21,3291.96,3286.42,3288.05,1038.0796
2025-01-18 20:05:00,3288.04,3288.7,3281.03,3284.62,949.8482
2025-01-18 20:10:00,3284.62,3286.86,3278.65,3281.9,911.1698
2025-01-18 20:15:00,3281.9,3282.92,3274.01,3276.12,1326.5697
2025-01-18 20:20:00,3276.12,3276.12,3268.98,3273.03,1426.7424
2025-01-18 20:25:00,3273.03,3273.92,3258.99,3265.21,2169.8384
2025-01-18 20:30:00,3265.21,3272.28,3264.91,3270.35,575.7078
2025-01-18 20:35:00,3270.36,3272.99,3265.0,3270.13,795.6463
2025-01-18 20:40:00,3270.13,3274.5,3268.7,3271.12,753.0284
2025-01-18 20:45:00,3271.12,3271.24,3259.97,3265.0,927.5106
2025-01-18 20:50:00,3265.0,3268.97,3258.37,3259.23,972.6862
2025-01-18 20:55:00,3259.22,3267.03,3259.22,3266.02,737.7339
2025-01-18 21:00:00,3266.02,3269.94,3263.59,3269.71,782.9021
2025-01-18 21:05:00,3269.72,3275.99,3269.08,3274.22,743.656
2025-01-18 21:10:00,3274.27,3280.4,3274.01,3278.8,615.4137
2025-01-18 21:15:00,3278.8,3284.67,3278.8,3282.32,1366.3273
2025-01-18 21:20:00,3282.32,3284.67,3277.67,3282.88,1213.1881
2025-01-18 21:25:00,3282.88,3285.93,3279.58,3283.02,864.1295
2025-01-18 21:30:00,3283.02,3283.02,3275.36,3279.0,555.9477
2025-01-18 21:35:00,3279.0,3281.62,3278.28,3279.75,875.604
2025-01-18 21:40:00,3279.75,3281.35,3278.0,3278.46,447.2144
2025-01-18 21:45:00,3278.45,3282.07,3276.5,3280.7,555.7148
2025-01-18 21:50:00,3280.68,3281.02,3277.81,3278.26,283.6156
2025-01-18 21:55:00,3278.26,3278.26,3271.97,3274.72,558.8329
2025-01-18 22:00:00,3274.72,3278.48,3271.62,3276.67,1299.2361
2025-01-18 22:05:00,3276.67,3282.29,3276.67,3282.05,939.6351
2025-01-18 22:10:00,3282.05,3283.28,3280.0,3281.83,699.4236
2025-01-18 22:15:00,3281.83,3287.17,3281.83,3284.02,964.0233
2025-01-18 22:20:00,3284.03,3285.29,3280.47,3282.49,703.5155
2025-01-18 22:25:00,3282.48,3287.2,3281.02,3287.2,415.5349
2025-01-18 22:30:00,3287.2,3288.39,3284.42,3286.37,545.5285
2025-01-18 22:35:00,3286.37,3287.85,3283.32,3286.6,657.5828
2025-01-18 22:40:00,3286.6,3287.04,3282.01,3284.19,984.2291
2025-01-18 22:45:00,3284.2,3285.46,3282.72,3283.41,542.8893
2025-01-18 22:50:00,3283.42,3285.5,3282.16,3285.49,506.9089
2025-01-18 22:55:00,3285.5,3286.04,3280.46,3280.46,955.5647
2025-01-18 23:00:00,3280.47,3288.28,3280.46,3283.89,1063.503
2025-01-18 23:05:00,3283.89,3289.31,3282.57,3286.35,624.2217
2025-01-18 23:10:00,3286.35,3286.35,3279.45,3282.02,1383.3414
2025-01-18 23:15:00,3282.02,3292.87,3279.45,3289.18,1783.9976
2025-01-18 23:20:00,3289.17,3299.0,3288.34,3293.6,1973.9977
2025-01-18 23:25:00,3293.61,3302.7,3293.6,3299.99,1603.4609
2025-01-18 23:30:00,3300.0,3315.17,3298.66,3312.17,2411.017
2025-01-18 23:35:00,3312.16,3316.5,3306.21,3316.5,1387.7615
2025-01-18 23:40:00,3316.5,3321.11,3310.54,3314.98,2712.3223
2025-01-18 23:45:00,3314.99,3316.37,3311.75,3313.72,1074.6051
2025-01-18 23:50:00,3313.71,3313.75,3309.54,3312.51,1315.2902
2025-01-18 23:55:00,3312.52,3312.52,3307.65,3307.71,964.3479
2025-01-19 00:00:00,3307.71,3307.71,3299.61,3300.0,1892.869
2025-01-19 00:05:00,3299.99,3306.78,3299.8,3303.12,1225.9249
2025-01-19 00:10:00,3303.12,3304.11,3298.71,3300.12,985.2123
2025-01-19 00:15:00,3300.11,3314.62,3299.09,3314.0,1617.3737
2025-01-19 00:20:00,3314.01,3318.99,3310.85,3312.36,1659.8513
2025-01-19 00:25:00,3312.36,3315.99,3310.15,3315.99,1495.5088
2025-01-19 00:30:00,3315.99,3322.85,3314.56,3316.19,1226.0607
2025-01-19 00:35:00,3316.19,3316.19,3309.41,3314.12,1348.0172
2025-01-19 00:40:00,3314.12,3317.62,3313.45,3316.74,1150.3558
2025-01-19 00:45:00,3316.74,3322.6,3315.35,3316.24,979.8899
2025-01-19 00:50:00,3316.23,3321.41,3315.0,3316.41,1030.5038
2025-01-19 00:55:00,3316.41,3319.94,3312.0,3316.3,877.4501
2025-01-19 01:00:00,3316.3,3325.0,3314.07,3324.35,1820.0124
2025-01-19 01:05:00,3324.35,3346.59,3324.35,3345.97,5381.9528
2025-01-19 01:10:00,3345.97,3365.93,3342.54,3359.34,8554.5565
2025-01-19 01:15:00,3359.33,3362.58,3347.62,3355.81,3731.4384
2025-01-19 01:20:00,3355.81,3361.92,3349.19,3350.56,2600.5058
2025-01-19 01:25:00,3350.56,3350.83,3342.24,3347.39,2264.3666
2025-01-19 01:30:00,3347.39,3350.37,3338.89,3342.31,1615.2442
2025-01-19 01:35:00,3342.32,3344.97,3337.4,3343.8,1482.7319
2025-01-19 01:40:00,3343.79,3351.58,3343.01,3349.45,882.586
2025-01-19 01:45:00,3349.45,3360.0,3349.44,3352.98,1308.4688
2025-01-19 01:50:00,3352.98,3357.08,3351.41,3353.61,717.027
2025-01-19 01:55:00,3353.61,3356.24,3350.61,3353.3,877.3002
2025-01-19 02:00:00,3353.3,3359.87,3350.01,3357.59,1296.2317
2025-01-19 02:05:00,3357.59,3357.99,3352.77,3352.86,876.9263
2025-01-19 02:10:00,3352.86,3354.78,3348.69,3349.44,867.0836
2025-01-19 02:15:00,3349.43,3354.96,3347.94,3354.29,935.2669
2025-01-19 02:20:00,3354.29,3356.25,3351.0,3355.31,2616.9711
2025-01-19 02:25:00,3355.33,3362.8,3355.33,3356.99,2445.5913
2025-01-19 02:30:00,3357.0,3361.53,3351.78,3352.38,1334.3257
2025-01-19 02:35:00,3352.38,3369.88,3351.52,3367.05,1996.8988
2025-01-19 02:40:00,3367.04,3378.11,3367.04,3374.01,2540.3026
2025-01-19 02:45:00,3374.01,3374.01,3356.71,3356.99,2435.4161
2025-01-19 02:50:00,3356.99,3365.38,3354.61,3364.0,1641.3841
2025-01-19 02:55:00,3364.0,3366.34,3351.56,3353.41,1930.6198
2025-01-19 03:00:00,3353.4,3358.75,3347.85,3358.16,1704.0478
2025-01-19 03:05:00,3358.17,3365.82,3354.94,3355.01,1503.2008
2025-01-19 03:10:00,3355.01,3355.09,3345.0,3347.63,1182.0469
2025-01-19 03:15:00,3347.64,3354.5,3343.62,3352.74,1596.1369
2025-01-19 03:20:00,3352.74,3360.37,3342.03,3342.36,1296.7258
2025-01-19 03:25:00,3342.37,3343.31,3333.0,3339.81,2320.5153
2025-01-19 03:30:00,3339.82,3345.79,3338.68,3341.77,1205.6865
2025-01-19 03:35:00,3341.78,3342.32,3334.34,3336.02,1320.4933
2025-01-19 03:40:00,3336.02,3339.5,3333.28,3335.76,1326.8135
2025-01-19 03:45:00,3335.73,3349.0,3335.65,3347.94,1583.6491
2025-01-19 03:50:00,3347.94,3350.36,3344.68,3347.27,983.3637
2025-01-19 03:55:00,3347.27,3348.86,3335.0,3335.47,1725.2491
2025-01-19 04:00:00,3335.47,3336.43,3328.22,3330.62,1765.7571
2025-01-19 04:05:00,3330.63,3337.95,3328.79,3329.03,1952.1595
2025-01-19 04:10:00,3329.04,3330.48,3323.24,3326.28,2909.3002
2025-01-19 04:15:00,3326.29,3328.63,3276.99,3294.4,11818.9027
2025-01-19 04:20:00,3294.4,3303.29,3290.14,3300.3,4945.8836
2025-01-19 04:25:00,3300.33,3307.01,3297.61,3302.56,3031.5004
2025-01-19 04:30:00,3302.56,3302.57,3281.41,3289.99,4582.1975
2025-01-19 04:35:00,3290.0,3301.71,3289.63,3301.11,3409.6865
2025-01-19 04:40:00,3301.11,3302.69,3294.74,3300.72,1472.1649
2025-01-19 04:45:00,3300.71,3306.18,3296.1,3300.11,1652.8476
2025-01-19 04:50:00,3300.11,3303.97,3288.14,3292.71,5029.1516
2025-01-19 04:55:00,3292.7,3292.7,3281.1,3283.51,3799.9078
2025-01-19 05:00:00,3283.51,3288.99,3273.53,3275.09,2682.9639
2025-01-19 05:05:00,3275.08,3279.22,3268.76,3272.79,3288.6001
2025-01-19 05:10:00,3272.8,3276.58,3262.72,3262.96,3112.9828
2025-01-19 05:15:00,3263.0,3267.5,3259.9,3264.62,3158.9514
2025-01-19 05:20:00,3264.61,3280.0,3263.84,3278.95,1355.2549
2025-01-19 05:25:00,3278.97,3281.81,3275.71,3278.48,891.8429
2025-01-19 05:30:00,3278.48,3279.96,3270.0,3272.53,2213.2048
2025-01-19 05:35:00,3272.54,3282.78,3271.26,3279.49,1076.353
2025-01-19 05:40:00,3279.5,3282.93,3276.86,3282.93,1271.2456
2025-01-19 05:45:00,3282.93,3287.5,3279.24,3287.5,993.7401
2025-01-19 05:50:00,3287.49,3298.85,3286.2,3297.09,2531.6396
2025-01-19 05:55:00,3297.09,3301.13,3294.39,3299.91,1678.0983
2025-01-19 06:00:00,3299.92,3301.0,3291.04,3292.24,1916.6645
2025-01-19 06:05:00,3292.24,3299.6,3292.0,3298.91,1197.5939
2025-01-19 06:10:00,3298.9,3300.5,3295.2,3297.99,1429.5138
2025-01-19 06:15:00,3298.0,3298.8,3290.4,3290.4,943.2771
2025-01-19 06:20:00,3290.41,3294.64,3289.18,3293.87,898.1142
2025-01-19 06:25:00,3293.87,3298.66,3292.0,3297.39,1748.645
2025-01-19 06:30:00,3297.4,3297.4,3290.25,3290.25,869.207
2025-01-19 06:35:00,3290.26,3294.2,3287.09,3291.2,856.4646
2025-01-19 06:40:00,3291.2,3292.01,3286.4,3292.01,729.6897
2025-01-19 06:45:00,3292.0,3293.98,3287.03,3287.32,2082.4521
2025-01-19 06:50:00,3287.32,3289.48,3286.33,3287.59,3240.5277
2025-01-19 06:55:00,3287.59,3291.22,3282.49,3283.44,4515.0248
2025-01-19 07:00:00,3283.44,3293.29,3277.44,3291.49,3009.7372
2025-01-19 07:05:00,3291.48,3291.99,3282.33,3282.62,1340.1061
2025-01-19 07:10:00,3282.61,3282.62,3272.13,3273.73,2390.4873
2025-01-19 07:15:00,3273.73,3275.19,3268.88,3272.03,2079.0537
2025-01-19 07:20:00,3272.04,3272.87,3264.0,3265.07,5277.7969
2025-01-19 07:25:00,3265.08,3271.66,3263.0,3271.66,2657.4471
2025-01-19 07:30:00,3271.65,3280.5,3271.3,3278.48,2251.6779
2025-01-19 07:35:00,3278.49,3279.08,3270.0,3278.48,1416.6595
2025-01-19 07:40:00,3278.49,3281.0,3276.18,3276.97,1425.6998
2025-01-19 07:45:00,3276.98,3286.12,3276.72,3285.53,1159.9939
2025-01-19 07:50:00,3285.53,3288.97,3282.81,3283.87,946.8007
2025-01-19 07:55:00,3283.87,3283.88,3275.26,3276.06,1174.1758
2025-01-19 08:00:00,3276.06,3276.06,3266.15,3271.19,1555.3165
2025-01-19 08:05:00,3271.19,3277.53,3270.4,3271.09,1115.216
2025-01-19 08:10:00,3271.08,3272.4,3263.02,3264.05,3686.9841
2025-01-19 08:15:00,3264.05,3265.03,3242.14,3244.99,8558.8336
2025-01-19 08:20:00,3245.0,3253.0,3241.0,3250.5,3089.6509
2025-01-19 08:25:00,3250.5,3250.76,3237.59,3238.5,3621.3418
2025-01-19 08:30:00,3238.49,3250.49,3234.2,3248.18,3710.67
2025-01-19 08:35:00,3248.16,3248.5,3235.57,3235.59,2879.6367
2025-01-19 08:40:00,3235.6,3240.0,3229.19,3230.16,4427.5056
2025-01-19 08:45:00,3230.16,3232.22,3215.81,3219.93,8072.2983
2025-01-19 08:50:00,3219.94,3239.0,3218.06,3235.41,3612.0413
2025-01-19 08:55:00,3235.42,3235.42,3220.41,3221.9,3600.0503
2025-01-19 09:00:00,3221.9,3222.38,3201.2,3210.95,7070.3577
2025-01-19 09:05:00,3210.96,3216.6,3168.3,3190.59,17989.7485
2025-01-19 09:10:00,3190.59,3195.5,3158.05,3173.43,11417.9938
2025-01-19 09:15:00,3173.44,3180.94,3143.02,3168.89,20840.6806
2025-01-19 09:20:00,3168.9,3169.62,3148.96,3154.36,14195.8697
2025-01-19 09:25:00,3154.36,3178.99,3152.5,3173.94,6926.7144
2025-01-19 09:30:00,3173.95,3183.56,3167.35,3183.4,5868.4701
2025-01-19 09:35:00,3183.41,3194.94,3178.78,3189.5,4441.3708
2025-01-19 09:40:00,3189.5,3198.89,3187.54,3198.4,2784.7367
2025-01-19 09:45:00,3198.39,3219.16,3191.36,3217.76,4896.6326
2025-01-19 09:50:00,3217.76,3233.77,3213.0,3231.17,5586.3319
2025-01-19 09:55:00,3231.17,3231.18,3223.01,3226.0,3125.6049
2025-01-19 10:00:00,3226.01,3226.89,3204.54,3204.98,4512.5162
2025-01-19 10:05:00,3204.98,3209.76,3192.54,3193.86,3255.9076
2025-01-19 10:10:00,3193.85,3201.99,3191.83,3198.82,3141.111
2025-01-19 10:15:00,3198.82,3204.6,3191.9,3194.94,4169.2743
2025-01-19 10:20:00,3194.94,3203.12,3184.5,3184.51,3044.96
2025-01-19 10:25:00,3184.5,3186.2,3176.62,3181.27,4381.8921
2025-01-19 10:30:00,3181.26,3192.8,3180.0,3189.86,2696.2202
2025-01-19 10:35:00,3189.87,3196.32,3187.74,3193.12,2626.8465
2025-01-19 10:40:00,3193.12,3198.56,3189.96,3191.99,4916.9361
2025-01-19 10:45:00,3192.0,3203.94,3187.06,3199.98,6451.9318
2025-01-19 10:50:00,3199.99,3201.46,3175.0,3176.5,7048.9849
2025-01-19 10:55:00,3176.5,3182.14,3172.97,3174.7,5206.4261
2025-01-19 11:00:00,3174.7,3183.51,3174.18,3178.19,3133.838
2025-01-19 11:05:00,3178.2,3184.9,3170.43,3183.29,3985.4891
2025-01-19 11:10:00,3183.3,3186.53,3170.06,3173.22,3506.8225
2025-01-19 11:15:00,3173.22,3183.17,3168.0,3182.93,5302.6243
2025-01-19 11:20:00,3182.92,3188.9,3175.29,3176.18,3421.0525
2025-01-19 11:25:00,3176.19,3181.71,3158.69,3160.6,3640.2919
2025-01-19 11:30:00,3160.6,3168.1,3155.05,3158.01,3550.1135
2025-01-19 11:35:00,3158.01,3158.46,3136.62,3137.4,6287.6644
2025-01-19 11:40:00,3137.4,3150.88,3130.48,3150.47,6932.4079
2025-01-19 11:45:00,3150.41,3156.8,3140.11,3143.77,3989.7264
2025-01-19 11:50:00,3143.8,3145.5,3132.05,3139.5,3272.7822
2025-01-19 11:55:00,3139.5,3154.44,3132.0,3149.97,3932.8149
2025-01-19 12:00:00,3149.98,3171.27,3145.0,3167.22,5262.4542
2025-01-19 12:05:00,3167.22,3178.0,3160.76,3169.61,4512.7567
2025-01-19 12:10:00,3169.61,3179.15,3161.04,3176.5,3179.1836
2025-01-19 12:15:00,3176.5,3178.59,3161.41,3170.71,3468.815
2025-01-19 12:20:00,3170.68,3177.78,3168.54,3177.12,2168.6303
2025-01-19 12:25:00,3177.12,3184.16,3173.39,3176.22,3407.9291
2025-01-19 12:30:00,3176.23,3188.32,3173.2,3186.13,2941.2438
2025-01-19 12:35:00,3186.15,3195.5,3186.15,3194.5,2388.9368
2025-01-19 12:40:00,3194.49,3197.18,3185.6,3188.83,1938.8521
2025-01-19 12:45:00,3188.84,3193.0,3184.24,3192.25,2041.9762
2025-01-19 12:50:00,3192.25,3199.21,3189.62,3199.21,2222.1291
2025-01-19 12:55:00,3199.2,3211.55,3195.01,3205.9,5305.7834
2025-01-19 13:00:00,3205.9,3220.0,3202.13,3217.27,5853.7637
2025-01-19 13:05:00,3217.27,3222.72,3213.25,3219.05,3162.6637
2025-01-19 13:10:00,3219.05,3219.62,3200.05,3203.54,3832.296
2025-01-19 13:15:00,3203.54,3209.73,3197.38,3207.63,2262.9222
2025-01-19 13:20:00,3207.62,3214.98,3204.05,3211.72,1950.3335
2025-01-19 13:25:00,3211.71,3218.65,3210.69,3216.32,1660.7235
2025-01-19 13:30:00,3216.33,3221.0,3210.6,3215.56,3013.4623
2025-01-19 13:35:00,3215.56,3217.69,3210.08,3210.96,1656.5343
2025-01-19 13:40:00,3210.96,3212.99,3205.13,3209.94,1383.2352
2025-01-19 13:45:00,3209.94,3211.76,3197.61,3198.31,2435.9434
2025-01-19 13:50:00,3198.3,3207.23,3193.1,3207.12,2499.0919
2025-01-19 13:55:00,3207.12,3279.0,3206.6,3276.99,22965.0075
2025-01-19 14:00:00,3276.99,3325.5,3259.35,3323.53,22737.2783
2025-01-19 14:05:00,3323.53,3324.78,3288.0,3316.75,20002.2703
2025-01-19 14:10:00,3316.65,3366.0,3308.48,3365.81,20966.8988
2025-01-19 14:15:00,3365.81,3389.28,3341.63,3367.6,29821.9871
2025-01-19 14:20:00,3367.6,3383.44,3324.0,3336.03,26721.9526
2025-01-19 14:25:00,3336.03,3363.54,3330.93,3352.01,9502.5066
2025-01-19 14:30:00,3352.0,3353.0,3303.98,3335.83,18348.2505
2025-01-19 14:35:00,3335.83,3364.98,3332.1,3358.87,8542.7996
2025-01-19 14:40:00,3358.87,3369.44,3344.51,3369.38,11454.4204
2025-01-19 14:45:00,3369.38,3377.24,3355.87,3372.39,6899.7159
2025-01-19 14:50:00,3372.26,3385.0,3362.74,3379.01,7949.2328
2025-01-19 14:55:00,3379.02,3397.7,3375.69,3381.16,8310.5614
2025-01-19 15:00:00,3381.15,3424.29,3374.33,3424.28,14174.8697
2025-01-19 15:05:00,3424.29,3426.05,3391.0,3396.8,14207.7819
2025-01-19 15:10:00,3396.8,3408.45,3394.56,3404.91,8131.5528
2025-01-19 15:15:00,3404.91,3415.89,3379.88,3387.56,10827.0501
2025-01-19 15:20:00,3387.57,3389.0,3353.17,3373.23,10728.0579
2025-01-19 15:25:00,3373.24,3380.0,3365.07,3366.53,5307.4754
2025-01-19 15:30:00,3366.53,3385.53,3360.57,3382.43,5240.7456
2025-01-19 15:35:00,3382.38,3390.85,3380.83,3382.32,3742.2873
2025-01-19 15:40:00,3382.33,3392.83,3379.88,3382.51,2575.8927
2025-01-19 15:45:00,3382.52,3383.33,3368.01,3378.59,3699.1967
2025-01-19 15:50:00,3378.58,3385.45,3372.63,3382.74,2915.5213
2025-01-19 15:55:00,3382.74,3390.83,3381.65,3383.68,2520.1108
2025-01-19 16:00:00,3383.68,3395.0,3379.9,3379.91,4026.5881
2025-01-19 16:05:00,3379.9,3406.0,3378.11,3402.21,4896.1187
2025-01-19 16:10:00,3402.22,3405.0,3390.96,3391.4,3018.8362
2025-01-19 16:15:00,3391.41,3412.16,3390.36,3410.94,5743.2305
2025-01-19 16:20:00,3410.93,3417.77,3408.0,3414.67,5662.4091
2025-01-19 16:25:00,3414.67,3422.14,3410.01,3415.63,6207.6546
2025-01-19 16:30:00,3415.63,3424.43,3400.0,3407.67,5191.2852
2025-01-19 16:35:00,3407.68,3419.99,3406.69,3407.39,3625.1148
2025-01-19 16:40:00,3407.39,3411.2,3401.69,3402.5,2938.2691
2025-01-19 16:45:00,3402.5,3413.32,3401.36,3413.31,2184.3981
2025-01-19 16:50:00,3413.32,3419.38,3406.55,3407.55,2830.7643
2025-01-19 16:55:00,3407.56,3415.65,3401.82,3410.74,3270.2171
2025-01-19 17:00:00,3410.74,3424.61,3408.26,3417.04,3490.3931
2025-01-19 17:05:00,3416.97,3417.5,3409.52,3414.97,2500.0598
2025-01-19 17:10:00,3414.97,3420.95,3405.67,3406.4,2892.8181
2025-01-19 17:15:00,3406.41,3411.88,3385.52,3393.54,4336.0823
2025-01-19 17:20:00,3393.53,3405.51,3389.89,3405.28,3781.5471
2025-01-19 17:25:00,3405.28,3435.63,3405.27,3426.34,7626.4756
2025-01-19 17:30:00,3426.33,3429.3,3406.1,3407.64,4259.0597
2025-01-19 17:35:00,3407.64,3417.0,3402.84,3414.53,2083.0863
2025-01-19 17:40:00,3414.53,3425.83,3412.78,3420.0,2236.6764
2025-01-19 17:45:00,3420.0,3425.34,3414.8,3425.0,2936.4649
2025-01-19 17:50:00,3425.01,3444.0,3424.5,3439.0,4082.0904
2025-01-19 17:55:00,3439.0,3447.7,3438.11,3442.39,3719.9139
2025-01-19 18:00:00,3442.38,3448.99,3434.84,3437.01,2735.8032
2025-01-19 18:05:00,3437.0,3437.01,3428.57,3433.76,2307.0757
2025-01-19 18:10:00,3433.77,3440.37,3433.13,3435.15,1305.6041
2025-01-19 18:15:00,3435.14,3436.31,3421.99,3426.62,2887.434
2025-01-19 18:20:00,3426.61,3427.21,3414.99,3417.58,3478.5875
2025-01-19 18:25:00,3417.58,3418.71,3409.82,3410.5,2570.0976
2025-01-19 18:30:00,3410.49,3415.64,3406.62,3407.49,2720.1289
2025-01-19 18:35:00,3407.49,3417.76,3407.48,3415.49,1255.3646
2025-01-19 18:40:00,3415.5,3418.21,3410.5,3411.98,1338.0174
2025-01-19 18:45:00,3411.98,3419.12,3409.65,3418.18,1205.1256
2025-01-19 18:50:00,3418.18,3423.36,3417.44,3419.34,1520.5498
2025-01-19 18:55:00,3419.34,3433.42,3419.34,3432.73,1751.9038
2025-01-19 19:00:00,3432.73,3432.74,3423.71,3425.33,1348.0784
2025-01-19 19:05:00,3425.33,3430.0,3420.31,3421.43,1105.9453
2025-01-19 19:10:00,3421.43,3429.64,3421.08,3422.95,935.6513
2025-01-19 19:15:00,3422.96,3427.73,3419.37,3424.44,1061.8933
2025-01-19 19:20:00,3424.44,3432.76,3422.08,3424.21,1544.7572
2025-01-19 19:25:00,3424.2,3429.47,3423.5,3427.84,1099.0812
2025-01-19 19:30:00,3427.82,3430.41,3422.0,3426.96,962.7075
2025-01-19 19:35:00,3426.99,3427.67,3414.17,3417.79,1729.0116
2025-01-19 19:40:00,3417.79,3417.8,3411.01,3415.03,1326.5888
2025-01-19 19:45:00,3415.03,3419.84,3413.74,3417.95,966.6495
2025-01-19 19:50:00,3417.92,3418.19,3411.05,3414.07,1215.4179
2025-01-19 19:55:00,3414.08,3418.93,3407.05,3418.92,1329.2494
2025-01-19 20:00:00,3418.93,3431.82,3417.17,3425.64,2052.5123
2025-01-19 20:05:00,3425.64,3431.0,3419.14,3428.22,1921.8174
2025-01-19 20:10:00,3428.22,3429.37,3409.16,3412.0,2536.3954
2025-01-19 20:15:00,3412.0,3419.22,3403.22,3414.54,1590.3021
2025-01-19 20:20:00,3414.54,3422.71,3411.19,3422.5,1676.4579
2025-01-19 20:25:00,3422.51,3422.99,3415.18,3418.28,996.6313
2025-01-19 20:30:00,3418.28,3421.48,3412.42,3415.97,1721.2448
2025-01-19 20:35:00,3415.97,3417.44,3406.0,3406.85,1378.5957
2025-01-19 20:40:00,3406.85,3407.56,3402.08,3404.87,1882.6452
2025-01-19 20:45:00,3404.87,3407.85,3391.0,3392.11,2538.2599
2025-01-19 20:50:00,3392.12,3392.12,3361.4,3385.85,7401.9914
2025-01-19 20:55:00,3385.84,3386.46,3373.8,3377.67,2646.6539
2025-01-19 21:00:00,3377.66,3378.96,3338.55,3341.03,6927.7104
2025-01-19 21:05:00,3341.03,3367.9,3340.5,3367.88,4534.0994
2025-01-19 21:10:00,3367.89,3375.97,3363.82,3373.95,2357.1835
2025-01-19 21:15:00,3373.94,3376.94,3365.35,3370.9,1759.2074
2025-01-19 21:20:00,3370.9,3373.5,3352.36,3354.14,4946.815
2025-01-19 21:25:00,3354.14,3354.14,3208.0,3247.48,28091.9021
2025-01-19 21:30:00,3250.31,3292.99,3247.48,3287.95,22176.9029
2025-01-19 21:35:00,3287.95,3297.59,3263.3,3280.09,7974.2022
2025-01-19 21:40:00,3280.09,3288.71,3251.21,3254.08,7748.9723
2025-01-19 21:45:00,3254.09,3272.99,3222.6,3235.83,17930.8148
2025-01-19 21:50:00,3235.84,3261.57,3213.78,3216.92,16016.2862
2025-01-19 21:55:00,3216.91,3246.11,3216.91,3233.0,9757.1642
2025-01-19 22:00:00,3233.0,3249.53,3209.0,3231.81,11281.2787
2025-01-19 22:05:00,3231.62,3261.15,3225.09,3231.46,7721.8849
2025-01-19 22:10:00,3231.45,3259.59,3156.7,3259.31,28742.8704
2025-01-19 22:15:00,3259.32,3312.81,3249.05,3282.95,15043.0023
2025-01-19 22:20:00,3282.65,3284.24,3247.81,3275.04,5901.101
2025-01-19 22:25:00,3275.04,3293.91,3268.93,3293.9,2996.3079
2025-01-19 22:30:00,3293.91,3294.51,3260.94,3261.91,3260.488
2025-01-19 22:35:00,3261.92,3261.92,3228.01,3231.35,7891.4156
2025-01-19 22:40:00,3231.34,3255.35,3230.0,3253.01,4221.8703
2025-01-19 22:45:00,3253.0,3253.0,3171.1,3206.85,9723.1297
2025-01-19 22:50:00,3206.85,3247.41,3186.26,3245.0,6864.0164
2025-01-19 22:55:00,3244.97,3266.66,3230.85,3266.65,5435.366
2025-01-19 23:00:00,3266.66,3266.81,3204.13,3221.99,10589.6595
2025-01-19 23:05:00,3221.99,3243.53,3217.87,3240.7,7821.5722
2025-01-19 23:10:00,3240.7,3243.22,3193.44,3196.49,10298.8355
2025-01-19 23:15:00,3196.49,3226.33,3178.87,3189.55,10565.4957
2025-01-19 23:20:00,3189.56,3228.33,3187.65,3205.1,10442.2837
2025-01-19 23:25:00,3205.1,3208.46,3160.76,3172.97,15284.4186
2025-01-19 23:30:00,3173.0,3225.22,3161.69,3223.88,17897.827
2025-01-19 23:35:00,3223.87,3224.68,3171.5,3172.41,8045.4864
2025-01-19 23:40:00,3172.4,3227.1,3171.1,3218.11,7981.5305
2025-01-19 23:45:00,3218.11,3240.27,3215.22,3233.51,6368.1269
2025-01-19 23:50:00,3233.52,3233.94,3204.16,3206.91,6413.8283
2025-01-19 23:55:00,3206.91,3219.88,3195.47,3215.12,5807.6044
2025-01-20 00:00:00,3215.2,3219.23,3182.66,3204.75,18244.7032
2025-01-20 00:05:00,3204.74,3226.0,3202.6,3207.43,8166.8965
2025-01-20 00:10:00,3207.42,3218.23,3198.06,3213.15,5628.8007
2025-01-20 00:15:00,3213.19,3220.0,3192.01,3192.02,5025.9559
2025-01-20 00:20:00,3192.02,3210.85,3182.85,3206.01,7843.1444
2025-01-20 00:25:00,3206.02,3210.97,3182.05,3186.01,6295.767
2025-01-20 00:30:00,3185.92,3202.49,3170.78,3190.98,9916.2245
2025-01-20 00:35:00,3190.97,3198.99,3155.89,3169.09,11315.1155
2025-01-20 00:40:00,3169.07,3198.88,3157.15,3193.58,14204.0952
2025-01-20 00:45:00,3193.58,3195.55,3142.78,3154.08,18516.6526
2025-01-20 00:50:00,3154.0,3188.1,3151.55,3176.31,9601.8059
2025-01-20 00:55:00,3176.31,3182.31,3163.84,3170.9,6249.3799
2025-01-20 01:00:00,3170.91,3195.39,3166.22,3185.05,7005.9079
2025-01-20 01:05:00,3185.02,3211.13,3176.31,3200.47,7518.427
2025-01-20 01:10:00,3200.46,3209.1,3189.77,3204.9,6270.8701
2025-01-20 01:15:00,3204.91,3213.15,3192.02,3199.39,4986.1332
2025-01-20 01:20:00,3199.39,3199.6,3175.09,3196.43,6322.0518
2025-01-20 01:25:00,3196.48,3203.92,3185.59,3195.53,4273.129
2025-01-20 01:30:00,3195.55,3208.5,3184.67,3207.2,6133.901
2025-01-20 01:35:00,3207.2,3221.04,3204.55,3209.27,3959.4172
2025-01-20 01:40:00,3209.27,3211.07,3180.0,3183.87,5704.6702
2025-01-20 01:45:00,3183.87,3197.59,3181.68,3186.42,3147.7343
2025-01-20 01:50:00,3186.43,3188.88,3173.0,3183.21,4400.4259
2025-01-20 01:55:00,3183.27,3201.63,3181.28,3201.01,3535.6075
2025-01-20 02:00:00,3201.01,3226.67,3196.92,3220.45,6556.6466
2025-01-20 02:05:00,3220.45,3233.12,3215.65,3225.99,4257.7062
2025-01-20 02:10:00,3226.0,3233.8,3224.34,3227.72,3487.8794
2025-01-20 02:15:00,3227.72,3247.71,3224.61,3246.46,4462.2534
2025-01-20 02:20:00,3246.46,3258.2,3240.32,3256.98,3993.5116
2025-01-20 02:25:00,3256.91,3269.82,3246.45,3268.2,5858.6415
2025-01-20 02:30:00,3268.21,3274.8,3262.56,3271.9,4791.5832
2025-01-20 02:35:00,3271.9,3273.61,3251.55,3258.99,4773.0324
2025-01-20 02:40:00,3259.0,3259.33,3234.5,3238.89,5680.5547
2025-01-20 02:45:00,3238.89,3251.2,3233.7,3248.36,4441.3424
2025-01-20 02:50:00,3248.39,3262.1,3243.31,3246.49,4720.5648
2025-01-20 02:55:00,3246.49,3258.75,3240.9,3245.07,4373.4772
2025-01-20 03:00:00,3245.07,3248.06,3228.06,3242.31,3525.6105
2025-01-20 03:05:00,3242.31,3249.84,3237.04,3241.12,2084.9938
2025-01-20 03:10:00,3241.13,3256.42,3238.81,3252.88,1974.5818
2025-01-20 03:15:00,3252.88,3272.0,3248.6,3268.41,4149.5593
2025-01-20 03:20:00,3268.41,3277.7,3252.09,3256.85,4368.3297
2025-01-20 03:25:00,3256.84,3258.82,3243.01,3249.0,2643.3303
2025-01-20 03:30:00,3248.99,3264.64,3243.9,3262.59,3122.1731
2025-01-20 03:35:00,3262.59,3280.75,3261.44,3263.65,3343.6308
2025-01-20 03:40:00,3263.62,3276.29,3262.29,3272.91,1839.5189
2025-01-20 03:45:00,3272.91,3275.82,3261.01,3265.22,1891.1086
2025-01-20 03:50:00,3265.21,3273.4,3261.98,3271.21,2034.9874
2025-01-20 03:55:00,3271.15,3276.6,3265.5,3272.34,1488.173
2025-01-20 04:00:00,3272.3,3272.3,3258.0,3258.0,2007.2635
2025-01-20 04:05:00,3258.01,3260.93,3250.66,3254.7,2397.6076
2025-01-20 04:10:00,3254.69,3270.45,3253.2,3258.44,1686.0862
2025-01-20 04:15:00,3258.4,3268.17,3252.91,3257.93,1129.9869
2025-01-20 04:20:00,3257.93,3268.45,3254.56,3259.26,1134.6574
2025-01-20 04:25:00,3259.29,3260.39,3251.5,3258.9,1207.0543
2025-01-20 04:30:00,3258.89,3264.74,3255.1,3261.76,1368.7033
2025-01-20 04:35:00,3261.65,3271.87,3260.68,3266.05,1754.3883
2025-01-20 04:40:00,3266.05,3279.1,3263.14,3277.3,1988.8616
2025-01-20 04:45:00,3277.29,3300.0,3276.58,3285.07,5570.7751
2025-01-20 04:50:00,3285.06,3285.18,3270.0,3270.6,1934.4252
2025-01-20 04:55:00,3270.6,3275.73,3267.83,3270.73,1372.8004
2025-01-20 05:00:00,3270.73,3283.9,3267.38,3282.49,1484.2594
2025-01-20 05:05:00,3282.5,3311.58,3282.01,3310.05,3347.4069
2025-01-20 05:10:00,3310.05,3320.0,3300.0,3300.9,2908.9335
2025-01-20 05:15:00,3300.9,3311.97,3293.6,3295.85,3433.0301
2025-01-20 05:20:00,3295.72,3300.4,3287.02,3293.6,2461.7136
2025-01-20 05:25:00,3293.5,3293.51,3282.9,3287.0,1949.8393
2025-01-20 05:30:00,3287.0,3290.98,3270.87,3271.36,2970.1415
2025-01-20 05:35:00,3271.4,3278.29,3269.01,3277.56,3483.6771
2025-01-20 05:40:00,3277.56,3286.9,3277.21,3286.61,1186.7071
2025-01-20 05:45:00,3286.61,3291.48,3279.56,3290.49,1865.4782
2025-01-20 05:50:00,3290.49,3298.25,3289.34,3293.05,2008.3396
2025-01-20 05:55:00,3293.05,3293.05,3284.32,3291.33,957.7499
2025-01-20 06:00:00,3291.33,3305.93,3291.29,3301.1,1508.6544
2025-01-20 06:05:00,3301.1,3305.48,3286.2,3291.23,1692.7219
2025-01-20 06:10:00,3291.23,3307.24,3287.69,3302.11,3858.1998
2025-01-20 06:15:00,3302.11,3307.77,3294.52,3300.81,2994.7912
2025-01-20 06:20:00,3300.82,3308.23,3297.03,3299.81,2570.7977
2025-01-20 06:25:00,3299.81,3308.0,3292.94,3303.69,5061.0805
2025-01-20 06:30:00,3303.69,3312.75,3301.8,3306.89,5451.036
2025-01-20 06:35:00,3306.9,3323.86,3304.01,3322.9,3100.4397
2025-01-20 06:40:00,3322.91,3353.5,3322.91,3351.89,5856.7963
2025-01-20 06:45:00,3351.9,3399.28,3351.9,3398.81,12104.678
2025-01-20 06:50:00,3398.82,3434.95,3391.14,3422.21,17847.9075
2025-01-20 06:55:00,3422.21,3453.69,3393.76,3416.01,27552.9037
2025-01-20 07:00:00,3416.02,3441.82,3412.83,3417.85,18381.0539
2025-01-20 07:05:00,3417.83,3438.46,3413.07,3420.65,14020.3539
2025-01-20 07:10:00,3420.66,3438.31,3410.3,3426.65,8587.9724
2025-01-20 07:15:00,3426.65,3431.76,3406.39,3422.23,7692.1383
2025-01-20 07:20:00,3422.23,3424.31,3383.88,3396.93,7974.4713
2025-01-20 07:25:00,3396.94,3404.31,3392.02,3397.39,5399.1005
2025-01-20 07:30:00,3397.33,3399.29,3369.0,3370.93,5335.7633
2025-01-20 07:35:00,3370.97,3375.76,3351.09,3368.68,8434.5979
2025-01-20 07:40:00,3368.68,3379.23,3358.61,3376.03,5422.6001
2025-01-20 07:45:00,3376.03,3390.81,3371.0,3387.98,3691.5082
2025-01-20 07:50:00,3387.98,3392.86,3383.53,3389.83,3225.0855
2025-01-20 07:55:00,3389.85,3393.02,3372.86,3382.59,3092.3127
2025-01-20 08:00:00,3382.58,3393.03,3380.0,3384.7,3027.2909
2025-01-20 08:05:00,3384.71,3395.0,3383.6,3393.78,2003.5824
2025-01-20 08:10:00,3393.78,3405.44,3389.84,3401.39,2551.6439
2025-01-20 08:15:00,3401.39,3406.89,3391.34,3405.45,2169.59
2025-01-20 08:20:00,3405.24,3408.0,3399.43,3406.45,2242.7577
2025-01-20 08:25:00,3406.33,3410.0,3397.92,3398.59,2220.3747
2025-01-20 08:30:00,3398.6,3413.3,3393.6,3404.72,3105.7876
2025-01-20 08:35:00,3404.72,3407.41,3400.03,3405.34,1445.9445
2025-01-20 08:40:00,3405.37,3408.0,3394.67,3397.28,2429.8842
2025-01-20 08:45:00,3397.29,3397.34,3383.42,3386.83,2166.1061
2025-01-20 08:50:00,3386.83,3394.39,3385.33,3389.79,1860.6229
2025-01-20 08:55:00,3389.78,3393.67,3386.72,3392.43,1549.9912
2025-01-20 09:00:00,3392.43,3393.38,3384.52,3390.62,2197.2505
2025-01-20 09:05:00,3390.61,3412.28,3390.0,3407.47,6668.4133
2025-01-20 09:10:00,3407.48,3409.22,3391.72,3398.57,2224.5061
2025-01-20 09:15:00,3398.51,3402.61,3389.84,3392.66,2161.6746
2025-01-20 09:20:00,3392.66,3392.76,3384.45,3384.45,2117.7998
2025-01-20 09:25:00,3384.46,3384.46,3366.66,3378.31,4759.5679
2025-01-20 09:30:00,3378.32,3390.95,3369.15,3372.22,3602.0422
2025-01-20 09:35:00,3372.23,3375.62,3352.5,3353.52,5854.9783
2025-01-20 09:40:00,3353.52,3373.59,3353.0,3371.5,3061.4122
2025-01-20 09:45:00,3371.5,3375.64,3360.33,3362.97,2869.7012
2025-01-20 09:50:00,3362.98,3366.41,3354.6,3366.41,3235.6323
2025-01-20 09:55:00,3366.4,3369.5,3363.24,3364.0,1331.8712
2025-01-20 10:00:00,3364.01,3369.49,3358.64,3366.01,2363.4129
2025-01-20 10:05:00,3366.0,3372.34,3360.97,3372.22,1938.6916
2025-01-20 10:10:00,3372.22,3378.8,3369.08,3369.61,1933.5732
2025-01-20 10:15:00,3369.62,3382.68,3369.61,3382.19,1886.2439
2025-01-20 10:20:00,3382.19,3387.0,3379.62,3386.27,2125.7317
2025-01-20 10:25:00,3386.27,3391.16,3383.69,3388.86,2198.4146
2025-01-20 10:30:00,3388.86,3390.97,3373.77,3373.77,3276.4675
2025-01-20 10:35:00,3373.78,3375.0,3361.25,3370.0,5275.0706
2025-01-20 10:40:00,3370.0,3377.43,3370.0,3373.0,2904.4287
2025-01-20 10:45:00,3373.01,3379.07,3368.6,3371.77,2046.7749
2025-01-20 10:50:00,3371.85,3376.04,3359.47,3359.67,1930.3805
2025-01-20 10:55:00,3359.67,3361.77,3340.33,3353.42,6905.1683
2025-01-20 11:00:00,3353.42,3360.88,3353.0,3355.26,1961.8137
2025-01-20 11:05:00,3355.25,3357.06,3342.57,3349.98,2174.7959
2025-01-20 11:10:00,3349.98,3350.0,3334.32,3342.9,2923.8031
2025-01-20 11:15:00,3342.91,3352.54,3341.06,3350.25,1110.031
2025-01-20 11:20:00,3350.24,3388.63,3346.85,3369.69,8496.9543
2025-01-20 11:25:00,3369.69,3374.03,3357.01,3365.69,2952.6819
2025-01-20 11:30:00,3365.69,3367.85,3358.4,3360.87,3361.1278
2025-01-20 11:35:00,3360.87,3370.26,3359.91,3369.87,1649.2662
2025-01-20 11:40:00,3369.86,3376.89,3369.68,3374.47,1330.7705
2025-01-20 11:45:00,3374.46,3378.96,3368.56,3370.95,1197.0601
2025-01-20 11:50:00,3370.94,3374.42,3369.32,3372.39,1132.9917
2025-01-20 11:55:00,3372.4,3379.0,3371.66,3375.43,1534.7803
2025-01-20 12:00:00,3375.42,3379.34,3365.14,3368.01,1944.8929
2025-01-20 12:05:00,3368.02,3372.0,3352.35,3356.31,3141.1301
2025-01-20 12:10:00,3356.3,3356.31,3320.03,3332.27,7861.751
2025-01-20 12:15:00,3332.27,3338.64,3272.51,3289.16,13563.4243
2025-01-20 12:20:00,3289.16,3301.2,3257.2,3298.52,12950.6643
2025-01-20 12:25:00,3298.58,3319.06,3288.57,3302.27,5399.9083
2025-01-20 12:30:00,3302.27,3319.67,3301.34,3314.33,2590.83
2025-01-20 12:35:00,3314.4,3314.42,3282.23,3286.5,6015.8288
2025-01-20 12:40:00,3286.5,3297.81,3272.32,3288.8,4121.4062
2025-01-20 12:45:00,3288.81,3313.79,3288.5,3303.0,3838.1556
2025-01-20 12:50:00,3303.01,3308.5,3297.09,3306.88,1544.0364
2025-01-20 12:55:00,3306.88,3311.58,3299.1,3304.02,1343.8807
2025-01-20 13:00:00,3304.02,3315.4,3295.17,3310.01,2952.3437
2025-01-20 13:05:00,3310.01,3321.8,3305.5,3309.43,1959.503
2025-01-20 13:10:00,3309.43,3313.2,3300.12,3312.55,2208.1844
2025-01-20 13:15:00,3312.56,3323.47,3307.76,3320.5,3020.3117
2025-01-20 13:20:00,3320.5,3328.97,3316.86,3327.65,2419.2412
2025-01-20 13:25:00,3327.66,3334.09,3316.69,3317.32,4642.4575
2025-01-20 13:30:00,3317.33,3346.14,3312.66,3343.71,5307.5412
2025-01-20 13:35:00,3343.71,3355.0,3325.43,3325.6,5441.517
2025-01-20 13:40:00,3325.6,3336.1,3316.02,3325.33,3759.7241
2025-01-20 13:45:00,3325.32,3338.23,3319.68,3336.08,1566.4188
2025-01-20 13:50:00,3336.08,3339.83,3328.06,3339.06,2185.2509
2025-01-20 13:55:00,3339.05,3344.39,3334.5,3342.99,1863.7703
2025-01-20 14:00:00,3342.99,3358.84,3334.32,3338.34,3264.6915
2025-01-20 14:05:00,3338.35,3344.8,3330.29,3342.01,2333.8848
2025-01-20 14:10:00,3342.01,3345.36,3334.34,3344.92,2686.5359
2025-01-20 14:15:00,3344.93,3355.0,3343.31,3347.6,3037.5318
2025-01-20 14:20:00,3347.61,3358.72,3346.5,3351.5,1826.6288
2025-01-20 14:25:00,3351.5,3352.75,3337.32,3338.96,1964.135
2025-01-20 14:30:00,3338.89,3354.5,3331.76,3354.5,2508.7736
2025-01-20 14:35:00,3354.5,3361.98,3338.03,3340.25,2133.3018
2025-01-20 14:40:00,3340.24,3349.62,3339.55,3346.67,1149.3802
2025-01-20 14:45:00,3346.68,3347.5,3337.0,3345.0,1345.962
2025-01-20 14:50:00,3345.0,3354.36,3342.37,3352.85,1550.0467
2025-01-20 14:55:00,3352.86,3360.0,3347.98,3359.4,2115.3833
2025-01-20 15:00:00,3359.4,3359.48,3343.26,3356.09,2790.2416
2025-01-20 15:05:00,3356.08,3367.37,3353.52,3360.91,1791.8843
2025-01-20 15:10:00,3360.9,3371.02,3351.55,3365.09,1839.5398
2025-01-20 15:15:00,3365.09,3370.0,3339.8,3360.21,4609.503
2025-01-20 15:20:00,3360.2,3362.89,3344.6,3360.9,2729.6845
2025-01-20 15:25:00,3360.89,3379.94,3354.64,3374.1,3999.8899
2025-01-20 15:30:00,3374.11,3375.1,3351.91,3354.86,2847.6246
2025-01-20 15:35:00,3354.87,3368.72,3347.36,3364.56,1861.6195
2025-01-20 15:40:00,3364.56,3369.49,3355.79,3358.43,2038.7468
2025-01-20 15:45:00,3358.42,3358.43,3315.77,3338.28,7030.7605
2025-01-20 15:50:00,3338.29,3349.48,3326.03,3340.64,3939.2397
2025-01-20 15:55:00,3340.65,3342.97,3320.39,3335.9,4057.7923
2025-01-20 16:00:00,3335.91,3349.21,3330.0,3342.97,3770.4783
2025-01-20 16:05:00,3342.96,3352.9,3331.0,3331.77,3411.1434
2025-01-20 16:10:00,3331.78,3335.54,3277.74,3308.7,13262.1263
2025-01-20 16:15:00,3308.71,3331.32,3301.51,3330.65,4888.2466
2025-01-20 16:20:00,3330.64,3344.84,3325.0,3337.59,4536.4675
2025-01-20 16:25:00,3337.59,3355.96,3337.28,3349.01,3650.0881
2025-01-20 16:30:00,3349.01,3353.87,3340.0,3351.37,2796.7328
2025-01-20 16:35:00,3351.37,3370.39,3346.87,3370.39,3688.8173
2025-01-20 16:40:00,3370.39,3390.68,3364.86,3368.25,6999.1241
2025-01-20 16:45:00,3368.25,3379.25,3361.64,3375.44,2226.2073
2025-01-20 16:50:00,3375.44,3377.16,3369.67,3373.5,2063.2662
2025-01-20 16:55:00,3373.5,3382.83,3370.39,3379.97,2654.2896
2025-01-20 17:00:00,3379.96,3383.85,3307.98,3311.71,7965.4559
2025-01-20 17:05:00,3313.15,3345.82,3267.84,3343.62,26364.6497
2025-01-20 17:10:00,3344.42,3348.79,3309.49,3319.03,14247.2251
2025-01-20 17:15:00,3319.25,3337.86,3310.39,3315.29,5576.5059
2025-01-20 17:20:00,3315.01,3352.92,3310.48,3341.54,5696.6883
2025-01-20 17:25:00,3341.51,3346.42,3317.07,3318.72,6972.9836
2025-01-20 17:30:00,3318.72,3339.0,3291.13,3314.27,10948.2595
2025-01-20 17:35:00,3314.32,3326.5,3242.1,3247.05,16428.7319
2025-01-20 17:40:00,3245.66,3289.15,3205.42,3230.76,31714.3623
2025-01-20 17:45:00,3230.83,3280.0,3222.41,3278.51,17942.9507
2025-01-20 17:50:00,3278.51,3320.83,3273.33,3317.51,9422.7473
2025-01-20 17:55:00,3317.5,3317.51,3275.37,3292.93,8650.7722
2025-01-20 18:00:00,3292.98,3316.98,3286.5,3303.16,4680.1642
2025-01-20 18:05:00,3303.16,3313.12,3286.96,3312.99,3279.8233
2025-01-20 18:10:00,3313.0,3315.5,3297.14,3307.97,3819.8949
2025-01-20 18:15:00,3307.96,3308.88,3284.02,3290.54,3750.9981
2025-01-20 18:20:00,3290.54,3324.76,3289.54,3319.45,4016.3926
2025-01-20 18:25:00,3319.45,3322.88,3308.05,3312.3,2004.9393
2025-01-20 18:30:00,3312.32,3327.01,3301.66,3306.21,6029.5819
2025-01-20 18:35:00,3306.22,3324.56,3305.81,3312.3,2195.0966
2025-01-20 18:40:00,3312.3,3315.0,3301.09,3311.5,2479.8376
2025-01-20 18:45:00,3311.49,3320.0,3307.51,3308.1,1715.3423
2025-01-20 18:50:00,3308.09,3335.16,3303.35,3334.49,4105.338
2025-01-20 18:55:00,3334.49,3342.69,3325.64,3330.53,4275.9787
2025-01-20 19:00:00,3330.53,3333.64,3313.16,3322.09,2805.8085
2025-01-20 19:05:00,3322.1,3323.51,3308.41,3317.66,3461.2396
2025-01-20 19:10:00,3317.66,3326.74,3314.04,3326.24,1139.4932
2025-01-20 19:15:00,3326.23,3337.57,3321.29,3324.17,1704.243
2025-01-20 19:20:00,3324.18,3347.0,3317.0,3341.5,3879.2803
2025-01-20 19:25:00,3341.36,3354.84,3340.39,3345.36,2387.1661
2025-01-20 19:30:00,3345.36,3351.0,3329.24,3351.0,3147.1927
2025-01-20 19:35:00,3350.99,3364.12,3346.89,3358.88,3343.283
2025-01-20 19:40:00,3358.98,3360.0,3340.38,3341.94,1541.3672
2025-01-20 19:45:00,3341.95,3364.12,3341.36,3345.2,2384.2142
2025-01-20 19:50:00,3345.19,3354.27,3344.5,3348.32,808.24
2025-01-20 19:55:00,3348.34,3353.28,3342.63,3343.5,1504.4474
2025-01-20 20:00:00,3343.49,3344.5,3329.64,3334.47,2030.0093
2025-01-20 20:05:00,3334.47,3340.73,3324.01,3337.42,1672.051
2025-01-20 20:10:00,3337.41,3339.39,3326.01,3330.92,810.0213
2025-01-20 20:15:00,3330.95,3332.46,3314.0,3323.7,1442.5227
2025-01-20 20:20:00,3323.59,3332.06,3316.31,3327.11,929.0941
2025-01-20 20:25:00,3327.1,3336.29,3320.21,3324.6,770.8246
2025-01-20 20:30:00,3324.6,3334.41,3324.16,3331.1,854.3656
2025-01-20 20:35:00,3331.1,3341.82,3326.53,3337.34,924.0823
2025-01-20 20:40:00,3337.33,3340.5,3332.26,3335.78,744.5489
2025-01-20 20:45:00,3335.78,3342.5,3330.92,3336.0,997.9832
2025-01-20 20:50:00,3335.99,3337.57,3330.68,3331.21,484.3793
2025-01-20 20:55:00,3331.2,3331.2,3320.23,3320.24,584.1816
2025-01-20 21:00:00,3320.23,3329.84,3316.69,3327.85,844.2202
2025-01-20 21:05:00,3327.85,3329.91,3311.6,3318.28,734.8161
2025-01-20 21:10:00,3318.28,3320.65,3315.17,3319.86,849.3008
2025-01-20 21:15:00,3319.86,3326.5,3315.17,3326.03,654.7429
2025-01-20 21:20:00,3326.03,3337.17,3325.93,3332.0,583.6037
2025-01-20 21:25:00,3332.0,3333.49,3323.16,3323.71,824.2727
2025-01-20 21:30:00,3323.7,3331.49,3322.02,3322.03,1047.4862
2025-01-20 21:35:00,3322.04,3327.64,3310.0,3319.69,1706.0297
2025-01-20 21:40:00,3319.7,3322.89,3314.75,3317.0,1075.5306
2025-01-20 21:45:00,3317.0,3318.34,3305.32,3313.18,2443.4652
2025-01-20 21:50:00,3313.19,3315.96,3301.11,3302.14,1830.3327
2025-01-20 21:55:00,3302.14,3302.68,3279.76,3284.96,3605.0616
2025-01-20 22:00:00,3284.97,3286.66,3255.92,3259.17,4163.6402
2025-01-20 22:05:00,3259.03,3293.94,3258.39,3284.4,2811.2571
2025-01-20 22:10:00,3284.41,3289.4,3274.47,3288.27,1651.6204
2025-01-20 22:15:00,3288.27,3307.25,3288.27,3295.06,1919.6554
2025-01-20 22:20:00,3295.05,3295.84,3282.88,3289.64,806.9115
2025-01-20 22:25:00,3289.64,3305.45,3289.64,3305.05,1018.4754
2025-01-20 22:30:00,3305.05,3316.23,3299.21,3316.22,1546.7306
2025-01-20 22:35:00,3316.23,3318.0,3309.38,3311.83,1039.0725
2025-01-20 22:40:00,3311.83,3315.0,3307.83,3314.99,794.7247
2025-01-20 22:45:00,3314.99,3320.0,3313.0,3316.0,860.9454
2025-01-20 22:50:00,3316.0,3323.2,3314.75,3321.95,894.951
2025-01-20 22:55:00,3321.94,3324.46,3315.52,3318.49,657.7438
2025-01-20 23:00:00,3318.5,3320.84,3304.94,3315.29,1171.4494
2025-01-20 23:05:00,3315.27,3320.0,3305.0,3312.8,1263.4738
2025-01-20 23:10:00,3312.79,3313.35,3290.0,3292.71,3080.5103
2025-01-20 23:15:00,3292.7,3298.94,3282.67,3298.5,1531.5887
2025-01-20 23:20:00,3298.51,3305.5,3296.02,3304.12,662.3806
2025-01-20 23:25:00,3304.12,3307.7,3301.59,3304.34,549.7007
2025-01-20 23:30:00,3304.34,3305.09,3292.52,3298.0,886.8646
2025-01-20 23:35:00,3298.0,3301.88,3291.67,3298.9,818.7669
2025-01-20 23:40:00,3298.89,3304.0,3295.59,3301.2,508.5718
2025-01-20 23:45:00,3301.2,3302.93,3260.93,3264.9,5028.9752
2025-01-20 23:50:00,3264.9,3283.09,3264.57,3272.36,2395.3458
2025-01-20 23:55:00,3272.37,3284.39,3268.66,3284.0,2350.1441
2025-01-21 00:00:00,3283.99,3289.85,3268.92,3269.27,2211.9101
2025-01-21 00:05:00,3269.27,3274.76,3256.44,3261.0,2395.2711
2025-01-21 00:10:00,3261.0,3279.45,3261.0,3279.44,1924.3237
2025-01-21 00:15:00,3279.44,3281.77,3266.55,3268.25,2235.5505
2025-01-21 00:20:00,3268.24,3278.0,3253.61,3254.2,2353.4267
2025-01-21 00:25:00,3254.2,3259.2,3244.35,3247.7,6405.076
2025-01-21 00:30:00,3247.7,3260.95,3233.99,3256.27,6933.473
2025-01-21 00:35:00,3256.26,3266.95,3250.8,3255.87,2632.9455
2025-01-21 00:40:00,3255.87,3270.0,3251.76,3262.2,2188.3327
2025-01-21 00:45:00,3262.17,3273.35,3260.01,3268.91,2017.9376
2025-01-21 00:50:00,3268.9,3268.9,3225.88,3230.99,10559.2324
2025-01-21 00:55:00,3230.99,3239.22,3221.02,3226.87,4419.0198
2025-01-21 01:00:00,3226.88,3247.5,3223.1,3246.79,3344.7162
2025-01-21 01:05:00,3246.74,3258.9,3243.01,3252.92,2635.8641
2025-01-21 01:10:00,3252.99,3260.32,3248.36,3255.0,2164.6119
2025-01-21 01:15:00,3254.99,3255.37,3238.3,3249.34,2736.341
2025-01-21 01:20:00,3249.39,3251.18,3232.8,3233.96,2439.2984
2025-01-21 01:25:00,3233.96,3234.29,3210.0,3215.15,8066.3856
2025-01-21 01:30:00,3215.15,3228.85,3204.6,3218.84,6454.5199
2025-01-21 01:35:00,3218.9,3241.69,3216.4,3229.51,5606.2125
2025-01-21 01:40:00,3229.51,3248.67,3226.0,3237.43,3722.7185
2025-01-21 01:45:00,3237.43,3246.26,3233.63,3243.59,2408.4383
2025-01-21 01:50:00,3243.6,3254.99,3242.82,3254.9,1713.5134
2025-01-21 01:55:00,3254.9,3260.96,3250.0,3250.63,1973.357
2025-01-21 02:00:00,3250.62,3257.99,3242.57,3253.0,2253.5561
2025-01-21 02:05:00,3253.0,3257.14,3247.37,3254.72,1808.8792
2025-01-21 02:10:00,3254.72,3273.16,3254.71,3267.51,5028.0843
2025-01-21 02:15:00,3267.5,3267.5,3253.51,3263.17,1532.5668
2025-01-21 02:20:00,3263.17,3266.24,3253.92,3256.18,2156.8767
2025-01-21 02:25:00,3256.19,3269.44,3252.68,3256.51,3098.5575
2025-01-21 02:30:00,3256.49,3256.49,3243.24,3252.3,1940.7419
2025-01-21 02:35:00,3252.3,3257.0,3247.06,3250.7,1048.165
2025-01-21 02:40:00,3250.69,3253.4,3234.18,3240.6,1562.2911
2025-01-21 02:45:00,3240.6,3250.83,3228.5,3249.97,2051.8035
2025-01-21 02:50:00,3249.97,3259.0,3249.28,3254.31,1488.5571
2025-01-21 02:55:00,3254.3,3258.79,3252.29,3257.94,819.8638
2025-01-21 03:00:00,3257.94,3258.7,3249.06,3256.32,1320.425
2025-01-21 03:05:00,3256.32,3259.94,3249.38,3255.28,1425.3461
2025-01-21 03:10:00,3255.32,3265.0,3253.01,3255.41,1874.4909
2025-01-21 03:15:00,3255.4,3264.7,3249.28,3264.22,1202.4487
2025-01-21 03:20:00,3264.31,3270.0,3258.5,3264.0,1621.7434
2025-01-21 03:25:00,3263.99,3266.02,3257.0,3259.19,1266.2913
2025-01-21 03:30:00,3259.19,3261.35,3253.03,3257.18,1099.5239
2025-01-21 03:35:00,3257.18,3262.4,3249.28,3260.91,900.8907
2025-01-21 03:40:00,3260.9,3268.5,3258.42,3261.21,3280.2781
2025-01-21 03:45:00,3261.21,3263.0,3256.0,3262.9,1595.573
2025-01-21 03:50:00,3262.9,3266.33,3258.68,3262.97,1729.2075
2025-01-21 03:55:00,3262.97,3264.0,3259.69,3262.6,1824.7172
2025-01-21 04:00:00,3262.6,3262.76,3251.18,3251.39,1838.0032
2025-01-21 04:05:00,3251.37,3251.97,3234.52,3234.61,2467.6558
2025-01-21 04:10:00,3234.61,3247.78,3233.0,3246.73,2124.0002
2025-01-21 04:15:00,3246.74,3255.0,3246.15,3251.8,1052.7914
2025-01-21 04:20:00,3251.79,3258.33,3248.16,3257.71,1170.3594
2025-01-21 04:25:00,3257.7,3262.0,3250.58,3253.71,1893.6943
2025-01-21 04:30:00,3253.71,3253.71,3223.63,3227.24,2662.8602
2025-01-21 04:35:00,3227.26,3229.43,3213.82,3228.19,3463.9036
2025-01-21 04:40:00,3228.18,3235.38,3228.18,3233.05,1475.5894
2025-01-21 04:45:00,3233.06,3237.21,3231.01,3236.8,818.2058
2025-01-21 04:50:00,3236.8,3240.0,3233.23,3239.49,733.2297
2025-01-21 04:55:00,3239.5,3248.0,3237.59,3247.15,1038.6823
2025-01-21 05:00:00,3247.15,3254.13,3237.5,3239.61,1785.6487
2025-01-21 05:05:00,3239.6,3250.28,3238.15,3246.25,727.2297
2025-01-21 05:10:00,3246.26,3250.0,3243.13,3248.31,671.7655
2025-01-21 05:15:00,3248.3,3249.75,3243.25,3244.5,2254.3042
2025-01-21 05:20:00,3244.5,3245.26,3238.94,3243.2,937.538
2025-01-21 05:25:00,3243.2,3244.99,3236.55,3239.8,922.5197
2025-01-21 05:30:00,3239.8,3240.22,3220.0,3222.0,2090.4453
2025-01-21 05:35:00,3221.99,3237.98,3221.26,3232.35,1107.8817
2025-01-21 05:40:00,3232.36,3235.69,3228.15,3230.92,860.4073
2025-01-21 05:45:00,3230.92,3236.77,3225.13,3226.56,941.3539
2025-01-21 05:50:00,3226.57,3228.51,3217.07,3228.31,1597.559
2025-01-21 05:55:00,3228.31,3228.31,3222.31,3225.13,946.4279
2025-01-21 06:00:00,3225.14,3235.07,3213.03,3232.75,1837.9073
2025-01-21 06:05:00,3232.75,3247.38,3232.74,3245.5,2504.6505
2025-01-21 06:10:00,3245.49,3249.04,3241.3,3246.77,1841.0096
2025-01-21 06:15:00,3246.78,3254.2,3245.85,3248.26,1512.369
2025-01-21 06:20:00,3248.27,3248.59,3240.5,3246.79,1394.0536
2025-01-21 06:25:00,3246.8,3249.49,3236.5,3239.45,915.0124
2025-01-21 06:30:00,3239.46,3240.44,3232.37,3239.0,2169.6128
2025-01-21 06:35:00,3239.0,3239.0,3225.31,3225.56,1604.0034
2025-01-21 06:40:00,3225.59,3226.8,3217.43,3219.11,2115.9516
2025-01-21 06:45:00,3219.11,3229.93,3218.2,3225.28,1221.9549
2025-01-21 06:50:00,3225.2,3241.43,3223.34,3240.03,1337.8969
2025-01-21 06:55:00,3240.03,3245.0,3239.13,3241.99,1767.6295
2025-01-21 07:00:00,3241.99,3250.09,3235.37,3245.45,2045.9468
2025-01-21 07:05:00,3245.45,3247.6,3240.03,3244.51,1112.003
2025-01-21 07:10:00,3244.5,3251.38,3239.24,3249.19,1114.7395
2025-01-21 07:15:00,3249.21,3253.0,3248.45,3250.15,940.4515
2025-01-21 07:20:00,3250.15,3261.7,3247.53,3260.15,977.9557
2025-01-21 07:25:00,3260.15,3260.16,3254.91,3258.24,710.843
2025-01-21 07:30:00,3258.25,3261.8,3253.35,3259.42,1251.5847
2025-01-21 07:35:00,3259.42,3261.86,3256.58,3259.0,925.3823
2025-01-21 07:40:00,3259.0,3261.11,3254.84,3260.11,2303.7034
2025-01-21 07:45:00,3260.11,3266.24,3257.44,3257.72,2055.88
2025-01-21 07:50:00,3257.72,3257.72,3245.45,3250.68,1099.6023
2025-01-21 07:55:00,3250.68,3257.67,3248.78,3254.7,1019.9644
2025-01-21 08:00:00,3254.7,3254.7,3244.0,3247.83,969.4094
2025-01-21 08:05:00,3247.83,3260.5,3246.5,3258.32,886.157
2025-01-21 08:10:00,3258.33,3263.28,3253.68,3259.49,2482.1084
2025-01-21 08:15:00,3259.49,3263.08,3255.61,3262.44,1134.0284
2025-01-21 08:20:00,3262.44,3262.44,3254.06,3258.39,880.3639
2025-01-21 08:25:00,3258.38,3260.5,3255.0,3258.22,931.0745
2025-01-21 08:30:00,3258.23,3258.23,3248.78,3254.46,948.4602
2025-01-21 08:35:00,3254.46,3259.24,3251.91,3255.4,1459.4913
2025-01-21 08:40:00,3255.4,3257.0,3240.3,3243.4,1519.3051
2025-01-21 08:45:00,3243.41,3244.32,3234.48,3243.31,2687.284
2025-01-21 08:50:00,3243.43,3251.99,3243.2,3246.41,1296.5828
2025-01-21 08:55:00,3246.41,3255.2,3246.01,3254.14,1786.0648
2025-01-21 09:00:00,3254.13,3260.34,3250.92,3259.31,1681.4039
2025-01-21 09:05:00,3259.3,3274.9,3259.2,3273.6,5082.4104
2025-01-21 09:10:00,3273.6,3273.6,3261.28,3261.68,1506.8597
2025-01-21 09:15:00,3261.68,3266.59,3259.07,3261.34,1240.8178
2025-01-21 09:20:00,3261.35,3268.81,3259.03,3265.52,1255.5252
2025-01-21 09:25:00,3265.5,3265.51,3255.3,3264.44,1099.3225
2025-01-21 09:30:00,3264.46,3270.4,3262.34,3263.01,1015.0034
2025-01-21 09:35:00,3263.02,3272.71,3260.1,3267.68,1859.2468
2025-01-21 09:40:00,3267.68,3268.71,3259.75,3263.04,706.7541
2025-01-21 09:45:00,3263.04,3269.94,3262.01,3269.02,884.74
2025-01-21 09:50:00,3269.02,3274.42,3268.37,3268.6,867.177
2025-01-21 09:55:00,3268.61,3277.0,3268.39,3276.66,1383.4288
2025-01-21 10:00:00,3276.66,3282.56,3271.39,3281.32,1813.2151
2025-01-21 10:05:00,3281.32,3288.92,3279.18,3286.73,2333.1197
2025-01-21 10:10:00,3286.74,3289.6,3280.52,3281.6,1303.0675
2025-01-21 10:15:00,3281.6,3285.7,3280.54,3283.85,801.5021
2025-01-21 10:20:00,3283.84,3289.21,3282.39,3285.0,1057.607
2025-01-21 10:25:00,3285.0,3295.26,3285.0,3294.02,1745.2804
2025-01-21 10:30:00,3294.03,3294.5,3284.08,3292.11,2697.2578
2025-01-21 10:35:00,3292.11,3300.01,3289.49,3298.19,5129.0378
2025-01-21 10:40:00,3298.2,3300.52,3289.44,3289.7,1175.1082
2025-01-21 10:45:00,3289.7,3294.0,3286.82,3292.53,1150.3186
2025-01-21 10:50:00,3292.54,3310.0,3291.9,3308.62,3040.2639
2025-01-21 10:55:00,3308.63,3310.0,3302.6,3303.11,1965.3702
2025-01-21 11:00:00,3303.09,3304.0,3297.94,3303.13,687.2373
2025-01-21 11:05:00,3303.13,3305.21,3300.22,3304.89,915.5147
2025-01-21 11:10:00,3304.88,3309.53,3304.35,3308.86,1363.9786
2025-01-21 11:15:00,3308.87,3314.0,3306.16,3307.84,1638.6692
2025-01-21 11:20:00,3307.8,3309.29,3303.21,3304.33,1082.1402
2025-01-21 11:25:00,3304.33,3313.0,3303.2,3310.16,1533.9067
2025-01-21 11:30:00,3310.15,3312.96,3299.26,3300.14,2534.0265
2025-01-21 11:35:00,3300.14,3307.37,3299.57,3304.66,3340.9498
2025-01-21 11:40:00,3304.66,3306.53,3298.7,3298.99,2340.3999
2025-01-21 11:45:00,3298.99,3300.24,3292.71,3299.99,2784.6194
2025-01-21 11:50:00,3300.0,3308.4,3299.58,3308.4,3352.0097
2025-01-21 11:55:00,3308.4,3308.4,3303.62,3305.07,1163.9565
2025-01-21 12:00:00,3305.07,3306.87,3294.0,3296.56,2661.0175
2025-01-21 12:05:00,3296.56,3298.27,3293.59,3294.69,1061.4601
2025-01-21 12:10:00,3294.7,3302.0,3294.05,3301.39,937.0337
2025-01-21 12:15:00,3301.4,3326.74,3301.1,3323.9,6065.7133
2025-01-21 12:20:00,3323.9,3325.44,3312.76,3313.44,2639.768
2025-01-21 12:25:00,3313.44,3316.46,3310.91,3315.6,1971.0475
2025-01-21 12:30:00,3315.6,3315.8,3298.3,3301.09,3687.4224
2025-01-21 12:35:00,3301.1,3311.29,3299.35,3305.16,1648.6877
2025-01-21 12:40:00,3305.17,3308.04,3302.53,3307.94,1465.5864
2025-01-21 12:45:00,3307.94,3308.04,3301.06,3304.0,1730.9946
2025-01-21 12:50:00,3304.0,3310.13,3299.57,3307.7,4191.704
2025-01-21 12:55:00,3307.71,3311.44,3306.17,3307.19,1091.2057
2025-01-21 13:00:00,3307.19,3310.88,3302.56,3302.58,1581.7996
2025-01-21 13:05:00,3302.57,3302.58,3290.0,3293.62,2184.7202
2025-01-21 13:10:00,3293.63,3303.65,3293.63,3301.78,999.5808
2025-01-21 13:15:00,3301.79,3314.99,3301.56,3310.65,1129.0055
2025-01-21 13:20:00,3310.64,3312.67,3304.84,3304.85,992.6406
2025-01-21 13:25:00,3304.85,3305.9,3297.38,3300.09,1237.9212
2025-01-21 13:30:00,3300.08,3300.28,3293.97,3299.61,954.5221
2025-01-21 13:35:00,3299.61,3304.61,3293.2,3301.51,5846.4998
2025-01-21 13:40:00,3301.51,3304.0,3296.56,3303.82,920.5626
2025-01-21 13:45:00,3303.82,3310.84,3303.0,3308.52,784.8289
2025-01-21 13:50:00,3308.51,3308.52,3300.08,3303.36,649.8436
2025-01-21 13:55:00,3303.37,3309.69,3301.68,3309.68,965.5721
2025-01-21 14:00:00,3309.69,3310.11,3305.68,3308.77,731.0637
2025-01-21 14:05:00,3308.78,3313.24,3303.3,3305.38,1163.2786
2025-01-21 14:10:00,3305.37,3312.96,3303.09,3312.43,1068.6563
2025-01-21 14:15:00,3312.43,3320.0,3311.68,3315.28,2360.4896
2025-01-21 14:20:00,3315.27,3332.01,3314.39,3325.21,5135.6289
2025-01-21 14:25:00,3325.21,3333.99,3323.81,3333.49,5063.2463
2025-01-21 14:30:00,3333.49,3335.44,3307.24,3308.65,7407.0165
2025-01-21 14:35:00,3308.66,3308.66,3280.36,3285.9,9040.1759
2025-01-21 14:40:00,3285.82,3307.85,3279.09,3302.64,4796.2526
2025-01-21 14:45:00,3302.62,3312.5,3290.73,3303.49,3178.165
2025-01-21 14:50:00,3303.49,3310.47,3291.87,3294.77,2834.9642
2025-01-21 14:55:00,3294.77,3299.19,3281.0,3289.41,3993.623
2025-01-21 15:00:00,3289.42,3294.95,3273.61,3274.68,3055.6115
2025-01-21 15:05:00,3274.68,3286.66,3265.11,3281.57,3837.4239
2025-01-21 15:10:00,3281.56,3287.54,3268.12,3275.01,2683.0434
2025-01-21 15:15:00,3275.01,3288.22,3272.08,3288.21,1760.7629
2025-01-21 15:20:00,3288.22,3297.0,3285.58,3293.2,2820.9207
2025-01-21 15:25:00,3293.2,3302.09,3293.2,3298.9,1764.4711
2025-01-21 15:30:00,3298.89,3299.81,3291.68,3292.23,2161.1581
2025-01-21 15:35:00,3292.24,3292.24,3279.05,3287.01,2697.55
2025-01-21 15:40:00,3287.01,3300.5,3285.14,3293.26,1741.9693
2025-01-21 15:45:00,3293.13,3293.86,3281.3,3283.51,1606.2473
2025-01-21 15:50:00,3283.5,3290.51,3278.93,3289.81,1705.0464
2025-01-21 15:55:00,3289.81,3297.26,3286.72,3295.1,1229.1655
2025-01-21 16:00:00,3295.1,3297.69,3290.5,3294.44,1321.9161
2025-01-21 16:05:00,3294.44,3327.56,3294.12,3321.31,4890.4741
2025-01-21 16:10:00,3321.3,3344.0,3320.42,3340.08,6190.6804
2025-01-21 16:15:00,3340.07,3349.17,3332.86,3341.98,4564.0631
2025-01-21 16:20:00,3341.97,3348.19,3334.06,3336.19,5368.2161
2025-01-21 16:25:00,3336.18,3339.2,3308.05,3316.51,3864.0581
2025-01-21 16:30:00,3316.5,3325.31,3315.35,3318.17,1628.8178
2025-01-21 16:35:00,3318.17,3323.76,3303.22,3312.16,2042.4247
2025-01-21 16:40:00,3312.16,3317.04,3307.91,3309.78,1228.7539
2025-01-21 16:45:00,3309.78,3320.88,3309.24,3318.76,1121.9306
2025-01-21 16:50:00,3318.76,3322.5,3313.65,3313.89,1201.3845
2025-01-21 16:55:00,3313.9,3316.21,3309.21,3313.85,1166.5967
2025-01-21 17:00:00,3313.85,3320.83,3311.9,3319.56,924.1189
2025-01-21 17:05:00,3319.56,3324.0,3315.37,3323.43,983.459
2025-01-21 17:10:00,3323.42,3324.0,3319.81,3324.0,878.0431
2025-01-21 17:15:00,3323.99,3326.72,3317.81,3319.5,2640.1394
2025-01-21 17:20:00,3319.5,3326.64,3318.3,3323.82,1805.2535
2025-01-21 17:25:00,3323.83,3324.96,3319.63,3320.36,1147.5819
2025-01-21 17:30:00,3320.35,3322.23,3307.81,3307.99,873.4071
2025-01-21 17:35:00,3307.99,3315.53,3307.98,3315.43,856.6544
2025-01-21 17:40:00,3315.43,3321.97,3313.51,3320.85,1112.4858
2025-01-21 17:45:00,3320.84,3340.26,3319.33,3340.26,4181.7657
2025-01-21 17:50:00,3340.24,3345.0,3334.5,3343.21,2338.3278
2025-01-21 17:55:00,3343.21,3356.59,3340.6,3351.0,2725.1173
2025-01-21 18:00:00,3351.0,3351.22,3340.01,3342.26,1450.1414
2025-01-21 18:05:00,3342.28,3344.5,3340.0,3342.0,1003.5875
2025-01-21 18:10:00,3342.01,3342.96,3334.66,3338.09,1266.4067
2025-01-21 18:15:00,3338.09,3348.82,3338.09,3340.86,2224.3485
2025-01-21 18:20:00,3340.86,3345.13,3336.34,3340.5,1367.8206
2025-01-21 18:25:00,3340.5,3341.04,3330.74,3333.43,1219.6896
2025-01-21 18:30:00,3333.44,3360.0,3332.0,3353.41,2564.6497
2025-01-21 18:35:00,3353.41,3368.0,3353.4,3357.61,5226.0305
2025-01-21 18:40:00,3357.62,3362.0,3350.87,3354.4,2001.1235
2025-01-21 18:45:00,3354.39,3356.27,3344.61,3349.02,1730.511
2025-01-21 18:50:00,3349.02,3353.68,3345.0,3345.95,1017.0825
2025-01-21 18:55:00,3345.96,3350.0,3342.64,3345.76,902.2183
2025-01-21 19:00:00,3345.75,3346.63,3337.55,3340.76,1314.2161
2025-01-21 19:05:00,3340.76,3343.0,3328.0,3336.44,1701.7355
2025-01-21 19:10:00,3336.44,3336.97,3324.35,3325.22,1573.715
2025-01-21 19:15:00,3325.22,3334.66,3325.01,3326.57,3119.7707
2025-01-21 19:20:00,3326.58,3331.55,3318.0,3331.23,1426.8891
2025-01-21 19:25:00,3331.22,3333.1,3326.73,3328.28,927.0414
2025-01-21 19:30:00,3328.28,3328.28,3321.34,3322.63,798.2242
2025-01-21 19:35:00,3322.63,3325.71,3318.2,3323.36,852.118
2025-01-21 19:40:00,3323.36,3327.34,3320.8,3326.28,663.8474
2025-01-21 19:45:00,3326.27,3332.03,3325.67,3331.96,600.5354
2025-01-21 19:50:00,3331.96,3337.52,3329.86,3330.99,1439.1734
2025-01-21 19:55:00,3330.99,3333.52,3329.92,3332.16,578.1052
2025-01-21 20:00:00,3332.16,3339.49,3331.58,3334.67,773.1149
2025-01-21 20:05:00,3334.67,3337.71,3328.45,3328.46,721.1927
2025-01-21 20:10:00,3328.45,3334.0,3328.08,3328.78,621.8662
2025-01-21 20:15:00,3328.77,3330.42,3323.2,3325.36,649.3517
2025-01-21 20:20:00,3325.37,3330.29,3325.36,3326.1,571.6917
2025-01-21 20:25:00,3326.1,3329.69,3323.29,3323.5,497.4432
2025-01-21 20:30:00,3323.52,3324.14,3310.0,3316.37,1380.7025
2025-01-21 20:35:00,3316.36,3320.4,3308.71,3317.5,1981.4269
2025-01-21 20:40:00,3317.49,3319.52,3305.87,3307.29,969.6193
2025-01-21 20:45:00,3307.28,3310.87,3304.01,3308.99,898.0873
2025-01-21 20:50:00,3308.99,3313.22,3305.53,3310.54,632.53
2025-01-21 20:55:00,3310.54,3317.79,3306.23,3314.39,1434.4415
2025-01-21 21:00:00,3314.39,3315.0,3307.15,3313.44,1372.8689
2025-01-21 21:05:00,3313.45,3313.95,3302.03,3309.01,1395.0043
2025-01-21 21:10:00,3309.01,3311.58,3306.51,3309.43,641.2822
2025-01-21 21:15:00,3309.43,3313.34,3307.0,3312.62,1114.3953
2025-01-21 21:20:00,3312.63,3312.97,3305.0,3307.51,1553.9232
2025-01-21 21:25:00,3307.5,3315.41,3307.5,3312.3,619.509
2025-01-21 21:30:00,3312.3,3323.65,3311.31,3322.92,756.2331
2025-01-21 21:35:00,3322.93,3322.93,3317.72,3319.23,548.7882
2025-01-21 21:40:00,3319.22,3330.21,3318.94,3330.21,1448.274
2025-01-21 21:45:00,3330.22,3336.5,3329.52,3329.7,986.8219
2025-01-21 21:50:00,3329.69,3333.0,3328.71,3329.3,850.5511
2025-01-21 21:55:00,3329.3,3334.71,3329.29,3331.9,927.7277
2025-01-21 22:00:00,3331.9,3336.42,3329.61,3334.31,1079.105
2025-01-21 22:05:00,3334.32,3336.57,3326.7,3330.47,849.7653
2025-01-21 22:10:00,3330.46,3330.47,3327.38,3327.91,447.2099
2025-01-21 22:15:00,3327.9,3332.1,3327.56,3330.66,502.3273
2025-01-21 22:20:00,3330.66,3337.0,3330.21,3334.89,1029.6339
2025-01-21 22:25:00,3334.9,3337.81,3333.81,3337.8,598.2444
2025-01-21 22:30:00,3337.8,3337.81,3328.71,3335.07,544.9087
2025-01-21 22:35:00,3335.08,3340.0,3333.82,3337.51,676.8185
2025-01-21 22:40:00,3337.51,3337.77,3333.0,3336.14,838.0994
2025-01-21 22:45:00,3336.15,3347.12,3336.14,3346.17,873.0916
2025-01-21 22:50:00,3346.17,3346.17,3337.98,3337.98,464.9125
2025-01-21 22:55:00,3337.98,3343.0,3333.32,3333.74,867.1182
2025-01-21 23:00:00,3333.75,3334.89,3310.6,3310.82,4104.6915
2025-01-21 23:05:00,3310.67,3330.0,3308.11,3328.54,2033.239
2025-01-21 23:10:00,3328.58,3331.67,3322.12,3323.95,1344.8602
2025-01-21 23:15:00,3323.94,3330.0,3323.04,3329.27,981.245
2025-01-21 23:20:00,3329.25,3329.38,3312.9,3314.3,1032.9792
2025-01-21 23:25:00,3314.3,3320.53,3312.16,3314.31,1174.7791
2025-01-21 23:30:00,3314.3,3325.69,3313.74,3319.08,1276.848
2025-01-21 23:35:00,3319.1,3323.0,3316.01,3322.99,853.7891
2025-01-21 23:40:00,3323.0,3323.34,3318.12,3321.51,585.0025
2025-01-21 23:45:00,3321.5,3324.95,3319.36,3321.99,900.9997
2025-01-21 23:50:00,3322.0,3326.0,3319.09,3324.5,1031.6864
2025-01-21 23:55:00,3324.5,3329.27,3323.31,3327.54,661.0351
2025-01-22 00:00:00,3327.55,3333.0,3325.54,3332.5,1330.1498
2025-01-22 00:05:00,3332.5,3335.0,3323.68,3328.58,1094.5234
2025-01-22 00:10:00,3328.58,3337.5,3328.0,3334.3,1112.197
2025-01-22 00:15:00,3334.31,3339.4,3332.65,3333.22,1145.006
2025-01-22 00:20:00,3333.21,3334.76,3324.34,3327.26,1036.0303
2025-01-22 00:25:00,3327.27,3330.97,3323.37,3329.97,771.6271
2025-01-22 00:30:00,3329.98,3333.78,3325.3,3330.31,1175.0391
2025-01-22 00:35:00,3330.31,3331.19,3324.7,3325.08,951.0994
2025-01-22 00:40:00,3325.08,3333.2,3323.68,3330.68,682.7951
2025-01-22 00:45:00,3330.67,3332.88,3326.0,3331.43,853.4324
2025-01-22 00:50:00,3331.43,3348.6,3331.43,3347.85,1447.6545
2025-01-22 00:55:00,3347.85,3365.99,3346.64,3361.54,5779.9353
2025-01-22 01:00:00,3361.54,3361.55,3346.85,3348.99,3116.933
2025-01-22 01:05:00,3348.99,3353.57,3339.62,3340.77,858.486
2025-01-22 01:10:00,3340.76,3340.77,3332.13,3339.48,1394.9241
2025-01-22 01:15:00,3339.36,3353.07,3338.0,3348.73,1267.9766
2025-01-22 01:20:00,3348.73,3350.0,3341.78,3342.32,887.4071
2025-01-22 01:25:00,3342.32,3343.16,3335.3,3338.77,1088.3845
2025-01-22 01:30:00,3338.78,3346.33,3334.2,3344.48,2367.783
2025-01-22 01:35:00,3344.49,3345.23,3332.69,3334.82,1910.2405
2025-01-22 01:40:00,3334.82,3334.82,3321.31,3323.28,1486.9943
2025-01-22 01:45:00,3323.28,3331.74,3323.28,3328.31,960.0441
2025-01-22 01:50:00,3328.31,3328.52,3323.34,3326.41,640.0773
2025-01-22 01:55:00,3326.41,3330.27,3322.68,3328.84,749.2265
2025-01-22 02:00:00,3328.84,3330.13,3323.52,3323.52,673.9188
2025-01-22 02:05:00,3323.52,3331.83,3322.0,3324.82,626.743
2025-01-22 02:10:00,3324.82,3331.94,3324.82,3331.93,783.6341
2025-01-22 02:15:00,3331.93,3335.97,3330.0,3334.9,666.5364
2025-01-22 02:20:00,3334.9,3336.76,3332.0,3335.01,1250.7464
2025-01-22 02:25:00,3335.01,3336.09,3331.89,3334.15,1411.7733
2025-01-22 02:30:00,3334.14,3337.31,3331.9,3336.76,1195.2816
2025-01-22 02:35:00,3336.76,3341.25,3335.07,3339.19,893.8775
2025-01-22 02:40:00,3339.2,3344.73,3336.27,3337.48,2223.4316
2025-01-22 02:45:00,3337.45,3347.0,3337.25,3341.12,2323.9183
2025-01-22 02:50:00,3341.12,3346.92,3340.83,3340.85,1415.0332
2025-01-22 02:55:00,3340.84,3344.45,3338.92,3343.77,1572.3774
2025-01-22 03:00:00,3343.76,3348.0,3342.35,3344.89,1276.7906
2025-01-22 03:05:00,3344.9,3344.9,3338.27,3338.87,702.3073
2025-01-22 03:10:00,3338.88,3341.24,3336.56,3336.57,509.5969
2025-01-22 03:15:00,3336.56,3341.84,3334.13,3341.84,532.0914
2025-01-22 03:20:00,3341.83,3344.65,3340.01,3340.26,1403.1001
2025-01-22 03:25:00,3340.26,3344.67,3337.82,3343.35,1162.111
2025-01-22 03:30:00,3343.35,3345.0,3340.3,3340.3,811.9357
2025-01-22 03:35:00,3340.31,3342.0,3337.43,3342.0,710.3642
2025-01-22 03:40:00,3342.0,3342.46,3337.05,3339.67,864.8142
2025-01-22 03:45:00,3339.68,3339.68,3331.8,3333.27,866.8949
2025-01-22 03:50:00,3333.27,3337.0,3327.0,3329.78,1507.4685
2025-01-22 03:55:00,3329.78,3332.71,3327.39,3330.98,755.7369
2025-01-22 04:00:00,3330.98,3332.71,3328.07,3331.38,553.0517
2025-01-22 04:05:00,3331.38,3333.0,3330.11,3330.72,506.6843
2025-01-22 04:10:00,3330.73,3332.7,3329.85,3330.06,383.5999
2025-01-22 04:15:00,3330.06,3330.98,3328.0,3330.1,643.3795
2025-01-22 04:20:00,3330.1,3330.46,3325.29,3329.89,1239.4165
2025-01-22 04:25:00,3329.9,3329.9,3323.82,3327.02,701.0298
2025-01-22 04:30:00,3327.01,3328.27,3323.62,3326.59,563.9432
2025-01-22 04:35:00,3326.59,3326.6,3316.18,3319.4,1175.4333
2025-01-22 04:40:00,3319.4,3322.98,3318.33,3321.39,1167.7628
2025-01-22 04:45:00,3321.39,3324.67,3320.55,3322.69,556.6324
2025-01-22 04:50:00,3322.69,3327.87,3322.3,3327.0,660.6655
2025-01-22 04:55:00,3327.0,3333.1,3326.31,3331.96,715.8243
2025-01-22 05:00:00,3331.96,3333.76,3329.1,3333.62,786.6446
2025-01-22 05:05:00,3333.63,3339.59,3333.62,3337.3,769.5522
2025-01-22 05:10:00,3337.3,3338.0,3335.78,3337.24,471.5476
2025-01-22 05:15:00,3337.24,3338.0,3332.21,3332.6,727.1653
2025-01-22 05:20:00,3332.6,3333.62,3330.0,3331.61,397.6977
2025-01-22 05:25:00,3331.6,3331.61,3324.59,3325.92,597.7732
2025-01-22 05:30:00,3325.92,3325.92,3321.45,3322.21,562.9757
2025-01-22 05:35:00,3322.21,3324.3,3321.08,3323.53,539.2
2025-01-22 05:40:00,3323.52,3324.8,3323.26,3324.26,555.6999
2025-01-22 05:45:00,3324.27,3324.27,3317.0,3321.73,1717.4877
2025-01-22 05:50:00,3321.73,3323.25,3320.89,3320.89,900.7363
2025-01-22 05:55:00,3320.88,3322.39,3317.8,3318.5,774.6484
2025-01-22 06:00:00,3318.49,3320.06,3313.0,3319.57,1098.0743
2025-01-22 06:05:00,3319.58,3324.1,3319.57,3321.85,587.3515
2025-01-22 06:10:00,3321.84,3324.27,3321.0,3322.01,468.5154
2025-01-22 06:15:00,3322.01,3322.01,3314.93,3315.24,867.6741
2025-01-22 06:20:00,3315.24,3317.42,3311.7,3311.77,566.5425
2025-01-22 06:25:00,3311.77,3313.57,3303.0,3306.26,3360.0584
2025-01-22 06:30:00,3306.28,3313.06,3306.28,3311.35,1265.5114
2025-01-22 06:35:00,3311.34,3311.35,3307.09,3310.54,516.417
2025-01-22 06:40:00,3310.54,3311.36,3307.51,3309.36,666.4538
2025-01-22 06:45:00,3309.36,3312.04,3305.0,3309.31,1482.5285
2025-01-22 06:50:00,3309.31,3311.0,3307.5,3310.8,1072.78
2025-01-22 06:55:00,3310.79,3310.8,3308.16,3309.39,248.02
2025-01-22 07:00:00,3309.39,3309.85,3307.0,3307.01,606.6528
2025-01-22 07:05:00,3307.01,3311.0,3307.01,3308.2,695.2867
2025-01-22 07:10:00,3308.2,3310.5,3308.0,3308.6,715.2803
2025-01-22 07:15:00,3308.59,3311.0,3306.01,3309.8,1179.3852
2025-01-22 07:20:00,3309.8,3309.8,3293.69,3302.4,5840.2951
2025-01-22 07:25:00,3302.4,3302.66,3297.54,3301.0,2089.7568
2025-01-22 07:30:00,3301.0,3304.55,3296.0,3299.99,2698.6341
2025-01-22 07:35:00,3299.98,3302.0,3296.22,3296.52,1617.6971
2025-01-22 07:40:00,3296.55,3296.97,3287.95,3289.03,2652.0977
2025-01-22 07:45:00,3289.02,3296.28,3287.0,3294.44,1186.2331
2025-01-22 07:50:00,3294.45,3295.27,3291.5,3292.04,704.8713
2025-01-22 07:55:00,3292.05,3292.46,3287.06,3288.07,733.8097
2025-01-22 08:00:00,3288.08,3292.5,3284.68,3287.71,1594.0276
2025-01-22 08:05:00,3287.71,3290.95,3285.48,3290.45,798.0508
2025-01-22 08:10:00,3290.47,3295.13,3287.48,3292.84,1352.9838
2025-01-22 08:15:00,3292.84,3294.99,3286.65,3292.0,1359.7435
2025-01-22 08:20:00,3291.99,3292.46,3281.26,3281.84,1566.9251
2025-01-22 08:25:00,3281.84,3283.0,3274.61,3281.05,2183.6501
2025-01-22 08:30:00,3281.05,3286.18,3280.92,3283.51,802.4425
2025-01-22 08:35:00,3283.51,3283.95,3273.83,3282.84,967.2186
2025-01-22 08:40:00,3282.84,3290.0,3282.83,3287.41,1847.4298
2025-01-22 08:45:00,3287.41,3297.01,3286.5,3296.23,4210.8067
2025-01-22 08:50:00,3296.22,3300.78,3294.0,3297.76,1857.822
2025-01-22 08:55:00,3297.77,3301.56,3297.0,3299.56,1399.7666
2025-01-22 09:00:00,3299.56,3299.56,3293.52,3293.53,774.2594
2025-01-22 09:05:00,3293.53,3296.63,3291.71,3296.47,777.3309
2025-01-22 09:10:00,3296.47,3298.21,3293.24,3294.8,1724.094
2025-01-22 09:15:00,3294.81,3295.46,3290.37,3292.39,1129.0887
2025-01-22 09:20:00,3292.39,3298.69,3292.03,3294.46,1648.3903
2025-01-22 09:25:00,3294.48,3297.16,3292.99,3297.15,595.84
2025-01-22 09:30:00,3297.15,3299.17,3296.13,3297.54,762.8271
2025-01-22 09:35:00,3297.55,3298.82,3294.67,3298.25,425.8111
2025-01-22 09:40:00,3298.26,3303.77,3297.6,3303.38,886.6912
2025-01-22 09:45:00,3303.38,3304.25,3299.18,3301.07,624.6442
2025-01-22 09:50:00,3301.06,3301.72,3296.83,3300.77,587.0864
2025-01-22 09:55:00,3300.77,3301.12,3297.64,3298.55,599.6917
2025-01-22 10:00:00,3298.55,3299.26,3290.61,3291.82,1275.4065
2025-01-22 10:05:00,3291.81,3298.0,3289.14,3297.01,1204.0513
2025-01-22 10:10:00,3297.01,3298.22,3293.54,3297.29,414.0844
2025-01-22 10:15:00,3297.29,3300.0,3297.0,3298.0,524.5586
2025-01-22 10:20:00,3298.01,3300.44,3296.2,3299.12,945.2922
2025-01-22 10:25:00,3299.12,3300.93,3297.67,3300.92,462.2641
2025-01-22 10:30:00,3300.92,3305.39,3298.7,3298.97,946.9731
2025-01-22 10:35:00,3298.97,3299.34,3296.55,3299.34,682.4282
2025-01-22 10:40:00,3299.33,3302.73,3299.02,3301.75,577.6546
2025-01-22 10:45:00,3301.75,3307.05,3300.82,3307.04,793.0105
2025-01-22 10:50:00,3307.04,3308.17,3303.66,3307.12,1906.6673
2025-01-22 10:55:00,3307.13,3308.1,3305.03,3308.09,1094.4115
2025-01-22 11:00:00,3308.09,3308.09,3304.51,3304.64,891.8001
2025-01-22 11:05:00,3304.64,3314.33,3304.63,3310.74,1050.7424
2025-01-22 11:10:00,3310.74,3312.56,3308.36,3312.55,441.218
2025-01-22 11:15:00,3312.56,3315.97,3310.72,3310.72,1125.0903
2025-01-22 11:20:00,3310.72,3313.12,3308.18,3308.19,451.4023
2025-01-22 11:25:00,3308.18,3310.24,3307.16,3307.16,770.8573
2025-01-22 11:30:00,3307.17,3309.96,3307.16,3309.96,281.3424
2025-01-22 11:35:00,3309.96,3312.46,3309.82,3312.45,416.0606
2025-01-22 11:40:00,3312.45,3317.07,3312.12,3316.7,1011.1964
2025-01-22 11:45:00,3316.69,3319.18,3315.0,3316.71,1211.5619
2025-01-22 11:50:00,3316.71,3329.62,3316.7,3327.41,2170.6377
2025-01-22 11:55:00,3327.4,3329.99,3324.3,3326.55,1454.8532
2025-01-22 12:00:00,3326.55,3332.7,3325.31,3326.88,1648.4837
2025-01-22 12:05:00,3326.88,3328.69,3322.4,3322.45,749.8829
2025-01-22 12:10:00,3322.45,3323.8,3318.62,3321.97,918.7076
2025-01-22 12:15:00,3321.97,3322.62,3316.81,3320.72,846.6077
2025-01-22 12:20:00,3320.74,3320.9,3315.5,3317.32,514.6738
2025-01-22 12:25:00,3317.32,3317.35,3313.87,3316.3,661.354
2025-01-22 12:30:00,3316.29,3317.44,3311.5,3313.66,478.9698
2025-01-22 12:35:00,3313.67,3316.0,3313.64,3315.69,472.6679
2025-01-22 12:40:00,3315.69,3319.67,3315.68,3317.11,405.5559
2025-01-22 12:45:00,3317.12,3317.6,3313.31,3314.99,358.7915
2025-01-22 12:50:00,3315.0,3316.59,3313.12,3314.58,377.1076
2025-01-22 12:55:00,3314.59,3318.75,3314.58,3316.97,654.8233
2025-01-22 13:00:00,3316.97,3319.29,3307.69,3307.69,872.12
2025-01-22 13:05:00,3307.69,3313.49,3304.6,3311.7,1140.2044
2025-01-22 13:10:00,3311.7,3314.45,3307.59,3308.99,783.2356
2025-01-22 13:15:00,3308.99,3310.64,3306.45,3309.07,603.9966
2025-01-22 13:20:00,3309.08,3309.42,3304.89,3307.27,1173.923
2025-01-22 13:25:00,3307.27,3307.53,3301.22,3305.06,1291.198
2025-01-22 13:30:00,3305.07,3305.42,3299.26,3301.81,1426.4296
2025-01-22 13:35:00,3301.8,3302.56,3287.12,3294.8,3377.6837
2025-01-22 13:40:00,3294.8,3305.22,3294.42,3303.47,1835.9871
2025-01-22 13:45:00,3303.47,3304.45,3291.61,3291.67,1137.8804
2025-01-22 13:50:00,3291.68,3294.22,3280.19,3287.1,2912.0561
2025-01-22 13:55:00,3287.09,3288.95,3281.2,3284.15,1404.978
2025-01-22 14:00:00,3284.15,3289.45,3277.0,3281.0,3496.7647
2025-01-22 14:05:00,3281.01,3283.5,3275.71,3282.34,2001.7286
2025-01-22 14:10:00,3282.34,3291.09,3282.33,3283.93,1640.5732
2025-01-22 14:15:00,3283.92,3291.54,3281.92,3288.87,1215.2471
2025-01-22 14:20:00,3288.87,3292.72,3287.84,3292.71,882.7967
2025-01-22 14:25:00,3292.72,3307.25,3292.72,3307.19,1715.3454
2025-01-22 14:30:00,3307.19,3312.22,3295.04,3304.8,2640.7577
2025-01-22 14:35:00,3304.82,3306.37,3288.63,3295.4,2080.164
2025-01-22 14:40:00,3295.39,3297.0,3281.6,3287.06,2346.3498
2025-01-22 14:45:00,3287.06,3287.49,3267.17,3284.95,5443.3514
2025-01-22 14:50:00,3284.94,3288.99,3278.02,3288.25,2368.5185
2025-01-22 14:55:00,3288.24,3302.79,3287.09,3293.97,2239.3595
2025-01-22 15:00:00,3293.97,3295.88,3287.84,3295.88,1898.1115
2025-01-22 15:05:00,3295.88,3305.68,3292.27,3300.72,2702.5643
2025-01-22 15:10:00,3300.72,3300.98,3294.6,3298.07,987.7739
2025-01-22 15:15:00,3298.06,3302.27,3292.56,3292.77,1596.9096
2025-01-22 15:20:00,3292.76,3292.76,3279.07,3286.18,2419.4221
2025-01-22 15:25:00,3286.18,3290.18,3275.55,3275.95,1223.4963
2025-01-22 15:30:00,3275.95,3284.53,3274.49,3277.26,1920.4414
2025-01-22 15:35:00,3277.25,3282.92,3270.0,3280.49,5244.7004
2025-01-22 15:40:00,3280.48,3285.4,3278.43,3280.21,1361.7321
2025-01-22 15:45:00,3280.22,3284.27,3274.56,3281.2,1900.4954
2025-01-22 15:50:00,3281.2,3288.09,3277.0,3287.81,1762.3843
2025-01-22 15:55:00,3287.81,3288.0,3278.23,3278.39,676.5263
2025-01-22 16:00:00,3278.39,3279.2,3271.42,3274.5,2649.4359
2025-01-22 16:05:00,3274.5,3275.43,3262.16,3268.97,2557.441
2025-01-22 16:10:00,3268.98,3270.08,3261.87,3264.79,2266.1483
2025-01-22 16:15:00,3264.8,3273.0,3259.93,3272.99,2907.8423
2025-01-22 16:20:00,3273.0,3277.19,3271.4,3274.09,1191.3451
2025-01-22 16:25:00,3274.09,3280.64,3271.23,3279.8,1916.9621
2025-01-22 16:30:00,3279.81,3282.7,3275.5,3276.28,736.7185
2025-01-22 16:35:00,3276.28,3283.11,3275.18,3280.61,1104.8976
2025-01-22 16:40:00,3280.6,3280.85,3269.1,3272.0,1772.2635
2025-01-22 16:45:00,3272.0,3278.5,3271.0,3274.22,1069.8414
2025-01-22 16:50:00,3274.22,3275.94,3272.79,3274.65,733.1605
2025-01-22 16:55:00,3274.64,3279.09,3274.64,3277.9,954.1771
2025-01-22 17:00:00,3277.9,3284.86,3276.46,3282.76,824.1738
2025-01-22 17:05:00,3282.73,3285.62,3279.85,3281.9,864.2783
2025-01-22 17:10:00,3281.9,3282.29,3272.16,3279.0,1521.1588
2025-01-22 17:15:00,3279.01,3283.79,3279.0,3282.79,549.736
2025-01-22 17:20:00,3282.78,3285.0,3279.9,3283.58,527.4039
2025-01-22 17:25:00,3283.58,3283.88,3280.79,3282.06,262.8889
2025-01-22 17:30:00,3282.06,3282.06,3275.75,3280.98,669.9136
2025-01-22 17:35:00,3280.98,3287.08,3280.38,3285.36,686.6861
2025-01-22 17:40:00,3285.37,3287.49,3279.0,3279.02,948.0372
2025-01-22 17:45:00,3279.02,3286.0,3279.01,3285.06,528.0192
2025-01-22 17:50:00,3285.04,3286.55,3283.06,3286.47,652.238
2025-01-22 17:55:00,3286.46,3286.84,3283.72,3285.39,641.6874
2025-01-22 18:00:00,3285.4,3291.3,3283.0,3284.23,1552.1214
2025-01-22 18:05:00,3284.23,3286.32,3277.5,3281.82,517.1945
2025-01-22 18:10:00,3281.83,3284.83,3280.78,3282.5,460.673
2025-01-22 18:15:00,3282.5,3282.5,3268.5,3270.23,1049.5217
2025-01-22 18:20:00,3270.22,3270.22,3266.68,3266.69,910.5789
2025-01-22 18:25:00,3266.69,3268.67,3262.8,3268.66,993.0035
2025-01-22 18:30:00,3268.67,3274.15,3268.67,3273.99,1016.1527
2025-01-22 18:35:00,3273.99,3278.0,3272.61,3277.07,457.9986
2025-01-22 18:40:00,3277.06,3277.07,3270.75,3271.57,598.7447
2025-01-22 18:45:00,3271.56,3274.12,3268.37,3273.21,637.6643
2025-01-22 18:50:00,3273.21,3274.42,3267.5,3267.5,570.3945
2025-01-22 18:55:00,3267.51,3267.57,3239.4,3249.93,7881.9219
2025-01-22 19:00:00,3249.94,3259.94,3248.3,3252.01,2293.9818
2025-01-22 19:05:00,3252.0,3258.44,3250.28,3257.27,999.3931
2025-01-22 19:10:00,3257.28,3261.96,3257.27,3260.87,1205.5917
2025-01-22 19:15:00,3260.88,3269.3,3259.09,3269.3,1604.0291
2025-01-22 19:20:00,3269.33,3277.66,3267.28,3268.46,2094.1083
2025-01-22 19:25:00,3268.47,3269.62,3264.99,3268.89,848.7819
2025-01-22 19:30:00,3268.89,3273.07,3262.8,3272.55,1592.1731
2025-01-22 19:35:00,3272.54,3275.88,3269.6,3275.65,1464.6524
2025-01-22 19:40:00,3275.65,3280.65,3270.27,3270.69,1487.3507
2025-01-22 19:45:00,3270.69,3275.19,3268.15,3269.84,806.9626
2025-01-22 19:50:00,3269.84,3270.59,3264.92,3266.25,1328.2811
2025-01-22 19:55:00,3266.26,3266.89,3260.0,3261.99,663.4265
2025-01-22 20:00:00,3262.0,3266.19,3261.35,3262.24,984.8738
2025-01-22 20:05:00,3262.23,3270.34,3261.6,3268.15,770.6347
2025-01-22 20:10:00,3268.15,3269.5,3260.33,3265.13,1253.7648
2025-01-22 20:15:00,3265.13,3268.0,3263.08,3265.36,1085.6653
2025-01-22 20:20:00,3265.36,3271.21,3261.43,3268.84,1062.6035
2025-01-22 20:25:00,3268.84,3272.75,3266.42,3271.77,680.3054
2025-01-22 20:30:00,3271.76,3276.4,3266.36,3275.03,716.0225
2025-01-22 20:35:00,3275.03,3276.6,3265.5,3266.0,1021.7683
2025-01-22 20:40:00,3266.0,3269.72,3264.98,3265.0,788.5837
2025-01-22 20:45:00,3265.0,3267.28,3261.34,3262.04,570.6482
2025-01-22 20:50:00,3262.03,3262.98,3253.79,3258.86,1314.3559
2025-01-22 20:55:00,3258.86,3262.59,3254.31,3256.61,1115.0528
2025-01-22 21:00:00,3256.6,3257.54,3241.37,3250.44,2281.2292
2025-01-22 21:05:00,3250.43,3253.85,3241.7,3245.46,1881.2116
2025-01-22 21:10:00,3245.46,3249.8,3243.34,3248.74,1413.6504
2025-01-22 21:15:00,3248.73,3248.74,3243.61,3246.72,651.2419
2025-01-22 21:20:00,3246.71,3252.0,3243.24,3249.28,781.5474
2025-01-22 21:25:00,3249.28,3254.22,3249.0,3253.24,710.9908
2025-01-22 21:30:00,3253.24,3258.73,3253.24,3258.73,580.6311
2025-01-22 21:35:00,3258.73,3261.89,3258.27,3260.67,644.3951
2025-01-22 21:40:00,3260.66,3262.65,3256.61,3258.5,610.393
2025-01-22 21:45:00,3258.49,3258.63,3253.27,3256.55,1259.3185
2025-01-22 21:50:00,3256.56,3264.37,3256.56,3264.03,415.3555
2025-01-22 21:55:00,3264.04,3264.87,3257.59,3259.32,618.1085
2025-01-22 22:00:00,3259.32,3260.0,3255.54,3260.0,590.4025
2025-01-22 22:05:00,3260.0,3263.0,3258.57,3262.29,411.8332
2025-01-22 22:10:00,3262.3,3262.88,3257.65,3257.65,340.2492
2025-01-22 22:15:00,3257.65,3257.66,3243.35,3243.68,1312.8658
2025-01-22 22:20:00,3243.68,3246.76,3241.38,3245.11,806.008
2025-01-22 22:25:00,3245.11,3250.67,3245.11,3250.66,448.4097
2025-01-22 22:30:00,3250.67,3259.5,3250.0,3256.98,861.6719
2025-01-22 22:35:00,3257.0,3266.36,3256.99,3263.84,1115.1559
2025-01-22 22:40:00,3263.85,3264.42,3257.05,3258.82,568.4636
2025-01-22 22:45:00,3258.82,3259.0,3255.64,3255.64,302.7872
2025-01-22 22:50:00,3255.65,3255.65,3250.0,3254.33,536.3046
2025-01-22 22:55:00,3254.33,3254.82,3233.02,3238.89,2515.349
2025-01-22 23:00:00,3238.89,3241.99,3232.0,3238.25,2383.0993
2025-01-22 23:05:00,3238.25,3243.24,3225.25,3227.18,2758.3899
2025-01-22 23:10:00,3227.18,3238.55,3222.85,3237.3,2141.1771
2025-01-22 23:15:00,3237.29,3244.84,3235.38,3240.35,930.383
2025-01-22 23:20:00,3240.34,3242.0,3234.01,3240.69,968.2031
2025-01-22 23:25:00,3240.69,3243.4,3238.6,3241.06,619.1323
2025-01-22 23:30:00,3241.05,3242.2,3237.51,3242.19,1163.6152
2025-01-22 23:35:00,3242.19,3245.65,3239.88,3245.64,550.9616
2025-01-22 23:40:00,3245.64,3246.87,3243.63,3245.33,425.3542
2025-01-22 23:45:00,3245.33,3246.37,3241.7,3242.55,403.1527
2025-01-22 23:50:00,3242.55,3242.82,3238.21,3239.0,656.3957
2025-01-22 23:55:00,3239.01,3243.24,3238.21,3242.6,417.929
2025-01-23 00:00:00,3242.61,3244.15,3238.21,3244.15,1259.5014
2025-01-23 00:05:00,3244.24,3257.06,3244.04,3247.08,1872.9645
2025-01-23 00:10:00,3247.05,3252.75,3245.12,3250.6,813.8393
2025-01-23 00:15:00,3250.6,3251.68,3246.0,3251.2,933.4515
2025-01-23 00:20:00,3251.2,3255.0,3248.0,3254.37,1374.1317
2025-01-23 00:25:00,3254.38,3257.73,3253.09,3255.0,1267.3219
2025-01-23 00:30:00,3255.0,3261.34,3251.0,3259.32,1151.6646
2025-01-23 00:35:00,3259.33,3260.46,3255.7,3257.31,641.0847
2025-01-23 00:40:00,3257.32,3260.0,3248.7,3251.68,694.528
2025-01-23 00:45:00,3251.69,3254.33,3245.26,3248.66,1058.6528
2025-01-23 00:50:00,3248.66,3259.33,3244.52,3257.7,1479.675
2025-01-23 00:55:00,3257.7,3259.77,3253.62,3253.62,720.4759
2025-01-23 01:00:00,3253.62,3258.38,3253.29,3255.01,971.4961
2025-01-23 01:05:00,3255.0,3257.4,3251.31,3251.31,545.687
2025-01-23 01:10:00,3251.31,3251.31,3246.99,3249.51,638.1841
2025-01-23 01:15:00,3249.52,3250.88,3246.25,3246.8,1277.5608
2025-01-23 01:20:00,3246.8,3250.61,3246.36,3248.27,725.1073
2025-01-23 01:25:00,3248.28,3257.18,3248.28,3254.94,623.1136
2025-01-23 01:30:00,3254.94,3256.32,3251.5,3252.3,563.7031
2025-01-23 01:35:00,3252.31,3252.31,3243.35,3244.07,523.4473
2025-01-23 01:40:00,3244.08,3247.76,3244.0,3244.74,1155.6092
2025-01-23 01:45:00,3244.73,3244.74,3229.03,3229.54,3085.2279
2025-01-23 01:50:00,3229.53,3234.96,3220.43,3230.33,3437.1735
2025-01-23 01:55:00,3230.32,3235.88,3228.28,3235.26,1740.2427
2025-01-23 02:00:00,3235.27,3237.38,3225.0,3230.09,1580.0636
2025-01-23 02:05:00,3230.09,3233.41,3218.33,3221.33,2654.607
2025-01-23 02:10:00,3221.35,3224.72,3216.5,3220.32,1803.4207
2025-01-23 02:15:00,3220.39,3221.65,3207.22,3207.7,5125.8137
2025-01-23 02:20:00,3207.7,3225.12,3204.18,3223.82,3914.9174
2025-01-23 02:25:00,3223.83,3226.09,3223.0,3224.79,1290.8226
2025-01-23 02:30:00,3224.79,3226.92,3215.4,3218.26,1779.5338
2025-01-23 02:35:00,3218.26,3220.22,3211.11,3216.38,1807.4287
2025-01-23 02:40:00,3216.38,3222.0,3214.48,3219.58,1461.1983
2025-01-23 02:45:00,3219.58,3223.5,3216.99,3220.8,1533.9634
2025-01-23 02:50:00,3220.8,3221.99,3212.4,3219.67,1066.2318
2025-01-23 02:55:00,3219.67,3226.0,3219.67,3223.13,1051.0666
2025-01-23 03:00:00,3223.13,3228.33,3220.48,3227.52,1284.0312
2025-01-23 03:05:00,3227.53,3235.0,3226.46,3235.0,1177.9305
2025-01-23 03:10:00,3235.0,3235.0,3232.7,3234.63,953.7223
2025-01-23 03:15:00,3234.63,3237.74,3232.48,3237.74,1517.7094
2025-01-23 03:20:00,3237.74,3241.49,3235.2,3239.51,1471.6804
2025-01-23 03:25:00,3239.51,3241.56,3238.71,3241.11,909.9881
2025-01-23 03:30:00,3241.12,3241.24,3238.21,3240.0,645.6637
2025-01-23 03:35:00,3240.01,3243.22,3239.5,3240.07,795.7643
2025-01-23 03:40:00,3240.08,3241.78,3238.84,3239.1,713.5166
2025-01-23 03:45:00,3239.1,3239.11,3226.7,3227.3,981.3886
2025-01-23 03:50:00,3227.3,3227.69,3215.77,3224.14,1767.1798
2025-01-23 03:55:00,3224.15,3228.3,3223.3,3226.92,797.3954
2025-01-23 04:00:00,3227.0,3228.09,3225.0,3225.04,528.5301
2025-01-23 04:05:00,3225.05,3231.72,3223.4,3229.91,1471.5089
2025-01-23 04:10:00,3229.9,3230.09,3222.56,3223.29,441.8601
2025-01-23 04:15:00,3223.29,3224.54,3218.1,3219.91,828.2079
2025-01-23 04:20:00,3219.91,3219.91,3209.74,3211.32,1630.8002
2025-01-23 04:25:00,3211.32,3216.76,3206.32,3208.0,1632.3778
2025-01-23 04:30:00,3208.0,3215.05,3206.5,3213.69,1568.8729
2025-01-23 04:35:00,3213.7,3215.4,3185.0,3189.54,9625.7414
2025-01-23 04:40:00,3189.51,3200.02,3188.71,3200.0,2534.8534
2025-01-23 04:45:00,3200.0,3203.26,3195.0,3200.01,1354.9039
2025-01-23 04:50:00,3200.0,3200.17,3192.26,3197.09,1188.9024
2025-01-23 04:55:00,3197.09,3200.89,3194.53,3197.5,1244.069
2025-01-23 05:00:00,3197.51,3204.81,3196.61,3201.29,1175.529
2025-01-23 05:05:00,3201.29,3210.0,3201.29,3208.5,680.7522
2025-01-23 05:10:00,3208.5,3209.91,3207.0,3209.01,677.3666
2025-01-23 05:15:00,3209.0,3212.26,3204.65,3207.1,1063.259
2025-01-23 05:20:00,3207.1,3211.2,3205.12,3205.6,523.9371
2025-01-23 05:25:00,3205.59,3208.32,3205.21,3208.0,604.889
2025-01-23 05:30:00,3208.0,3212.0,3205.8,3211.58,726.6336
2025-01-23 05:35:00,3211.58,3218.0,3211.0,3215.57,1187.8919
2025-01-23 05:40:00,3215.57,3221.32,3214.8,3219.7,1058.3498
2025-01-23 05:45:00,3219.7,3220.44,3215.0,3219.99,882.4877
2025-01-23 05:50:00,3220.0,3220.0,3216.31,3216.31,507.0007
2025-01-23 05:55:00,3216.32,3217.4,3214.08,3215.0,546.6793
2025-01-23 06:00:00,3215.0,3217.1,3212.0,3214.88,753.4414
2025-01-23 06:05:00,3214.89,3215.99,3210.06,3215.98,517.2795
2025-01-23 06:10:00,3215.98,3221.99,3215.71,3220.59,889.1042
2025-01-23 06:15:00,3220.59,3220.6,3213.65,3214.95,479.7404
2025-01-23 06:20:00,3214.96,3220.47,3214.5,3220.46,311.7075
2025-01-23 06:25:00,3220.47,3225.1,3219.44,3224.32,828.7928
2025-01-23 06:30:00,3224.31,3225.28,3219.01,3220.45,824.6743
2025-01-23 06:35:00,3220.45,3220.45,3216.89,3216.99,679.8291
2025-01-23 06:40:00,3216.98,3216.99,3212.64,3213.6,1263.1262
2025-01-23 06:45:00,3213.6,3217.09,3209.88,3210.73,1003.8415
2025-01-23 06:50:00,3210.73,3213.36,3204.81,3205.0,667.8789
2025-01-23 06:55:00,3205.0,3208.68,3205.0,3208.1,733.9661
2025-01-23 07:00:00,3208.11,3210.2,3202.33,3205.47,758.9195
2025-01-23 07:05:00,3205.48,3206.04,3199.0,3204.34,1106.8902
2025-01-23 07:10:00,3204.34,3214.71,3204.34,3211.07,884.7677
2025-01-23 07:15:00,3211.07,3214.72,3210.5,3214.01,659.8809
2025-01-23 07:20:00,3214.0,3217.99,3213.23,3215.01,1410.1589
2025-01-23 07:25:00,3215.01,3215.81,3211.2,3214.99,998.4523
2025-01-23 07:30:00,3214.99,3219.71,3207.88,3219.71,1016.3407
2025-01-23 07:35:00,3219.71,3227.45,3219.0,3225.98,2294.1963
2025-01-23 07:40:00,3225.93,3225.93,3221.33,3223.19,824.0627
2025-01-23 07:45:00,3223.19,3232.0,3223.19,3230.04,1260.8916
2025-01-23 07:50:00,3230.04,3233.16,3228.79,3229.1,770.613
2025-01-23 07:55:00,3229.11,3234.0,3228.67,3233.48,1250.5055
2025-01-23 08:00:00,3233.48,3233.65,3228.5,3232.01,1535.673
2025-01-23 08:05:00,3232.0,3232.01,3227.34,3229.08,1153.2418
2025-01-23 08:10:00,3229.07,3229.99,3225.7,3227.74,720.2755
2025-01-23 08:15:00,3227.74,3231.92,3226.54,3227.69,616.6046
2025-01-23 08:20:00,3227.7,3228.16,3219.22,3222.02,656.2482
2025-01-23 08:25:00,3222.03,3223.6,3220.18,3222.09,348.2941
2025-01-23 08:30:00,3222.08,3225.39,3216.83,3219.01,546.0631
2025-01-23 08:35:00,3219.0,3224.45,3218.37,3223.77,1357.2268
2025-01-23 08:40:00,3223.77,3225.0,3218.23,3219.57,891.9162
2025-01-23 08:45:00,3219.57,3221.08,3211.0,3214.01,1545.4683
2025-01-23 08:50:00,3214.0,3215.0,3208.63,3211.41,824.6542
2025-01-23 08:55:00,3211.41,3214.38,3210.05,3210.05,600.229
2025-01-23 09:00:00,3210.06,3218.12,3209.52,3217.1,503.5233
2025-01-23 09:05:00,3217.09,3221.37,3213.9,3214.04,524.2901
2025-01-23 09:10:00,3214.03,3221.76,3214.03,3220.03,718.9779
2025-01-23 09:15:00,3220.02,3221.69,3216.07,3219.48,612.9824
2025-01-23 09:20:00,3219.48,3220.75,3217.0,3217.0,1220.4392
2025-01-23 09:25:00,3216.98,3216.98,3213.54,3216.36,1165.9632
2025-01-23 09:30:00,3216.37,3216.76,3205.2,3205.29,1387.9375
2025-01-23 09:35:00,3205.29,3209.94,3202.55,3207.77,1397.0591
2025-01-23 09:40:00,3207.77,3212.07,3205.05,3205.38,792.1168
2025-01-23 09:45:00,3205.38,3209.81,3201.23,3202.79,1474.0234
2025-01-23 09:50:00,3202.78,3202.79,3192.09,3192.45,1887.6316
2025-01-23 09:55:00,3192.45,3198.11,3192.45,3197.01,868.1066
2025-01-23 10:00:00,3197.01,3203.34,3193.8,3194.09,2194.26
2025-01-23 10:05:00,3194.13,3201.0,3194.13,3197.58,1395.5119
2025-01-23 10:10:00,3197.58,3202.33,3195.0,3202.33,622.0179
2025-01-23 10:15:00,3202.32,3207.65,3201.02,3201.69,1289.6669
2025-01-23 10:20:00,3201.7,3213.37,3201.58,3210.0,875.9532
2025-01-23 10:25:00,3210.01,3211.51,3208.75,3210.01,675.1476
2025-01-23 10:30:00,3210.02,3212.5,3205.18,3206.11,1150.959
2025-01-23 10:35:00,3206.11,3206.67,3198.0,3200.57,909.436
2025-01-23 10:40:00,3200.64,3201.24,3188.94,3191.47,2209.7688
2025-01-23 10:45:00,3191.47,3198.56,3188.89,3197.04,1357.0713
2025-01-23 10:50:00,3197.04,3200.76,3193.59,3200.76,1707.7579
2025-01-23 10:55:00,3200.76,3204.0,3197.43,3203.99,1108.343
2025-01-23 11:00:00,3204.0,3208.01,3203.13,3206.72,2211.0545
2025-01-23 11:05:00,3206.72,3206.73,3195.35,3197.59,994.4203
2025-01-23 11:10:00,3197.6,3206.43,3196.77,3206.32,712.3958
2025-01-23 11:15:00,3206.31,3207.74,3198.1,3202.33,4416.7378
2025-01-23 11:20:00,3202.34,3209.5,3202.02,3209.5,735.4025
2025-01-23 11:25:00,3209.49,3210.5,3206.65,3207.76,788.0746
2025-01-23 11:30:00,3207.75,3216.75,3207.7,3214.42,2148.8995
2025-01-23 11:35:00,3214.42,3215.75,3210.76,3213.08,1400.9575
2025-01-23 11:40:00,3213.08,3215.18,3208.71,3212.11,518.9211
2025-01-23 11:45:00,3212.12,3213.34,3208.88,3209.07,419.0887
2025-01-23 11:50:00,3209.07,3210.84,3208.04,3210.84,489.5921
2025-01-23 11:55:00,3210.84,3214.73,3210.5,3213.08,634.3201
2025-01-23 12:00:00,3213.08,3214.63,3205.0,3209.17,2040.5498
2025-01-23 12:05:00,3209.17,3218.18,3209.16,3212.37,2043.8885
2025-01-23 12:10:00,3212.37,3212.87,3199.53,3201.24,1748.5022
2025-01-23 12:15:00,3201.25,3203.2,3192.15,3194.03,2775.2617
2025-01-23 12:20:00,3194.03,3196.5,3189.69,3193.76,2604.8589
2025-01-23 12:25:00,3193.76,3202.68,3193.74,3202.6,1450.3816
2025-01-23 12:30:00,3202.55,3212.0,3199.66,3212.0,1857.5571
2025-01-23 12:35:00,3212.0,3214.86,3206.94,3209.22,2592.9898
2025-01-23 12:40:00,3209.22,3209.5,3201.54,3204.93,1275.0187
2025-01-23 12:45:00,3204.93,3206.76,3200.59,3206.76,1436.169
2025-01-23 12:50:00,3206.77,3209.53,3205.25,3208.59,814.1782
2025-01-23 12:55:00,3208.59,3208.59,3202.93,3203.75,1476.9131
2025-01-23 13:00:00,3203.75,3214.11,3203.02,3211.37,1356.911
2025-01-23 13:05:00,3211.37,3215.88,3208.59,3210.93,1320.6809
2025-01-23 13:10:00,3210.93,3212.96,3205.3,3210.8,1465.5597
2025-01-23 13:15:00,3210.81,3211.52,3202.01,3203.99,1976.2856
2025-01-23 13:20:00,3203.99,3208.76,3203.02,3206.04,1358.4665
2025-01-23 13:25:00,3206.03,3211.07,3205.02,3208.22,855.1059
2025-01-23 13:30:00,3208.23,3225.28,3207.52,3220.1,3320.364
2025-01-23 13:35:00,3220.1,3232.6,3219.2,3231.45,2163.2543
2025-01-23 13:40:00,3231.45,3236.84,3229.5,3229.51,2911.4797
2025-01-23 13:45:00,3229.5,3240.86,3228.6,3235.81,1589.6599
2025-01-23 13:50:00,3235.82,3238.87,3229.28,3233.01,2333.23
2025-01-23 13:55:00,3233.0,3243.0,3231.79,3233.99,4969.2249
2025-01-23 14:00:00,3233.99,3235.65,3227.56,3229.17,2595.1394
2025-01-23 14:05:00,3229.17,3238.15,3229.17,3231.2,1460.6564
2025-01-23 14:10:00,3231.2,3232.44,3228.23,3232.44,1108.1764
2025-01-23 14:15:00,3232.43,3232.98,3222.66,3225.9,856.0715
2025-01-23 14:20:00,3225.9,3237.0,3224.53,3236.45,3132.6918
2025-01-23 14:25:00,3236.45,3237.43,3232.87,3234.58,1455.1766
2025-01-23 14:30:00,3234.57,3261.11,3231.56,3259.6,10048.7326
2025-01-23 14:35:00,3259.62,3272.99,3257.25,3266.47,8313.6548
2025-01-23 14:40:00,3266.47,3274.03,3258.71,3269.3,5315.2448
2025-01-23 14:45:00,3269.29,3286.0,3268.75,3283.51,7131.6709
2025-01-23 14:50:00,3283.52,3286.72,3267.76,3268.35,5585.7523
2025-01-23 14:55:00,3268.36,3276.27,3257.99,3275.55,6031.3442
2025-01-23 15:00:00,3275.55,3281.94,3265.51,3281.5,4016.1042
2025-01-23 15:05:00,3281.5,3282.0,3241.44,3248.58,13488.7532
2025-01-23 15:10:00,3248.57,3252.16,3231.0,3243.5,10262.4151
2025-01-23 15:15:00,3243.5,3246.98,3225.68,3230.5,5052.7257
2025-01-23 15:20:00,3230.51,3249.84,3226.08,3239.68,9064.3275
2025-01-23 15:25:00,3239.68,3241.89,3231.27,3234.88,3009.3299
2025-01-23 15:30:00,3234.87,3246.66,3233.88,3246.21,3939.745
2025-01-23 15:35:00,3246.21,3257.0,3245.37,3250.77,3032.1943
2025-01-23 15:40:00,3250.77,3257.66,3243.51,3256.79,2503.3488
2025-01-23 15:45:00,3256.79,3266.09,3252.72,3260.78,3233.3898
2025-01-23 15:50:00,3260.78,3264.34,3250.08,3254.1,2215.5179
2025-01-23 15:55:00,3254.09,3259.33,3251.28,3259.33,1711.1077
2025-01-23 16:00:00,3259.33,3270.3,3256.42,3269.99,2982.0289
2025-01-23 16:05:00,3269.98,3278.57,3266.93,3276.4,2526.8014
2025-01-23 16:10:00,3276.4,3289.68,3276.11,3286.72,6673.7186
2025-01-23 16:15:00,3286.72,3297.49,3274.69,3275.38,4925.0542
2025-01-23 16:20:00,3275.38,3279.34,3266.98,3274.16,3901.3041
2025-01-23 16:25:00,3274.16,3276.32,3266.34,3275.85,2001.0691
2025-01-23 16:30:00,3275.86,3282.86,3274.75,3277.87,1547.7726
2025-01-23 16:35:00,3277.87,3279.56,3267.59,3274.72,1095.9518
2025-01-23 16:40:00,3274.73,3278.27,3268.5,3278.1,1007.9152
2025-01-23 16:45:00,3278.1,3283.44,3271.81,3272.86,2319.2387
2025-01-23 16:50:00,3272.85,3273.17,3252.92,3257.29,3098.5711
2025-01-23 16:55:00,3257.32,3260.8,3252.5,3254.72,1432.0551
2025-01-23 17:00:00,3254.72,3254.72,3230.74,3238.82,5316.0911
2025-01-23 17:05:00,3238.83,3240.65,3231.24,3234.92,2491.6162
2025-01-23 17:10:00,3234.92,3243.57,3232.45,3241.41,922.7098
2025-01-23 17:15:00,3241.41,3246.15,3238.61,3243.46,829.1128
2025-01-23 17:20:00,3243.47,3247.37,3237.45,3242.15,1020.1155
2025-01-23 17:25:00,3242.15,3249.72,3240.34,3248.48,820.7635
2025-01-23 17:30:00,3248.48,3254.83,3244.29,3250.0,1114.6708
2025-01-23 17:35:00,3250.01,3254.99,3248.0,3249.27,867.194
2025-01-23 17:40:00,3249.27,3255.89,3249.0,3255.35,410.445
2025-01-23 17:45:00,3255.36,3264.7,3255.34,3262.87,1934.4237
2025-01-23 17:50:00,3262.88,3272.0,3262.29,3263.37,2520.2715
2025-01-23 17:55:00,3263.37,3265.97,3261.55,3265.85,543.7884
2025-01-23 18:00:00,3265.85,3269.58,3263.91,3269.57,695.131
2025-01-23 18:05:00,3269.58,3270.28,3252.76,3255.23,858.1714
2025-01-23 18:10:00,3255.24,3256.85,3250.7,3253.05,666.2635
2025-01-23 18:15:00,3253.05,3257.16,3248.0,3250.0,948.6626
2025-01-23 18:20:00,3250.0,3258.56,3243.61,3258.07,986.4087
2025-01-23 18:25:00,3258.08,3260.6,3255.25,3258.8,1133.7212
2025-01-23 18:30:00,3258.8,3261.95,3256.09,3256.29,504.051
2025-01-23 18:35:00,3256.3,3257.84,3252.72,3254.19,372.4307
2025-01-23 18:40:00,3254.2,3254.2,3240.36,3240.36,1213.4525
2025-01-23 18:45:00,3240.36,3246.76,3238.55,3241.18,1239.5491
2025-01-23 18:50:00,3241.19,3241.89,3237.01,3239.31,1087.2754
2025-01-23 18:55:00,3239.31,3244.69,3235.29,3241.09,1244.7628
2025-01-23 19:00:00,3241.09,3246.88,3235.29,3235.83,831.5158
2025-01-23 19:05:00,3235.83,3236.71,3227.15,3234.19,1986.6845
2025-01-23 19:10:00,3234.18,3236.63,3229.53,3231.19,791.5677
2025-01-23 19:15:00,3231.19,3233.05,3208.49,3209.66,3525.727
2025-01-23 19:20:00,3209.66,3216.37,3206.66,3211.32,2702.0096
2025-01-23 19:25:00,3211.33,3221.5,3210.65,3214.26,1717.3916
2025-01-23 19:30:00,3214.26,3220.15,3207.65,3219.31,2242.3105
2025-01-23 19:35:00,3219.32,3225.75,3217.0,3225.36,690.9618
2025-01-23 19:40:00,3225.37,3227.27,3222.64,3226.33,573.3334
2025-01-23 19:45:00,3226.33,3226.34,3205.36,3206.5,1403.5368
2025-01-23 19:50:00,3206.49,3207.7,3195.0,3195.22,4067.0075
2025-01-23 19:55:00,3195.22,3207.37,3195.0,3204.98,2344.5686
2025-01-23 20:00:00,3204.98,3210.58,3197.68,3209.92,1787.0424
2025-01-23 20:05:00,3209.92,3215.89,3209.92,3213.29,695.6166
2025-01-23 20:10:00,3213.28,3238.39,3196.25,3224.47,11240.3452
2025-01-23 20:15:00,3224.55,3236.24,3209.33,3236.07,8955.6043
2025-01-23 20:20:00,3236.02,3281.92,3235.69,3281.21,14176.8812
2025-01-23 20:25:00,3281.22,3295.47,3274.23,3283.05,12076.3772
2025-01-23 20:30:00,3283.04,3283.04,3255.54,3279.88,7806.8736
2025-01-23 20:35:00,3279.88,3280.36,3266.0,3272.11,3567.6124
2025-01-23 20:40:00,3272.11,3282.6,3262.08,3274.45,5508.2993
2025-01-23 20:45:00,3274.45,3293.17,3267.45,3281.72,5694.6182
2025-01-23 20:50:00,3281.73,3293.24,3246.7,3250.98,9162.8258
2025-01-23 20:55:00,3250.98,3255.39,3225.56,3247.18,6422.8455
2025-01-23 21:00:00,3247.17,3255.72,3235.71,3240.5,3601.0216
2025-01-23 21:05:00,3240.5,3245.9,3224.9,3240.15,3039.7823
2025-01-23 21:10:00,3240.16,3246.74,3231.5,3232.17,1332.6061
2025-01-23 21:15:00,3232.27,3232.48,3213.93,3226.27,3536.6869
2025-01-23 21:20:00,3226.28,3247.1,3219.4,3244.63,2711.8538
2025-01-23 21:25:00,3244.62,3252.44,3236.05,3236.38,2225.751
2025-01-23 21:30:00,3236.38,3242.55,3225.13,3242.23,2766.163
2025-01-23 21:35:00,3242.21,3245.49,3239.21,3244.35,1497.1062
2025-01-23 21:40:00,3244.35,3255.86,3244.34,3248.47,1999.2682
2025-01-23 21:45:00,3248.47,3253.28,3239.5,3239.51,1669.6316
2025-01-23 21:50:00,3239.51,3242.99,3230.0,3240.08,1443.1679
2025-01-23 21:55:00,3240.07,3252.46,3237.81,3248.56,858.8325
2025-01-23 22:00:00,3248.56,3261.28,3246.25,3260.49,1594.0585
2025-01-23 22:05:00,3260.49,3265.23,3254.65,3261.02,3458.8833
2025-01-23 22:10:00,3261.02,3271.0,3257.52,3269.24,2400.7788
2025-01-23 22:15:00,3269.13,3276.83,3261.02,3274.88,3204.146
2025-01-23 22:20:00,3274.89,3295.0,3273.9,3295.0,5040.8927
2025-01-23 22:25:00,3294.99,3298.0,3285.07,3292.09,4566.8375
2025-01-23 22:30:00,3292.08,3311.4,3292.08,3303.23,6187.1864
2025-01-23 22:35:00,3303.23,3315.0,3298.71,3312.08,3765.4323
2025-01-23 22:40:00,3312.07,3318.9,3302.66,3311.03,3101.9503
2025-01-23 22:45:00,3311.03,3313.13,3299.5,3305.6,1744.1544
2025-01-23 22:50:00,3305.61,3309.47,3305.48,3307.3,1298.1366
2025-01-23 22:55:00,3307.27,3323.49,3303.97,3322.36,3011.5285
2025-01-23 23:00:00,3322.36,3332.31,3312.0,3319.99,3465.7816
2025-01-23 23:05:00,3320.0,3325.86,3315.02,3318.3,1940.3058
2025-01-23 23:10:00,3318.31,3323.0,3315.1,3317.15,1266.9138
2025-01-23 23:15:00,3317.14,3331.47,3317.14,3330.3,2135.1265
2025-01-23 23:20:00,3330.29,3344.0,3330.29,3343.69,6059.2351
2025-01-23 23:25:00,3343.69,3345.0,3333.78,3336.36,1991.6939
2025-01-23 23:30:00,3336.36,3336.5,3330.26,3335.19,1536.288
2025-01-23 23:35:00,3335.19,3344.22,3334.91,3338.7,2525.8272
2025-01-23 23:40:00,3338.69,3347.97,3334.4,3338.09,1668.0581
2025-01-23 23:45:00,3338.1,3338.54,3327.95,3328.7,1545.3998
2025-01-23 23:50:00,3328.7,3334.94,3328.0,3332.7,1456.2658
2025-01-23 23:55:00,3332.7,3342.89,3331.86,3338.21,1594.0384
2025-01-24 00:00:00,3338.22,3349.6,3333.68,3334.36,3912.8457
2025-01-24 00:05:00,3334.37,3337.0,3329.2,3335.29,1617.6989
2025-01-24 00:10:00,3335.29,3340.0,3329.67,3329.67,1359.9132
2025-01-24 00:15:00,3329.61,3334.6,3319.0,3319.08,2233.6539
2025-01-24 00:20:00,3319.08,3325.41,3318.56,3321.61,1505.0108
2025-01-24 00:25:00,3321.61,3322.14,3313.61,3314.23,1393.0734
2025-01-24 00:30:00,3314.23,3316.29,3307.76,3310.16,2011.3189
2025-01-24 00:35:00,3310.15,3310.84,3303.07,3307.33,1347.647
2025-01-24 00:40:00,3307.33,3307.54,3295.6,3296.23,1548.8962
2025-01-24 00:45:00,3296.24,3305.6,3296.11,3296.21,1937.488
2025-01-24 00:50:00,3296.22,3298.3,3287.79,3289.95,1791.1603
2025-01-24 00:55:00,3289.95,3290.5,3284.6,3285.42,3050.4771
2025-01-24 01:00:00,3285.42,3302.2,3284.27,3300.65,2730.375
2025-01-24 01:05:00,3300.66,3305.04,3295.0,3302.63,1266.6229
2025-01-24 01:10:00,3302.63,3304.45,3298.12,3301.38,1054.5541
2025-01-24 01:15:00,3301.39,3305.0,3293.0,3305.0,1601.5822
2025-01-24 01:20:00,3305.0,3315.87,3304.51,3309.01,1870.6773
2025-01-24 01:25:00,3309.0,3319.43,3306.5,3318.81,1110.0164
2025-01-24 01:30:00,3318.8,3323.87,3314.8,3319.7,2101.0019
2025-01-24 01:35:00,3319.7,3325.97,3313.11,3313.99,1504.0149
2025-01-24 01:40:00,3314.0,3317.43,3306.8,3309.4,1314.6356
2025-01-24 01:45:00,3309.39,3311.49,3303.0,3303.33,1250.2849
2025-01-24 01:50:00,3303.34,3305.8,3288.36,3288.59,1808.751
2025-01-24 01:55:00,3288.58,3299.1,3285.66,3298.49,3042.8832
2025-01-24 02:00:00,3298.49,3301.63,3289.06,3293.6,1177.9867
2025-01-24 02:05:00,3293.61,3306.19,3291.67,3301.89,1537.4712
2025-01-24 02:10:00,3301.88,3307.26,3296.95,3306.81,998.4332
2025-01-24 02:15:00,3306.81,3313.9,3306.72,3309.61,1005.3795
2025-01-24 02:20:00,3309.6,3309.78,3301.93,3305.99,825.7572
2025-01-24 02:25:00,3305.99,3307.62,3303.03,3307.0,531.9142
2025-01-24 02:30:00,3306.99,3312.32,3302.56,3308.24,1256.9814
2025-01-24 02:35:00,3308.24,3310.0,3304.78,3309.83,724.5636
2025-01-24 02:40:00,3309.83,3310.62,3302.91,3304.11,659.3795
2025-01-24 02:45:00,3304.11,3304.29,3280.24,3287.15,2765.6333
2025-01-24 02:50:00,3287.15,3297.0,3285.6,3285.6,1165.2124
2025-01-24 02:55:00,3285.6,3288.4,3283.51,3285.41,810.2521
2025-01-24 03:00:00,3285.41,3306.32,3285.41,3297.54,2063.3698
2025-01-24 03:05:00,3297.52,3300.0,3290.62,3294.94,778.4319
2025-01-24 03:10:00,3294.94,3294.94,3288.0,3290.19,1044.1733
2025-01-24 03:15:00,3290.18,3292.49,3284.6,3288.0,986.7417
2025-01-24 03:20:00,3288.01,3289.15,3277.0,3277.01,1384.0097
2025-01-24 03:25:00,3277.01,3307.33,3275.9,3298.51,4186.715
2025-01-24 03:30:00,3298.51,3308.71,3298.09,3303.93,3187.0017
2025-01-24 03:35:00,3303.93,3311.5,3296.44,3309.94,2604.895
2025-01-24 03:40:00,3309.94,3313.13,3303.35,3310.01,1251.5323
2025-01-24 03:45:00,3310.01,3311.35,3302.0,3304.81,1508.1562
2025-01-24 03:50:00,3304.8,3310.5,3302.45,3305.52,1705.075
2025-01-24 03:55:00,3305.52,3305.52,3298.69,3302.26,1296.8382
2025-01-24 04:00:00,3302.26,3302.26,3294.0,3294.34,781.4073
2025-01-24 04:05:00,3294.34,3305.44,3292.23,3304.9,646.295
2025-01-24 04:10:00,3304.91,3309.0,3304.59,3305.78,872.408
2025-01-24 04:15:00,3305.77,3310.5,3304.2,3306.25,1164.8457
2025-01-24 04:20:00,3306.25,3306.25,3298.22,3299.4,725.7323
2025-01-24 04:25:00,3299.41,3304.44,3297.7,3303.51,706.163
2025-01-24 04:30:00,3303.5,3309.18,3300.3,3308.08,752.7956
2025-01-24 04:35:00,3308.09,3319.67,3308.08,3318.21,1559.5916
2025-01-24 04:40:00,3318.22,3325.0,3318.22,3323.62,2073.1386
2025-01-24 04:45:00,3323.62,3339.0,3323.62,3329.32,4441.2582
2025-01-24 04:50:00,3329.32,3331.98,3323.7,3324.61,1178.5423
2025-01-24 04:55:00,3324.6,3340.4,3324.17,3333.4,2412.1208
2025-01-24 05:00:00,3333.4,3338.0,3329.3,3334.59,2011.4893
2025-01-24 05:05:00,3334.6,3352.0,3332.81,3352.0,4320.4409
2025-01-24 05:10:00,3352.0,3374.0,3352.0,3362.94,6728.6955
2025-01-24 05:15:00,3362.94,3375.59,3358.0,3369.91,3847.4866
2025-01-24 05:20:00,3369.9,3373.0,3363.73,3366.59,3215.9045
2025-01-24 05:25:00,3366.59,3371.6,3363.02,3367.5,1154.3887
2025-01-24 05:30:00,3367.5,3372.99,3364.14,3372.99,1386.3088
2025-01-24 05:35:00,3372.99,3378.81,3370.64,3370.89,1878.7524
2025-01-24 05:40:00,3370.9,3378.96,3370.78,3378.75,3203.2022
2025-01-24 05:45:00,3378.75,3383.59,3374.24,3379.86,2327.5857
2025-01-24 05:50:00,3379.86,3391.74,3379.63,3391.22,4721.1735
2025-01-24 05:55:00,3391.21,3409.99,3390.82,3409.96,6257.079
2025-01-24 06:00:00,3409.97,3421.0,3398.33,3405.03,7360.758
2025-01-24 06:05:00,3405.03,3406.44,3397.45,3403.91,3648.8961
2025-01-24 06:10:00,3403.91,3410.0,3396.26,3398.24,3470.6492
2025-01-24 06:15:00,3398.25,3403.92,3388.0,3392.35,3470.6606
2025-01-24 06:20:00,3392.32,3403.44,3392.31,3400.12,2317.0679
2025-01-24 06:25:00,3400.13,3400.76,3391.72,3396.8,1856.0925
2025-01-24 06:30:00,3396.8,3405.0,3391.33,3392.79,2588.5309
2025-01-24 06:35:00,3392.8,3392.99,3381.46,3382.61,3394.0995
2025-01-24 06:40:00,3382.61,3386.54,3378.0,3384.2,2614.7348
2025-01-24 06:45:00,3384.2,3395.66,3384.0,3395.66,1939.2688
2025-01-24 06:50:00,3395.66,3396.6,3390.97,3392.09,1464.0037
2025-01-24 06:55:00,3392.09,3392.37,3386.4,3386.4,1274.429
2025-01-24 07:00:00,3386.41,3400.0,3386.31,3397.72,2382.4153
2025-01-24 07:05:00,3397.72,3401.0,3392.5,3392.51,1751.3537
2025-01-24 07:10:00,3392.51,3397.68,3388.06,3389.24,1275.7733
2025-01-24 07:15:00,3389.24,3400.0,3389.12,3397.3,1153.6599
2025-01-24 07:20:00,3397.31,3398.18,3391.3,3391.97,1133.7307
2025-01-24 07:25:00,3391.97,3391.98,3386.0,3388.32,1277.987
2025-01-24 07:30:00,3388.31,3390.6,3378.97,3381.87,1357.3659
2025-01-24 07:35:00,3381.88,3387.15,3379.83,3380.47,1551.4846
2025-01-24 07:40:00,3380.48,3380.48,3372.33,3375.83,1745.5579
2025-01-24 07:45:00,3375.83,3385.0,3374.85,3381.81,1527.9468
2025-01-24 07:50:00,3381.81,3387.99,3381.64,3386.11,1464.6664
2025-01-24 07:55:00,3386.11,3389.01,3378.91,3380.8,647.1703
2025-01-24 08:00:00,3380.79,3387.76,3379.68,3379.68,1438.8051
2025-01-24 08:05:00,3379.68,3388.17,3374.68,3385.86,1059.0847
2025-01-24 08:10:00,3385.85,3394.95,3384.67,3392.1,1374.0503
2025-01-24 08:15:00,3392.1,3399.33,3390.87,3397.91,1429.0908
2025-01-24 08:20:00,3397.91,3403.44,3395.0,3398.5,1876.9908
2025-01-24 08:25:00,3398.49,3408.48,3398.49,3408.0,2775.0852
2025-01-24 08:30:00,3408.0,3409.5,3402.33,3406.13,3209.3304
2025-01-24 08:35:00,3406.13,3416.5,3406.12,3409.02,2520.4284
2025-01-24 08:40:00,3409.01,3415.12,3397.1,3401.6,2845.9612
2025-01-24 08:45:00,3401.61,3402.41,3396.0,3397.46,1495.321
2025-01-24 08:50:00,3397.47,3400.3,3396.79,3399.71,1546.1491
2025-01-24 08:55:00,3399.71,3403.47,3399.7,3401.3,1150.6144
2025-01-24 09:00:00,3401.29,3405.0,3397.7,3403.58,1191.6054
2025-01-24 09:05:00,3403.58,3409.89,3403.2,3404.8,948.1501
2025-01-24 09:10:00,3404.8,3408.8,3401.96,3403.66,644.0761
2025-01-24 09:15:00,3403.66,3407.91,3402.34,3405.44,705.1438
2025-01-24 09:20:00,3405.45,3413.0,3405.45,3409.2,1063.1943
2025-01-24 09:25:00,3409.2,3409.3,3401.41,3401.71,724.7008
2025-01-24 09:30:00,3401.7,3402.44,3393.82,3395.58,975.4098
2025-01-24 09:35:00,3395.58,3400.75,3394.8,3396.58,1150.6383
2025-01-24 09:40:00,3396.58,3401.27,3394.3,3401.19,899.9241
2025-01-24 09:45:00,3401.18,3401.19,3393.56,3395.68,938.4471
2025-01-24 09:50:00,3395.68,3396.37,3391.68,3394.61,784.3907
2025-01-24 09:55:00,3394.6,3404.0,3393.42,3401.39,951.6741
2025-01-24 10:00:00,3401.38,3405.99,3395.87,3395.87,1244.9655
2025-01-24 10:05:00,3395.87,3401.57,3392.0,3400.7,927.1034
2025-01-24 10:10:00,3400.73,3403.16,3395.54,3395.54,904.8382
2025-01-24 10:15:00,3395.55,3399.75,3393.01,3393.02,886.9309
2025-01-24 10:20:00,3393.01,3394.39,3390.74,3391.58,607.381
2025-01-24 10:25:00,3391.58,3396.78,3391.45,3395.64,825.669
2025-01-24 10:30:00,3395.63,3401.0,3392.54,3400.91,1537.3594
2025-01-24 10:35:00,3400.91,3404.51,3398.84,3404.0,1138.3041
2025-01-24 10:40:00,3404.0,3408.9,3402.0,3406.78,1273.743
2025-01-24 10:45:00,3406.79,3407.4,3400.0,3400.8,1851.3947
2025-01-24 10:50:00,3400.81,3407.8,3400.81,3407.79,1025.2214
2025-01-24 10:55:00,3407.8,3415.0,3407.79,3413.4,1327.1299
2025-01-24 11:00:00,3413.39,3414.66,3409.64,3411.55,743.7497
2025-01-24 11:05:00,3411.55,3411.56,3405.52,3406.05,720.8748
2025-01-24 11:10:00,3406.06,3406.52,3403.9,3405.68,689.7539
2025-01-24 11:15:00,3405.67,3410.0,3405.1,3407.26,808.7632
2025-01-24 11:20:00,3407.26,3408.41,3402.7,3402.72,1109.5541
2025-01-24 11:25:00,3402.72,3405.41,3401.5,3403.77,475.8694
2025-01-24 11:30:00,3403.76,3404.84,3400.44,3401.61,1106.068
2025-01-24 11:35:00,3401.61,3402.6,3398.49,3400.56,627.0424
2025-01-24 11:40:00,3400.55,3401.65,3399.13,3401.61,457.6409
2025-01-24 11:45:00,3401.6,3403.84,3392.39,3394.91,1191.1566
2025-01-24 11:50:00,3394.91,3402.71,3394.91,3400.01,1106.2883
2025-01-24 11:55:00,3400.01,3401.87,3398.14,3399.22,799.752
2025-01-24 12:00:00,3399.21,3402.71,3396.59,3397.7,881.6783
2025-01-24 12:05:00,3397.68,3398.31,3391.35,3391.99,1146.0811
2025-01-24 12:10:00,3392.0,3396.66,3391.99,3395.57,1595.1902
2025-01-24 12:15:00,3395.57,3397.99,3394.94,3397.98,565.8602
2025-01-24 12:20:00,3397.98,3398.57,3392.01,3392.01,585.9568
2025-01-24 12:25:00,3392.02,3394.75,3386.67,3387.2,1027.4024
2025-01-24 12:30:00,3387.2,3391.52,3387.02,3389.13,1350.1748
2025-01-24 12:35:00,3389.14,3391.36,3388.17,3389.8,1328.6351
2025-01-24 12:40:00,3389.79,3394.58,3389.61,3394.58,742.421
2025-01-24 12:45:00,3394.58,3397.5,3394.58,3396.41,401.7298
2025-01-24 12:50:00,3396.41,3399.7,3393.6,3399.61,701.8986
2025-01-24 12:55:00,3399.61,3405.0,3399.6,3404.0,1063.7439
2025-01-24 13:00:00,3404.0,3428.0,3403.7,3421.39,5507.9282
2025-01-24 13:05:00,3421.4,3421.4,3404.12,3404.99,2697.8693
2025-01-24 13:10:00,3404.98,3406.49,3396.6,3405.71,2098.4357
2025-01-24 13:15:00,3405.7,3407.6,3398.91,3400.1,1959.93
2025-01-24 13:20:00,3400.1,3400.21,3395.13,3398.46,945.0596
2025-01-24 13:25:00,3398.46,3403.34,3397.76,3402.36,913.4527
2025-01-24 13:30:00,3402.35,3403.06,3397.25,3397.6,2146.8113
2025-01-24 13:35:00,3397.6,3401.0,3395.13,3395.84,632.1409
2025-01-24 13:40:00,3395.84,3397.28,3392.61,3395.83,1408.7719
2025-01-24 13:45:00,3395.82,3400.0,3392.45,3397.9,1337.0789
2025-01-24 13:50:00,3397.9,3401.75,3392.0,3393.46,1642.9059
2025-01-24 13:55:00,3393.45,3396.57,3391.16,3394.99,985.7761
2025-01-24 14:00:00,3395.0,3398.92,3392.47,3397.26,839.411
2025-01-24 14:05:00,3397.25,3397.25,3383.34,3389.79,2402.7268
2025-01-24 14:10:00,3389.8,3391.0,3386.53,3387.49,1030.224
2025-01-24 14:15:00,3387.49,3393.89,3387.49,3393.51,963.0012
2025-01-24 14:20:00,3393.52,3395.41,3390.8,3395.4,447.3657
2025-01-24 14:25:00,3395.4,3401.9,3395.4,3400.78,703.6241
2025-01-24 14:30:00,3400.77,3401.35,3378.56,3387.64,4725.4492
2025-01-24 14:35:00,3387.66,3406.14,3387.56,3405.43,2468.9554
2025-01-24 14:40:00,3405.4,3422.01,3402.06,3418.95,3531.2809
2025-01-24 14:45:00,3418.95,3422.7,3405.74,3408.09,3116.9013
2025-01-24 14:50:00,3408.09,3411.0,3395.33,3399.2,2474.3664
2025-01-24 14:55:00,3399.19,3405.68,3398.0,3399.66,1189.6851
2025-01-24 15:00:00,3399.67,3409.73,3392.85,3395.41,2627.002
2025-01-24 15:05:00,3395.46,3403.73,3393.07,3403.04,1099.455
2025-01-24 15:10:00,3403.03,3406.4,3393.51,3394.99,1176.5747
2025-01-24 15:15:00,3394.98,3401.0,3382.15,3400.41,2424.4292
2025-01-24 15:20:00,3400.41,3400.5,3393.02,3396.34,1300.6026
2025-01-24 15:25:00,3396.35,3400.0,3385.0,3386.5,945.5881
2025-01-24 15:30:00,3386.5,3388.95,3380.62,3387.61,1353.2613
2025-01-24 15:35:00,3387.61,3390.36,3381.0,3382.39,1044.6653
2025-01-24 15:40:00,3382.77,3384.5,3355.67,3362.46,7686.4673
2025-01-24 15:45:00,3362.46,3376.3,3360.4,3373.86,2077.9619
2025-01-24 15:50:00,3373.86,3381.0,3371.4,3380.21,1526.2139
2025-01-24 15:55:00,3380.21,3386.44,3375.4,3383.69,1455.799
2025-01-24 16:00:00,3383.64,3389.89,3378.0,3379.16,2037.609
2025-01-24 16:05:00,3379.16,3389.63,3377.39,3388.73,1073.3631
2025-01-24 16:10:00,3388.74,3393.0,3386.36,3389.22,1108.6084
2025-01-24 16:15:00,3389.22,3392.47,3383.45,3389.01,926.2367
2025-01-24 16:20:00,3389.0,3392.81,3385.38,3385.6,941.5462
2025-01-24 16:25:00,3385.59,3392.87,3385.11,3389.71,1422.1523
2025-01-24 16:30:00,3389.7,3391.19,3385.19,3387.75,617.7817
2025-01-24 16:35:00,3387.76,3394.14,3385.58,3393.91,1106.6069
2025-01-24 16:40:00,3393.91,3397.87,3391.65,3392.68,1136.7878
2025-01-24 16:45:00,3392.6,3395.66,3388.54,3391.42,1051.8049
2025-01-24 16:50:00,3391.4,3397.48,3390.73,3394.26,361.7406
2025-01-24 16:55:00,3394.27,3394.56,3378.4,3380.2,1223.1019
2025-01-24 17:00:00,3380.2,3385.24,3377.0,3379.77,1995.3777
2025-01-24 17:05:00,3379.78,3384.99,3373.1,3380.96,1186.0694
2025-01-24 17:10:00,3380.96,3386.4,3380.0,3382.73,967.0494
2025-01-24 17:15:00,3382.73,3391.66,3382.73,3387.51,834.5575
2025-01-24 17:20:00,3387.51,3397.19,3387.51,3394.49,790.9306
2025-01-24 17:25:00,3394.49,3395.48,3389.24,3392.2,1011.6555
2025-01-24 17:30:00,3392.2,3393.37,3385.07,3387.69,510.1157
2025-01-24 17:35:00,3387.7,3394.5,3387.54,3390.41,802.1315
2025-01-24 17:40:00,3390.41,3394.42,3388.1,3393.22,799.8098
2025-01-24 17:45:00,3393.21,3404.0,3393.21,3401.05,1700.5173
2025-01-24 17:50:00,3401.04,3406.24,3399.3,3402.81,1159.2594
2025-01-24 17:55:00,3402.8,3403.4,3394.52,3397.9,903.1316
2025-01-24 18:00:00,3397.88,3405.57,3396.81,3405.56,1360.4685
2025-01-24 18:05:00,3405.57,3409.4,3399.61,3401.71,1422.5992
2025-01-24 18:10:00,3401.71,3402.7,3388.8,3392.88,1202.2327
2025-01-24 18:15:00,3392.89,3399.78,3392.12,3396.2,778.0602
2025-01-24 18:20:00,3396.19,3398.92,3394.0,3396.04,755.2672
2025-01-24 18:25:00,3396.03,3399.99,3393.01,3394.09,748.5755
2025-01-24 18:30:00,3394.1,3397.09,3390.0,3393.12,689.3737
2025-01-24 18:35:00,3393.13,3396.9,3391.55,3393.34,523.1731
2025-01-24 18:40:00,3393.34,3393.35,3382.0,3386.98,1212.1382
2025-01-24 18:45:00,3386.98,3387.4,3378.71,3382.81,1141.7346
2025-01-24 18:50:00,3382.81,3385.62,3379.6,3382.52,646.2419
2025-01-24 18:55:00,3382.52,3383.11,3375.5,3381.49,1946.3868
2025-01-24 19:00:00,3381.49,3388.48,3380.5,3381.49,668.3025
2025-01-24 19:05:00,3381.5,3381.92,3372.34,3375.88,3877.8993
2025-01-24 19:10:00,3375.89,3380.0,3372.6,3378.61,1523.8479
2025-01-24 19:15:00,3378.61,3385.0,3378.61,3383.31,605.3027
2025-01-24 19:20:00,3383.32,3389.49,3382.9,3387.6,1308.9171
2025-01-24 19:25:00,3387.6,3394.18,3387.6,3391.68,556.2542
2025-01-24 19:30:00,3391.67,3395.0,3388.14,3388.14,578.8412
2025-01-24 19:35:00,3388.14,3392.4,3385.79,3391.73,643.3317
2025-01-24 19:40:00,3391.73,3391.79,3371.99,3372.91,2455.4614
2025-01-24 19:45:00,3372.91,3373.36,3365.0,3367.59,2576.5698
2025-01-24 19:50:00,3367.59,3369.29,3365.42,3368.51,1098.1363
2025-01-24 19:55:00,3368.51,3371.4,3367.43,3368.7,887.6022
2025-01-24 20:00:00,3368.7,3377.32,3366.0,3377.0,2521.575
2025-01-24 20:05:00,3376.99,3378.65,3372.83,3376.49,457.3786
2025-01-24 20:10:00,3376.49,3378.79,3370.0,3370.6,847.9172
2025-01-24 20:15:00,3370.6,3370.88,3362.11,3362.16,4313.1074
2025-01-24 20:20:00,3362.17,3365.89,3348.21,3349.27,4844.9605
2025-01-24 20:25:00,3349.28,3350.97,3338.12,3341.02,3364.313
2025-01-24 20:30:00,3341.03,3344.51,3332.7,3333.67,2239.8973
2025-01-24 20:35:00,3333.66,3344.18,3330.82,3341.01,1592.1489
2025-01-24 20:40:00,3341.0,3346.66,3336.28,3343.41,1083.3929
2025-01-24 20:45:00,3343.41,3344.12,3328.14,3330.91,2535.1882
2025-01-24 20:50:00,3330.91,3341.5,3330.56,3337.6,1556.1039
2025-01-24 20:55:00,3337.59,3340.7,3327.19,3329.28,1997.6393
2025-01-24 21:00:00,3329.29,3338.99,3328.29,3334.59,1919.9998
2025-01-24 21:05:00,3334.59,3338.55,3329.69,3332.39,1492.3409
2025-01-24 21:10:00,3332.4,3335.58,3330.78,3332.97,1279.4694
2025-01-24 21:15:00,3332.98,3342.27,3331.0,3340.95,1185.8186
2025-01-24 21:20:00,3340.95,3346.28,3338.59,3342.35,695.2713
2025-01-24 21:25:00,3342.34,3346.99,3340.0,3341.1,435.8744
2025-01-24 21:30:00,3341.09,3342.39,3334.03,3342.39,786.1611
2025-01-24 21:35:00,3342.39,3342.84,3333.1,3333.1,1587.7212
2025-01-24 21:40:00,3333.1,3333.58,3328.21,3332.0,1480.8262
2025-01-24 21:45:00,3332.0,3332.26,3323.49,3330.59,1993.6906
2025-01-24 21:50:00,3330.58,3331.78,3325.0,3327.32,813.2578
2025-01-24 21:55:00,3327.32,3331.08,3326.25,3329.84,1204.9311
2025-01-24 22:00:00,3329.9,3331.24,3326.71,3330.19,850.6022
2025-01-24 22:05:00,3330.2,3333.32,3322.36,3327.09,3086.2902
2025-01-24 22:10:00,3327.07,3327.87,3322.97,3325.99,792.6916
2025-01-24 22:15:00,3326.0,3329.48,3323.34,3329.48,626.0475
2025-01-24 22:20:00,3329.48,3335.57,3329.47,3333.52,658.3575
2025-01-24 22:25:00,3333.52,3333.52,3325.57,3325.91,1039.7735
2025-01-24 22:30:00,3325.91,3332.86,3325.9,3330.99,529.4849
2025-01-24 22:35:00,3331.0,3334.13,3331.0,3333.95,261.6562
2025-01-24 22:40:00,3333.94,3336.2,3332.26,3336.2,530.2286
2025-01-24 22:45:00,3336.2,3336.88,3332.83,3334.96,417.083
2025-01-24 22:50:00,3334.96,3335.67,3326.93,3330.5,417.542
2025-01-24 22:55:00,3330.5,3331.39,3322.7,3325.73,682.8717
2025-01-24 23:00:00,3325.72,3325.99,3311.64,3315.91,2742.5102
2025-01-24 23:05:00,3315.91,3317.9,3306.0,3316.57,2184.6045
2025-01-24 23:10:00,3316.57,3317.4,3304.11,3310.6,1269.5515
2025-01-24 23:15:00,3310.6,3311.36,3305.77,3311.16,770.6848
2025-01-24 23:20:00,3311.15,3315.5,3310.66,3315.03,539.6796
2025-01-24 23:25:00,3315.04,3315.04,3309.51,3310.06,630.0145
2025-01-24 23:30:00,3310.07,3314.6,3306.17,3314.01,865.2986
2025-01-24 23:35:00,3314.01,3314.01,3309.48,3311.46,730.8435
2025-01-24 23:40:00,3311.45,3313.15,3307.18,3307.63,2209.0843
2025-01-24 23:45:00,3307.63,3312.56,3307.22,3310.94,632.7845
2025-01-24 23:50:00,3310.94,3311.26,3305.01,3310.46,834.71
2025-01-24 23:55:00,3310.45,3312.04,3307.16,3310.09,899.8738
2025-01-25 00:00:00,3310.1,3313.98,3302.01,3311.31,1999.2054
2025-01-25 00:05:00,3311.3,3312.62,3302.38,3305.13,814.9838
2025-01-25 00:10:00,3305.13,3306.58,3296.35,3299.38,2127.3103
2025-01-25 00:15:00,3299.37,3307.31,3293.59,3301.04,2332.7848
2025-01-25 00:20:00,3301.02,3308.92,3301.02,3307.08,743.5771
2025-01-25 00:25:00,3307.08,3309.29,3301.71,3304.43,960.7864
2025-01-25 00:30:00,3304.43,3306.14,3287.01,3296.82,2844.6316
2025-01-25 00:35:00,3296.82,3296.82,3285.01,3289.98,1678.2562
2025-01-25 00:40:00,3289.98,3292.79,3280.3,3282.59,1869.5976
2025-01-25 00:45:00,3282.6,3290.14,3278.0,3286.88,2409.8668
2025-01-25 00:50:00,3286.89,3287.52,3276.45,3277.08,2020.2756
2025-01-25 00:55:00,3277.08,3279.54,3270.46,3273.97,3307.3055
2025-01-25 01:00:00,3273.97,3287.95,3268.66,3287.95,2933.2491
2025-01-25 01:05:00,3287.95,3288.8,3284.12,3287.38,843.273
2025-01-25 01:10:00,3287.37,3288.48,3279.37,3288.48,994.7976
2025-01-25 01:15:00,3288.5,3297.86,3286.62,3296.75,2055.2344
2025-01-25 01:20:00,3296.75,3302.7,3291.45,3302.25,1155.4769
2025-01-25 01:25:00,3302.25,3303.81,3297.63,3298.4,1225.2024
2025-01-25 01:30:00,3298.4,3305.42,3298.2,3303.56,1052.1107
2025-01-25 01:35:00,3303.57,3306.5,3300.49,3300.49,1631.3271
2025-01-25 01:40:00,3300.4,3304.49,3299.62,3302.58,1362.7308
2025-01-25 01:45:00,3302.58,3302.58,3295.4,3296.6,1245.0968
2025-01-25 01:50:00,3296.6,3301.38,3293.65,3293.66,740.1104
2025-01-25 01:55:00,3293.65,3296.07,3292.14,3294.54,351.5527
2025-01-25 02:00:00,3294.54,3295.56,3289.33,3293.9,875.1786
2025-01-25 02:05:00,3293.9,3297.7,3290.32,3297.1,657.5744
2025-01-25 02:10:00,3297.1,3302.12,3295.0,3301.54,447.6009
2025-01-25 02:15:00,3301.53,3304.1,3298.04,3300.32,1745.1176
2025-01-25 02:20:00,3300.32,3302.5,3297.91,3299.43,496.1233
2025-01-25 02:25:00,3299.43,3300.0,3296.26,3298.59,315.9671
2025-01-25 02:30:00,3298.58,3302.5,3298.29,3301.5,452.8534
2025-01-25 02:35:00,3301.5,3302.0,3297.01,3301.99,426.9207
2025-01-25 02:40:00,3301.99,3302.5,3298.5,3301.51,274.1991
2025-01-25 02:45:00,3301.5,3301.5,3293.58,3298.65,790.7064
2025-01-25 02:50:00,3298.65,3300.55,3296.76,3298.01,460.3221
2025-01-25 02:55:00,3298.01,3299.5,3293.82,3295.0,507.3361
2025-01-25 03:00:00,3295.0,3296.54,3292.42,3296.53,493.1414
2025-01-25 03:05:00,3296.54,3297.95,3293.4,3294.39,435.9911
2025-01-25 03:10:00,3294.39,3297.96,3293.55,3297.09,214.1345
2025-01-25 03:15:00,3297.09,3298.6,3295.36,3297.38,495.5619
2025-01-25 03:20:00,3297.38,3303.86,3295.7,3301.39,1883.1597
2025-01-25 03:25:00,3301.4,3308.23,3300.11,3307.8,713.4355
2025-01-25 03:30:00,3307.8,3316.77,3307.8,3314.96,1413.6036
2025-01-25 03:35:00,3314.96,3316.49,3311.01,3311.83,767.7878
2025-01-25 03:40:00,3311.83,3315.17,3310.71,3315.17,491.37
2025-01-25 03:45:00,3315.17,3325.0,3312.95,3318.6,2327.3233
2025-01-25 03:50:00,3318.6,3320.0,3316.0,3318.34,610.9967
2025-01-25 03:55:00,3318.33,3322.49,3317.6,3319.44,584.4143
2025-01-25 04:00:00,3319.43,3319.7,3315.0,3316.17,822.6957
2025-01-25 04:05:00,3316.17,3316.77,3312.95,3312.95,294.9078
2025-01-25 04:10:00,3312.95,3313.71,3310.67,3312.2,537.8539
2025-01-25 04:15:00,3312.21,3312.21,3306.24,3308.6,927.786
2025-01-25 04:20:00,3308.59,3309.0,3305.58,3307.02,325.845
2025-01-25 04:25:00,3307.02,3307.02,3303.81,3305.94,364.4325
2025-01-25 04:30:00,3305.94,3305.95,3302.19,3303.58,490.534
2025-01-25 04:35:00,3303.59,3306.83,3302.25,3305.22,278.1971
2025-01-25 04:40:00,3305.23,3308.1,3305.22,3307.14,324.1755
2025-01-25 04:45:00,3307.14,3311.14,3306.9,3309.71,355.7705
2025-01-25 04:50:00,3309.72,3310.16,3306.39,3306.39,366.3473
2025-01-25 04:55:00,3306.4,3306.4,3298.02,3300.05,1276.249
2025-01-25 05:00:00,3300.05,3300.94,3297.0,3297.83,650.2762
2025-01-25 05:05:00,3297.83,3297.84,3289.68,3291.05,1478.4759
2025-01-25 05:10:00,3291.06,3292.0,3288.0,3291.63,1222.6424
2025-01-25 05:15:00,3291.63,3298.2,3289.0,3298.2,946.3482
2025-01-25 05:20:00,3298.2,3300.0,3296.45,3296.65,506.425
2025-01-25 05:25:00,3296.66,3298.66,3295.1,3298.65,309.2325
2025-01-25 05:30:00,3298.66,3299.52,3293.23,3297.99,404.0241
2025-01-25 05:35:00,3297.99,3302.87,3297.98,3301.55,323.0117
2025-01-25 05:40:00,3301.55,3301.55,3297.89,3300.3,182.4363
2025-01-25 05:45:00,3300.3,3302.51,3299.11,3301.28,146.7351
2025-01-25 05:50:00,3301.27,3301.28,3297.08,3298.0,261.0193
2025-01-25 05:55:00,3297.99,3298.16,3294.82,3296.51,356.1201
2025-01-25 06:00:00,3296.5,3301.0,3294.7,3299.37,1499.3173
2025-01-25 06:05:00,3299.37,3303.24,3297.03,3301.37,269.8939
2025-01-25 06:10:00,3301.38,3303.31,3297.67,3297.68,433.7474
2025-01-25 06:15:00,3297.67,3297.67,3285.14,3286.84,2259.7021
2025-01-25 06:20:00,3286.85,3292.11,3283.82,3291.3,2892.0501
2025-01-25 06:25:00,3291.3,3292.97,3287.67,3291.86,517.0302
2025-01-25 06:30:00,3291.87,3293.27,3287.57,3290.2,666.8981
2025-01-25 06:35:00,3290.2,3290.7,3285.0,3285.39,1596.0646
2025-01-25 06:40:00,3285.4,3291.5,3284.48,3290.75,1133.4891
2025-01-25 06:45:00,3290.74,3290.75,3285.53,3288.22,674.9637
2025-01-25 06:50:00,3288.21,3290.42,3287.03,3289.93,332.7472
2025-01-25 06:55:00,3289.94,3293.6,3289.52,3292.51,402.944
2025-01-25 07:00:00,3292.51,3292.51,3287.03,3291.0,791.774
2025-01-25 07:05:00,3291.0,3291.0,3288.28,3288.29,295.9978
2025-01-25 07:10:00,3288.28,3293.91,3288.28,3290.3,900.7094
2025-01-25 07:15:00,3290.31,3291.46,3287.0,3287.79,629.6574
2025-01-25 07:20:00,3287.8,3289.97,3283.57,3289.97,1029.7737
2025-01-25 07:25:00,3289.97,3292.65,3289.63,3291.45,394.7431
2025-01-25 07:30:00,3291.45,3294.11,3290.49,3293.28,390.897
2025-01-25 07:35:00,3293.28,3295.22,3288.63,3288.63,726.582
2025-01-25 07:40:00,3288.63,3291.91,3287.62,3291.9,427.7448
2025-01-25 07:45:00,3291.9,3294.5,3291.31,3294.26,250.4623
2025-01-25 07:50:00,3294.26,3295.45,3291.46,3291.46,413.8417
2025-01-25 07:55:00,3291.46,3292.91,3290.0,3291.53,446.4463
2025-01-25 08:00:00,3291.52,3293.02,3289.04,3291.59,351.3531
2025-01-25 08:05:00,3291.6,3296.75,3291.24,3296.71,920.7644
2025-01-25 08:10:00,3296.72,3297.68,3292.42,3297.67,1131.092
2025-01-25 08:15:00,3297.67,3301.2,3296.13,3298.43,1386.2893
2025-01-25 08:20:00,3298.42,3298.56,3290.66,3291.79,337.2363
2025-01-25 08:25:00,3291.78,3292.47,3287.27,3292.45,358.5083
2025-01-25 08:30:00,3292.45,3292.54,3287.49,3288.51,368.1429
2025-01-25 08:35:00,3288.51,3289.21,3282.62,3289.04,567.97
2025-01-25 08:40:00,3289.05,3292.02,3287.4,3289.98,251.2889
2025-01-25 08:45:00,3289.98,3292.61,3289.53,3291.37,213.7271
2025-01-25 08:50:00,3291.38,3291.38,3287.12,3289.8,321.8796
2025-01-25 08:55:00,3289.8,3291.63,3288.68,3291.06,176.8431
2025-01-25 09:00:00,3291.06,3292.49,3287.4,3288.68,829.4952
2025-01-25 09:05:00,3288.68,3290.91,3287.31,3289.47,392.963
2025-01-25 09:10:00,3289.48,3290.25,3285.15,3288.81,265.5791
2025-01-25 09:15:00,3288.81,3291.06,3287.12,3290.88,238.0431
2025-01-25 09:20:00,3290.87,3291.81,3288.5,3290.2,238.5523
2025-01-25 09:25:00,3290.21,3290.92,3286.7,3286.73,257.3867
2025-01-25 09:30:00,3286.73,3292.03,3285.69,3290.95,288.6547
2025-01-25 09:35:00,3290.94,3291.38,3288.05,3288.17,194.9822
2025-01-25 09:40:00,3288.18,3289.49,3286.5,3289.46,234.9881
2025-01-25 09:45:00,3289.46,3290.0,3285.0,3285.01,285.6765
2025-01-25 09:50:00,3285.01,3287.03,3281.35,3286.9,614.5356
2025-01-25 09:55:00,3286.9,3287.54,3283.69,3283.69,229.3323
2025-01-25 10:00:00,3283.69,3284.68,3275.0,3276.65,1229.2883
2025-01-25 10:05:00,3276.64,3278.13,3272.09,3278.12,1293.1272
2025-01-25 10:10:00,3278.13,3286.73,3277.0,3283.99,770.9868
2025-01-25 10:15:00,3284.0,3285.45,3281.67,3281.85,520.4002
2025-01-25 10:20:00,3281.85,3282.99,3280.0,3281.77,607.8065
2025-01-25 10:25:00,3281.76,3281.77,3275.57,3277.58,610.0295
2025-01-25 10:30:00,3277.51,3282.78,3277.01,3282.78,282.4055
2025-01-25 10:35:00,3282.78,3289.53,3282.41,3286.2,703.8926
2025-01-25 10:40:00,3286.19,3289.15,3286.19,3288.57,358.1303
2025-01-25 10:45:00,3288.58,3295.16,3287.09,3292.84,682.1896
2025-01-25 10:50:00,3292.83,3294.0,3291.18,3292.36,406.834
2025-01-25 10:55:00,3292.37,3298.24,3292.37,3295.53,565.0625
2025-01-25 11:00:00,3295.53,3297.31,3293.31,3297.3,607.1157
2025-01-25 11:05:00,3297.3,3299.8,3296.13,3298.97,455.8424
2025-01-25 11:10:00,3298.96,3298.96,3292.49,3293.32,1317.6677
2025-01-25 11:15:00,3293.31,3294.8,3291.13,3294.8,551.1636
2025-01-25 11:20:00,3294.8,3295.0,3291.42,3291.73,226.4439
2025-01-25 11:25:00,3291.73,3294.87,3291.73,3294.87,306.5293
2025-01-25 11:30:00,3294.87,3299.8,3293.06,3299.14,384.9839
2025-01-25 11:35:00,3299.15,3300.94,3298.0,3298.98,376.5996
2025-01-25 11:40:00,3298.99,3300.84,3298.09,3299.29,749.092
2025-01-25 11:45:00,3299.29,3306.66,3299.0,3305.89,955.7965
2025-01-25 11:50:00,3305.9,3311.5,3304.18,3311.06,1419.3388
2025-01-25 11:55:00,3311.06,3311.06,3306.5,3306.91,617.7592
2025-01-25 12:00:00,3306.91,3307.24,3302.02,3302.57,509.1029
2025-01-25 12:05:00,3302.57,3303.95,3298.79,3299.46,648.8831
2025-01-25 12:10:00,3299.46,3303.24,3299.45,3302.21,521.8634
2025-01-25 12:15:00,3302.21,3304.64,3301.0,3301.17,235.3733
2025-01-25 12:20:00,3301.16,3301.17,3296.44,3299.6,519.6857
2025-01-25 12:25:00,3299.61,3299.62,3296.8,3297.01,231.834
2025-01-25 12:30:00,3297.01,3299.77,3294.24,3296.32,433.0091
2025-01-25 12:35:00,3296.32,3299.85,3295.22,3297.77,382.99
2025-01-25 12:40:00,3297.78,3305.94,3297.1,3304.43,287.6629
2025-01-25 12:45:00,3304.43,3304.91,3300.88,3304.8,1107.1863
2025-01-25 12:50:00,3304.79,3305.97,3302.07,3305.91,589.7534
2025-01-25 12:55:00,3305.9,3306.68,3303.5,3306.17,279.8428
2025-01-25 13:00:00,3306.17,3308.81,3304.98,3306.87,314.842
2025-01-25 13:05:00,3306.88,3307.4,3302.84,3305.49,739.4414
2025-01-25 13:10:00,3305.49,3306.4,3303.14,3304.31,228.035
2025-01-25 13:15:00,3304.31,3304.91,3301.4,3303.96,573.1085
2025-01-25 13:20:00,3303.96,3308.0,3303.95,3306.28,355.0651
2025-01-25 13:25:00,3306.29,3306.29,3302.95,3302.96,386.4691
2025-01-25 13:30:00,3302.96,3305.72,3300.68,3305.02,674.7921
2025-01-25 13:35:00,3305.02,3305.02,3302.4,3304.55,281.8123
2025-01-25 13:40:00,3304.56,3307.24,3304.1,3306.22,275.9998
2025-01-25 13:45:00,3306.23,3310.1,3304.47,3304.55,622.6566
2025-01-25 13:50:00,3304.56,3306.0,3302.74,3304.6,489.283
2025-01-25 13:55:00,3304.6,3308.48,3304.59,3307.83,231.8275
2025-01-25 14:00:00,3307.82,3309.28,3304.91,3306.63,420.8765
2025-01-25 14:05:00,3306.65,3308.51,3301.16,3304.07,522.4235
2025-01-25 14:10:00,3304.07,3304.07,3298.45,3299.99,369.3789
2025-01-25 14:15:00,3300.0,3304.97,3299.24,3303.82,252.3015
2025-01-25 14:20:00,3303.8,3306.0,3301.75,3305.65,326.3785
2025-01-25 14:25:00,3305.65,3306.6,3304.17,3305.4,332.4628
2025-01-25 14:30:00,3305.4,3307.35,3304.17,3306.26,291.3696
2025-01-25 14:35:00,3306.26,3306.64,3299.62,3299.79,279.5305
2025-01-25 14:40:00,3299.79,3306.52,3299.79,3306.36,321.8173
2025-01-25 14:45:00,3306.36,3309.82,3304.35,3306.5,504.0927
2025-01-25 14:50:00,3306.49,3309.89,3306.49,3308.9,444.7439
2025-01-25 14:55:00,3308.89,3319.5,3308.72,3315.85,1314.5509
2025-01-25 15:00:00,3315.84,3321.12,3310.84,3310.84,1511.5384
2025-01-25 15:05:00,3310.84,3316.3,3310.0,3316.29,1143.6092
2025-01-25 15:10:00,3316.3,3327.95,3312.69,3323.61,4968.4211
2025-01-25 15:15:00,3323.62,3330.46,3319.93,3330.3,1853.821
2025-01-25 15:20:00,3330.26,3341.81,3329.99,3340.74,1920.4853
2025-01-25 15:25:00,3340.73,3340.74,3332.12,3332.92,2259.8355
2025-01-25 15:30:00,3332.94,3343.03,3332.94,3343.0,1338.4371
2025-01-25 15:35:00,3343.0,3345.0,3338.3,3340.57,1866.84
2025-01-25 15:40:00,3340.56,3341.16,3332.97,3333.7,1420.073
2025-01-25 15:45:00,3333.7,3334.4,3328.33,3333.29,1208.6665
2025-01-25 15:50:00,3333.29,3339.05,3333.28,3337.29,905.2173
2025-01-25 15:55:00,3337.29,3340.0,3334.61,3334.62,508.2997
2025-01-25 16:00:00,3334.62,3338.0,3330.64,3337.9,954.6629
2025-01-25 16:05:00,3337.91,3339.94,3330.76,3337.92,943.7165
2025-01-25 16:10:00,3337.92,3341.33,3335.55,3341.08,1107.365
2025-01-25 16:15:00,3341.09,3349.58,3341.08,3343.95,1460.5307
2025-01-25 16:20:00,3343.94,3344.7,3333.55,3335.22,1210.5435
2025-01-25 16:25:00,3335.23,3343.44,3332.5,3343.43,892.8581
2025-01-25 16:30:00,3343.44,3344.95,3335.69,3339.98,906.9382
2025-01-25 16:35:00,3339.99,3343.27,3338.56,3342.23,860.8281
2025-01-25 16:40:00,3342.23,3343.0,3334.62,3336.28,713.0242
2025-01-25 16:45:00,3336.28,3340.62,3332.0,3334.07,1102.976
2025-01-25 16:50:00,3334.1,3338.2,3333.6,3335.98,525.4775
2025-01-25 16:55:00,3335.98,3342.52,3334.55,3342.27,453.3775
2025-01-25 17:00:00,3342.28,3346.19,3339.3,3341.39,900.614
2025-01-25 17:05:00,3341.4,3344.3,3337.08,3341.73,669.7819
2025-01-25 17:10:00,3341.73,3342.59,3335.93,3337.28,879.6274
2025-01-25 17:15:00,3337.28,3338.0,3330.63,3336.38,1410.0358
2025-01-25 17:20:00,3336.2,3341.5,3334.27,3338.28,906.864
2025-01-25 17:25:00,3338.29,3342.8,3338.25,3341.09,728.9628
2025-01-25 17:30:00,3341.1,3341.55,3335.14,3338.01,645.4013
2025-01-25 17:35:00,3338.01,3338.3,3332.26,3333.96,878.4283
2025-01-25 17:40:00,3333.97,3336.62,3332.61,3332.61,563.3177
2025-01-25 17:45:00,3332.61,3340.2,3330.76,3340.2,654.7512
2025-01-25 17:50:00,3340.2,3341.12,3338.29,3341.11,585.9306
2025-01-25 17:55:00,3341.11,3346.18,3341.11,3344.17,874.7457
2025-01-25 18:00:00,3344.16,3346.7,3342.08,3344.63,667.4196
2025-01-25 18:05:00,3344.63,3348.67,3338.08,3339.73,1028.9825
2025-01-25 18:10:00,3339.72,3344.83,3336.66,3337.01,504.7267
2025-01-25 18:15:00,3337.01,3342.31,3335.6,3341.93,498.8821
2025-01-25 18:20:00,3341.94,3344.11,3340.81,3342.52,347.0966
2025-01-25 18:25:00,3342.52,3344.33,3338.5,3339.75,370.334
2025-01-25 18:30:00,3339.76,3345.71,3339.76,3343.67,491.56
2025-01-25 18:35:00,3343.67,3343.72,3338.6,3341.54,444.9842
2025-01-25 18:40:00,3341.54,3342.32,3338.77,3340.38,373.4184
2025-01-25 18:45:00,3340.39,3342.68,3336.6,3337.27,546.7854
2025-01-25 18:50:00,3337.28,3342.0,3336.92,3341.78,215.0867
2025-01-25 18:55:00,3341.77,3342.2,3339.91,3342.2,307.5487
2025-01-25 19:00:00,3342.19,3344.0,3340.65,3340.65,378.4588
2025-01-25 19:05:00,3340.65,3341.29,3338.29,3340.71,516.9625
2025-01-25 19:10:00,3340.72,3343.64,3339.33,3340.31,357.0914
2025-01-25 19:15:00,3340.31,3342.77,3337.78,3342.39,435.4437
2025-01-25 19:20:00,3342.4,3344.45,3342.31,3342.31,316.654
2025-01-25 19:25:00,3342.31,3343.22,3338.5,3339.56,392.985
2025-01-25 19:30:00,3339.56,3341.31,3339.55,3340.8,163.5976
2025-01-25 19:35:00,3340.8,3342.49,3338.84,3338.84,351.0849
2025-01-25 19:40:00,3338.84,3340.41,3337.85,3338.33,276.4199
2025-01-25 19:45:00,3338.33,3338.34,3334.88,3335.3,326.4613
2025-01-25 19:50:00,3335.29,3339.05,3334.71,3339.05,230.101
2025-01-25 19:55:00,3339.04,3340.84,3337.0,3340.3,314.9032
2025-01-25 20:00:00,3340.29,3343.3,3339.19,3339.2,254.1169
2025-01-25 20:05:00,3339.2,3343.86,3339.2,3343.86,267.1082
2025-01-25 20:10:00,3343.86,3345.0,3341.25,3342.28,255.0815
2025-01-25 20:15:00,3342.27,3350.68,3341.15,3350.2,674.2399
2025-01-25 20:20:00,3350.2,3350.31,3344.68,3344.68,411.419
2025-01-25 20:25:00,3344.68,3347.34,3344.32,3347.32,282.6533
2025-01-25 20:30:00,3347.32,3350.29,3347.32,3348.95,292.7312
2025-01-25 20:35:00,3348.95,3348.95,3344.09,3344.1,327.8852
2025-01-25 20:40:00,3344.1,3344.33,3341.66,3342.31,386.0858
2025-01-25 20:45:00,3342.31,3344.5,3342.19,3344.07,371.7773
2025-01-25 20:50:00,3344.07,3344.79,3340.46,3340.46,293.9197
2025-01-25 20:55:00,3340.46,3341.87,3335.8,3337.03,642.9175
2025-01-25 21:00:00,3337.04,3339.94,3335.3,3337.2,545.2743
2025-01-25 21:05:00,3337.2,3339.75,3332.69,3336.26,619.4711
2025-01-25 21:10:00,3336.27,3337.0,3332.66,3334.26,564.5447
2025-01-25 21:15:00,3334.27,3339.71,3332.53,3339.09,574.6509
2025-01-25 21:20:00,3339.09,3341.2,3335.39,3339.76,382.6645
2025-01-25 21:25:00,3339.75,3339.75,3336.1,3339.54,411.4921
2025-01-25 21:30:00,3339.54,3341.55,3335.28,3335.34,530.2333
2025-01-25 21:35:00,3335.34,3338.26,3334.3,3334.3,206.365
2025-01-25 21:40:00,3334.28,3338.0,3334.27,3337.4,387.9835
2025-01-25 21:45:00,3337.4,3338.96,3334.28,3336.91,406.1731
2025-01-25 21:50:00,3336.91,3340.99,3336.1,3340.99,387.4251
2025-01-25 21:55:00,3340.99,3342.72,3338.85,3339.43,436.129
2025-01-25 22:00:00,3339.43,3344.65,3339.42,3342.53,347.7891
2025-01-25 22:05:00,3342.52,3346.0,3342.31,3343.65,470.6568
2025-01-25 22:10:00,3343.65,3343.98,3339.07,3339.19,892.2017
2025-01-25 22:15:00,3339.19,3341.79,3339.19,3341.79,618.022
2025-01-25 22:20:00,3341.79,3342.32,3340.23,3340.23,304.6281
2025-01-25 22:25:00,3340.23,3340.23,3338.2,3338.99,370.4673
2025-01-25 22:30:00,3339.0,3339.61,3334.27,3335.64,380.9821
2025-01-25 22:35:00,3335.63,3337.44,3332.1,3336.43,414.1557
2025-01-25 22:40:00,3336.42,3337.82,3333.91,3334.23,263.3464
2025-01-25 22:45:00,3334.23,3336.65,3334.23,3334.68,213.7792
2025-01-25 22:50:00,3334.67,3337.82,3333.89,3337.01,246.3722
2025-01-25 22:55:00,3337.01,3337.01,3332.64,3334.42,336.1361
2025-01-25 23:00:00,3334.42,3337.0,3322.79,3332.09,2397.3593
2025-01-25 23:05:00,3332.09,3335.0,3329.41,3333.63,590.96
2025-01-25 23:10:00,3333.62,3334.2,3330.25,3333.51,376.7466
2025-01-25 23:15:00,3333.51,3334.26,3327.81,3329.11,603.8749
2025-01-25 23:20:00,3329.11,3331.26,3328.0,3328.24,355.2847
2025-01-25 23:25:00,3328.24,3330.06,3327.26,3330.05,409.409
2025-01-25 23:30:00,3330.06,3330.06,3323.61,3323.71,648.3975
2025-01-25 23:35:00,3323.7,3325.69,3320.6,3324.0,727.4415
2025-01-25 23:40:00,3324.0,3325.8,3322.0,3324.07,1153.798
2025-01-25 23:45:00,3324.08,3325.2,3321.67,3323.19,441.9603
2025-01-25 23:50:00,3323.2,3325.52,3316.33,3321.0,1592.3125
2025-01-25 23:55:00,3320.99,3320.99,3314.87,3318.77,1034.8311
2025-01-26 00:00:00,3318.76,3321.17,3314.45,3314.45,1145.066
2025-01-26 00:05:00,3314.45,3320.33,3313.9,3320.33,617.7843
2025-01-26 00:10:00,3320.33,3322.79,3316.0,3319.0,2135.359
2025-01-26 00:15:00,3319.01,3319.87,3316.0,3317.9,2929.0163
2025-01-26 00:20:00,3317.78,3319.72,3315.62,3315.82,1659.4209
2025-01-26 00:25:00,3315.82,3318.6,3315.81,3318.2,583.2137
2025-01-26 00:30:00,3318.2,3318.68,3315.25,3317.4,441.3707
2025-01-26 00:35:00,3317.4,3322.42,3316.29,3322.15,483.7524
2025-01-26 00:40:00,3322.11,3323.32,3321.03,3323.19,328.8523
2025-01-26 00:45:00,3323.19,3327.5,3323.19,3327.19,559.3805
2025-01-26 00:50:00,3327.18,3327.5,3324.22,3324.22,370.987
2025-01-26 00:55:00,3324.22,3324.23,3320.86,3321.01,427.0732
2025-01-26 01:00:00,3321.01,3324.18,3318.6,3324.18,401.6183
2025-01-26 01:05:00,3324.17,3328.55,3324.17,3325.52,621.8015
2025-01-26 01:10:00,3325.51,3328.17,3325.0,3327.65,238.5747
2025-01-26 01:15:00,3327.65,3327.77,3324.95,3326.9,303.2718
2025-01-26 01:20:00,3326.91,3332.47,3326.8,3329.99,346.552
2025-01-26 01:25:00,3330.0,3330.78,3326.69,3328.61,422.592
2025-01-26 01:30:00,3328.62,3336.45,3327.32,3336.12,740.4131
2025-01-26 01:35:00,3336.12,3337.78,3331.5,3332.82,1473.5683
2025-01-26 01:40:00,3332.82,3333.26,3330.04,3330.25,560.0275
2025-01-26 01:45:00,3330.26,3331.66,3325.68,3328.28,1014.8562
2025-01-26 01:50:00,3328.29,3334.8,3328.1,3331.93,451.1478
2025-01-26 01:55:00,3331.93,3333.13,3329.67,3331.18,379.3277
2025-01-26 02:00:00,3331.18,3331.19,3326.87,3327.1,419.0818
2025-01-26 02:05:00,3327.11,3328.89,3322.0,3322.14,408.6865
2025-01-26 02:10:00,3322.14,3326.58,3320.66,3326.36,456.7805
2025-01-26 02:15:00,3326.37,3328.6,3322.62,3323.01,395.3546
2025-01-26 02:20:00,3323.0,3327.0,3322.35,3325.3,416.3049
2025-01-26 02:25:00,3325.3,3326.38,3324.38,3326.23,248.3661
2025-01-26 02:30:00,3326.24,3327.12,3323.32,3323.33,268.4755
2025-01-26 02:35:00,3323.33,3324.2,3318.14,3322.19,864.4466
2025-01-26 02:40:00,3322.19,3323.38,3321.89,3322.9,147.5348
2025-01-26 02:45:00,3322.9,3324.7,3320.21,3324.21,320.3903
2025-01-26 02:50:00,3324.2,3324.21,3320.9,3322.41,195.0
2025-01-26 02:55:00,3322.4,3328.35,3322.4,3328.35,213.1334
2025-01-26 03:00:00,3328.4,3333.57,3328.1,3331.69,657.5356
2025-01-26 03:05:00,3331.69,3332.56,3328.24,3328.99,815.7826
2025-01-26 03:10:00,3329.0,3329.0,3326.36,3328.51,599.0213
2025-01-26 03:15:00,3328.51,3332.13,3327.47,3331.67,261.1078
2025-01-26 03:20:00,3331.67,3331.7,3327.94,3327.94,279.4054
2025-01-26 03:25:00,3327.95,3329.83,3327.08,3329.25,503.6664
2025-01-26 03:30:00,3329.25,3331.58,3329.25,3330.76,263.6368
2025-01-26 03:35:00,3330.76,3338.02,3330.44,3337.79,684.6763
2025-01-26 03:40:00,3337.8,3347.46,3336.28,3346.99,1273.4966
2025-01-26 03:45:00,3346.99,3350.0,3343.41,3343.41,1495.9329
2025-01-26 03:50:00,3343.4,3343.86,3338.8,3340.19,409.5757
2025-01-26 03:55:00,3340.2,3340.3,3337.65,3338.94,388.3853
2025-01-26 04:00:00,3338.95,3339.47,3336.41,3337.23,500.6827
2025-01-26 04:05:00,3337.22,3345.0,3337.22,3342.74,403.61
2025-01-26 04:10:00,3342.73,3344.33,3340.83,3342.78,394.1562
2025-01-26 04:15:00,3342.78,3343.03,3340.0,3341.97,224.2397
2025-01-26 04:20:00,3341.97,3350.0,3341.96,3348.21,736.6276
2025-01-26 04:25:00,3348.21,3362.0,3348.0,3359.29,3193.2012
2025-01-26 04:30:00,3359.3,3360.36,3355.06,3357.55,1226.3807
2025-01-26 04:35:00,3357.55,3358.0,3353.48,3354.36,1220.2488
2025-01-26 04:40:00,3354.35,3359.38,3353.6,3354.14,1427.8514
2025-01-26 04:45:00,3354.14,3357.0,3351.37,3352.71,441.0872
2025-01-26 04:50:00,3352.72,3354.19,3348.34,3351.5,970.4392
2025-01-26 04:55:00,3351.5,3355.65,3351.5,3352.27,831.8944
2025-01-26 05:00:00,3352.27,3353.6,3348.51,3348.51,473.7194
2025-01-26 05:05:00,3348.52,3350.9,3346.45,3348.66,509.0497
2025-01-26 05:10:00,3348.66,3348.67,3342.85,3344.84,533.7196
2025-01-26 05:15:00,3344.84,3345.9,3340.66,3342.77,313.753
2025-01-26 05:20:00,3342.77,3344.74,3341.3,3342.76,383.8145
2025-01-26 05:25:00,3342.76,3343.78,3340.78,3340.9,850.9826
2025-01-26 05:30:00,3340.9,3342.6,3338.0,3339.0,1350.7776
2025-01-26 05:35:00,3339.01,3343.43,3339.0,3340.98,1624.1172
2025-01-26 05:40:00,3340.97,3344.24,3340.97,3344.19,1294.2379
2025-01-26 05:45:00,3344.2,3347.8,3343.59,3346.41,750.5398
2025-01-26 05:50:00,3346.41,3346.6,3341.71,3341.72,769.6406
2025-01-26 05:55:00,3341.72,3343.04,3339.25,3342.32,326.748
2025-01-26 06:00:00,3342.32,3342.32,3339.0,3339.24,534.167
2025-01-26 06:05:00,3339.23,3347.1,3338.63,3344.57,1392.2713
2025-01-26 06:10:00,3344.57,3346.87,3344.32,3344.86,316.3401
2025-01-26 06:15:00,3344.86,3346.0,3342.12,3342.12,359.4369
2025-01-26 06:20:00,3342.12,3348.01,3340.96,3344.89,684.1281
2025-01-26 06:25:00,3344.9,3347.19,3344.59,3344.93,288.72
2025-01-26 06:30:00,3344.93,3345.7,3341.34,3341.92,610.6542
2025-01-26 06:35:00,3341.93,3344.7,3341.31,3343.31,271.0865
2025-01-26 06:40:00,3343.32,3345.89,3342.4,3344.03,437.1596
2025-01-26 06:45:00,3344.03,3344.46,3343.98,3344.12,148.9056
2025-01-26 06:50:00,3344.13,3344.13,3342.47,3343.25,503.816
2025-01-26 06:55:00,3343.25,3343.26,3341.84,3341.85,181.6428
2025-01-26 07:00:00,3341.85,3343.04,3339.78,3341.99,498.9694
2025-01-26 07:05:00,3341.99,3345.27,3340.66,3345.09,434.3597
2025-01-26 07:10:00,3345.09,3345.33,3340.02,3340.02,252.6302
2025-01-26 07:15:00,3340.03,3341.79,3339.37,3341.31,304.6407
2025-01-26 07:20:00,3341.31,3341.79,3340.0,3340.3,240.0609
2025-01-26 07:25:00,3340.31,3341.9,3334.44,3336.2,653.3228
2025-01-26 07:30:00,3336.21,3337.53,3330.3,3335.28,816.3762
2025-01-26 07:35:00,3335.28,3335.62,3333.01,3335.58,372.1888
2025-01-26 07:40:00,3335.57,3339.3,3335.57,3337.64,312.2076
2025-01-26 07:45:00,3337.64,3339.35,3337.03,3338.43,181.0489
2025-01-26 07:50:00,3338.43,3338.9,3336.93,3337.99,435.2379
2025-01-26 07:55:00,3338.0,3339.2,3337.99,3338.56,994.8506
2025-01-26 08:00:00,3338.57,3340.48,3333.95,3338.18,833.7097
2025-01-26 08:05:00,3338.19,3343.45,3338.19,3340.83,1370.4417
2025-01-26 08:10:00,3340.82,3340.82,3336.34,3337.77,466.9336
2025-01-26 08:15:00,3337.78,3337.78,3333.4,3333.48,338.1797
2025-01-26 08:20:00,3333.47,3334.0,3331.0,3333.71,412.1637
2025-01-26 08:25:00,3333.71,3334.28,3331.87,3332.2,308.9515
2025-01-26 08:30:00,3332.2,3333.13,3323.43,3324.33,1243.5961
2025-01-26 08:35:00,3324.32,3328.59,3324.1,3328.59,441.3875
2025-01-26 08:40:00,3328.59,3330.24,3328.59,3329.59,188.9603
2025-01-26 08:45:00,3329.59,3333.04,3327.24,3333.04,403.1194
2025-01-26 08:50:00,3333.05,3334.2,3331.59,3331.6,201.481
2025-01-26 08:55:00,3331.6,3332.09,3329.24,3332.08,255.6496
2025-01-26 09:00:00,3332.08,3332.49,3328.24,3328.69,261.9291
2025-01-26 09:05:00,3328.68,3328.69,3324.0,3326.4,1411.144
2025-01-26 09:10:00,3326.4,3327.14,3324.03,3325.0,404.2025
2025-01-26 09:15:00,3325.0,3327.61,3324.66,3327.49,258.1241
2025-01-26 09:20:00,3327.5,3328.25,3319.17,3319.71,732.9769
2025-01-26 09:25:00,3319.71,3319.71,3306.21,3311.51,3805.218
2025-01-26 09:30:00,3311.52,3311.52,3301.37,3306.78,3595.446
2025-01-26 09:35:00,3306.79,3308.43,3304.52,3306.4,765.5949
2025-01-26 09:40:00,3306.41,3306.41,3292.82,3301.26,3438.8666
2025-01-26 09:45:00,3301.26,3303.12,3298.61,3303.12,820.3078
2025-01-26 09:50:00,3303.11,3304.0,3296.64,3298.34,830.4109
2025-01-26 09:55:00,3298.34,3299.63,3293.95,3298.5,934.6653
2025-01-26 10:00:00,3298.5,3302.28,3295.81,3302.28,1415.7934
2025-01-26 10:05:00,3302.27,3305.0,3302.27,3303.8,393.1951
2025-01-26 10:10:00,3303.81,3305.88,3302.2,3305.88,554.5079
2025-01-26 10:15:00,3305.88,3306.76,3303.92,3304.43,468.2224
2025-01-26 10:20:00,3304.44,3304.44,3300.0,3303.87,680.0346
2025-01-26 10:25:00,3303.88,3305.19,3303.74,3305.12,292.0796
2025-01-26 10:30:00,3305.13,3306.71,3303.24,3303.82,493.5123
2025-01-26 10:35:00,3303.81,3304.13,3300.0,3300.01,533.0017
2025-01-26 10:40:00,3300.01,3300.02,3296.53,3298.01,767.9305
2025-01-26 10:45:00,3298.01,3300.61,3297.31,3299.05,769.2364
2025-01-26 10:50:00,3299.06,3301.0,3298.18,3300.97,392.4562
2025-01-26 10:55:00,3300.96,3306.14,3299.68,3305.98,465.5216
2025-01-26 11:00:00,3305.99,3309.12,3302.73,3307.06,1159.4059
2025-01-26 11:05:00,3307.05,3307.7,3305.83,3306.11,585.9056
2025-01-26 11:10:00,3306.04,3309.92,3306.04,3308.41,295.9959
2025-01-26 11:15:00,3308.41,3310.51,3306.74,3310.35,392.3797
2025-01-26 11:20:00,3310.33,3316.55,3309.47,3310.84,1464.1515
2025-01-26 11:25:00,3310.83,3311.84,3307.86,3308.8,577.7427
2025-01-26 11:30:00,3308.8,3313.59,3308.39,3311.83,360.8199
2025-01-26 11:35:00,3311.82,3311.83,3309.0,3311.34,261.8733
2025-01-26 11:40:00,3311.34,3311.44,3310.0,3310.1,404.9318
2025-01-26 11:45:00,3310.11,3311.0,3308.61,3308.61,436.7717
2025-01-26 11:50:00,3308.62,3309.8,3307.03,3309.62,457.4549
2025-01-26 11:55:00,3309.62,3313.86,3309.53,3312.3,392.8797
2025-01-26 12:00:00,3312.3,3312.3,3307.48,3308.5,914.0681
2025-01-26 12:05:00,3308.5,3308.5,3303.5,3304.68,525.2404
2025-01-26 12:10:00,3304.68,3305.78,3301.2,3302.7,686.807
2025-01-26 12:15:00,3302.69,3305.73,3302.69,3305.73,400.3245
2025-01-26 12:20:00,3305.73,3306.0,3304.0,3304.0,247.7707
2025-01-26 12:25:00,3304.01,3305.19,3302.45,3304.8,392.6117
2025-01-26 12:30:00,3304.79,3305.2,3300.14,3300.7,930.8787
2025-01-26 12:35:00,3300.71,3303.34,3300.66,3300.88,696.3593
2025-01-26 12:40:00,3300.88,3305.0,3300.64,3304.58,518.9668
2025-01-26 12:45:00,3304.58,3305.19,3302.61,3304.69,845.6171
2025-01-26 12:50:00,3304.69,3308.5,3304.69,3306.43,363.9843
2025-01-26 12:55:00,3306.42,3308.5,3306.42,3307.77,699.5707
2025-01-26 13:00:00,3307.76,3308.56,3306.2,3308.56,2292.6829
2025-01-26 13:05:00,3308.56,3308.7,3304.42,3304.42,2570.8047
2025-01-26 13:10:00,3304.42,3306.6,3299.66,3306.59,3667.3207
2025-01-26 13:15:00,3306.59,3307.04,3302.77,3304.28,677.8643
2025-01-26 13:20:00,3304.28,3304.29,3300.37,3302.0,770.5885
2025-01-26 13:25:00,3302.0,3302.88,3301.27,3301.55,464.9282
2025-01-26 13:30:00,3301.55,3303.34,3301.02,3302.56,577.177
2025-01-26 13:35:00,3302.57,3307.04,3302.36,3305.99,817.087
2025-01-26 13:40:00,3305.99,3308.52,3305.61,3308.5,674.1569
2025-01-26 13:45:00,3308.5,3308.89,3305.44,3306.14,453.6436
2025-01-26 13:50:00,3306.13,3307.74,3306.13,3306.27,255.7084
2025-01-26 13:55:00,3306.28,3308.12,3305.18,3307.84,497.0773
2025-01-26 14:00:00,3307.85,3307.85,3303.13,3303.14,559.0722
2025-01-26 14:05:00,3303.14,3304.09,3301.08,3301.58,1064.481
2025-01-26 14:10:00,3301.59,3303.2,3299.62,3299.86,619.1027
2025-01-26 14:15:00,3299.87,3304.11,3299.83,3304.11,683.4648
2025-01-26 14:20:00,3304.11,3304.11,3297.47,3302.3,1222.2724
2025-01-26 14:25:00,3302.29,3302.3,3300.71,3300.71,329.8812
2025-01-26 14:30:00,3300.71,3304.11,3300.7,3301.69,283.1048
2025-01-26 14:35:00,3301.7,3304.0,3301.7,3304.0,333.2147
2025-01-26 14:40:00,3303.99,3308.5,3303.8,3307.84,427.8389
2025-01-26 14:45:00,3307.84,3308.38,3306.24,3307.99,574.0538
2025-01-26 14:50:00,3308.0,3313.16,3307.99,3312.56,559.7875
2025-01-26 14:55:00,3312.55,3312.56,3309.43,3311.09,494.6128
2025-01-26 15:00:00,3311.09,3311.7,3308.74,3310.97,611.807
2025-01-26 15:05:00,3310.97,3314.45,3310.97,3311.05,431.1177
2025-01-26 15:10:00,3311.05,3313.17,3311.05,3311.86,382.5202
2025-01-26 15:15:00,3311.86,3320.68,3311.86,3319.62,1245.3007
2025-01-26 15:20:00,3319.61,3320.53,3314.82,3314.82,918.0914
2025-01-26 15:25:00,3314.82,3318.15,3314.2,3315.17,606.4769
2025-01-26 15:30:00,3315.17,3319.2,3315.17,3316.89,430.6997
2025-01-26 15:35:00,3316.89,3317.07,3315.17,3315.17,435.2919
2025-01-26 15:40:00,3315.17,3315.89,3312.21,3313.51,381.4955
2025-01-26 15:45:00,3313.51,3315.33,3312.58,3313.11,594.6432
2025-01-26 15:50:00,3313.11,3316.3,3313.11,3316.3,247.6941
2025-01-26 15:55:00,3316.3,3316.3,3313.31,3315.31,1018.4489
2025-01-26 16:00:00,3315.31,3317.67,3312.33,3312.99,1527.7215
2025-01-26 16:05:00,3312.99,3318.17,3312.99,3318.05,633.6546
2025-01-26 16:10:00,3318.05,3318.15,3308.33,3309.76,969.9012
2025-01-26 16:15:00,3309.77,3312.34,3309.41,3312.34,535.4621
2025-01-26 16:20:00,3312.33,3313.3,3307.96,3310.0,497.8263
2025-01-26 16:25:00,3310.0,3312.6,3308.88,3312.59,382.004
2025-01-26 16:30:00,3312.6,3317.0,3312.59,3317.0,275.1266
2025-01-26 16:35:00,3317.0,3318.81,3316.0,3316.01,473.2845
2025-01-26 16:40:00,3316.0,3319.2,3316.0,3318.99,304.5433
2025-01-26 16:45:00,3318.99,3320.0,3315.05,3317.85,506.9316
2025-01-26 16:50:00,3317.86,3319.76,3316.76,3317.23,463.3609
2025-01-26 16:55:00,3317.24,3319.05,3315.61,3315.82,308.6138
2025-01-26 17:00:00,3315.83,3317.54,3315.36,3317.53,334.7754
2025-01-26 17:05:00,3317.53,3318.9,3316.8,3318.2,394.8265
2025-01-26 17:10:00,3318.19,3322.14,3317.18,3321.5,577.3251
2025-01-26 17:15:00,3321.5,3323.06,3319.31,3320.16,411.8137
2025-01-26 17:20:00,3320.16,3322.33,3318.58,3318.59,470.1002
2025-01-26 17:25:00,3318.59,3321.49,3318.14,3320.1,405.8705
2025-01-26 17:30:00,3320.1,3327.39,3318.14,3326.5,704.4172
2025-01-26 17:35:00,3326.51,3329.24,3324.69,3328.38,624.9244
2025-01-26 17:40:00,3328.38,3331.0,3328.0,3329.24,670.5512
2025-01-26 17:45:00,3329.24,3341.79,3329.24,3340.61,2543.4938
2025-01-26 17:50:00,3340.6,3344.88,3338.7,3339.29,1312.7822
2025-01-26 17:55:00,3339.29,3340.9,3335.29,3338.04,1014.1634
2025-01-26 18:00:00,3338.03,3339.94,3334.02,3339.94,1450.2484
2025-01-26 18:05:00,3339.94,3342.92,3339.36,3341.6,627.7651
2025-01-26 18:10:00,3341.61,3341.61,3336.24,3337.29,982.0567
2025-01-26 18:15:00,3337.28,3340.0,3337.27,3339.78,635.0403
2025-01-26 18:20:00,3339.78,3339.97,3334.46,3338.45,814.7219
2025-01-26 18:25:00,3338.45,3340.72,3337.26,3340.2,541.9437
2025-01-26 18:30:00,3340.21,3342.82,3336.28,3342.54,1171.128
2025-01-26 18:35:00,3342.54,3342.54,3338.25,3339.21,666.6668
2025-01-26 18:40:00,3339.2,3342.5,3338.54,3342.49,428.9716
2025-01-26 18:45:00,3342.49,3342.8,3336.92,3338.09,733.3998
2025-01-26 18:50:00,3338.09,3339.16,3337.28,3338.45,331.0354
2025-01-26 18:55:00,3338.45,3338.46,3336.08,3337.16,348.0711
2025-01-26 19:00:00,3337.17,3339.29,3337.17,3338.66,281.254
2025-01-26 19:05:00,3338.65,3340.3,3336.74,3340.3,349.1272
2025-01-26 19:10:00,3340.3,3340.3,3334.68,3335.44,384.3442
2025-01-26 19:15:00,3335.45,3337.4,3335.43,3337.24,410.1762
2025-01-26 19:20:00,3337.24,3337.25,3329.62,3332.02,1368.4623
2025-01-26 19:25:00,3332.03,3333.26,3331.3,3333.2,220.7467
2025-01-26 19:30:00,3333.21,3333.98,3330.25,3333.7,419.194
2025-01-26 19:35:00,3333.71,3337.06,3333.7,3335.02,443.5693
2025-01-26 19:40:00,3335.02,3335.13,3333.93,3334.9,259.5294
2025-01-26 19:45:00,3334.9,3335.16,3333.2,3335.16,910.7657
2025-01-26 19:50:00,3335.16,3341.95,3335.15,3341.12,2035.0872
2025-01-26 19:55:00,3341.11,3341.11,3337.5,3338.74,481.472
2025-01-26 20:00:00,3338.73,3339.74,3334.38,3337.28,572.5645
2025-01-26 20:05:00,3337.29,3339.3,3336.5,3339.29,466.7062
2025-01-26 20:10:00,3339.3,3339.3,3336.0,3338.08,310.1769
2025-01-26 20:15:00,3338.08,3338.98,3335.06,3338.98,646.2218
2025-01-26 20:20:00,3338.98,3342.34,3338.97,3341.77,583.0016
2025-01-26 20:25:00,3341.78,3341.78,3339.86,3340.33,531.9536
2025-01-26 20:30:00,3340.33,3340.49,3336.3,3336.77,534.1247
2025-01-26 20:35:00,3336.78,3338.3,3334.27,3336.91,529.7314
2025-01-26 20:40:00,3336.91,3336.91,3333.52,3334.36,499.4812
2025-01-26 20:45:00,3334.36,3336.3,3333.37,3334.01,214.165
2025-01-26 20:50:00,3334.0,3334.35,3329.29,3331.22,489.7565
2025-01-26 20:55:00,3331.22,3331.22,3327.23,3329.67,611.1421
2025-01-26 21:00:00,3329.68,3330.0,3320.2,3320.21,1160.6678
2025-01-26 21:05:00,3320.2,3320.56,3314.69,3319.51,1726.9886
2025-01-26 21:10:00,3319.5,3319.5,3312.07,3313.78,952.9591
2025-01-26 21:15:00,3313.78,3315.92,3309.48,3312.6,852.19
2025-01-26 21:20:00,3312.6,3319.62,3311.61,3317.35,830.7232
2025-01-26 21:25:00,3317.35,3317.36,3312.94,3315.06,755.0543
2025-01-26 21:30:00,3315.07,3318.53,3310.98,3311.48,770.2168
2025-01-26 21:35:00,3311.48,3312.72,3310.15,3311.81,506.7689
2025-01-26 21:40:00,3311.81,3311.81,3303.81,3305.83,1377.8197
2025-01-26 21:45:00,3305.84,3305.84,3291.35,3294.89,4538.9149
2025-01-26 21:50:00,3294.88,3301.04,3294.88,3300.35,1027.718
2025-01-26 21:55:00,3300.34,3302.06,3296.45,3296.45,1035.9505
2025-01-26 22:00:00,3296.45,3298.84,3294.07,3295.57,1668.3794
2025-01-26 22:05:00,3295.58,3297.42,3281.56,3285.27,5132.0456
2025-01-26 22:10:00,3285.27,3292.9,3283.61,3292.89,3556.5619
2025-01-26 22:15:00,3292.89,3298.23,3291.18,3298.22,773.0589
2025-01-26 22:20:00,3298.22,3299.63,3296.74,3296.84,966.2675
2025-01-26 22:25:00,3296.84,3300.0,3294.07,3299.96,555.2565
2025-01-26 22:30:00,3299.96,3305.19,3299.96,3303.33,891.3032
2025-01-26 22:35:00,3303.33,3305.0,3301.93,3304.99,681.9619
2025-01-26 22:40:00,3305.0,3309.87,3305.0,3308.18,1051.4426
2025-01-26 22:45:00,3308.18,3308.19,3303.96,3303.97,722.6292
2025-01-26 22:50:00,3303.96,3304.12,3293.65,3293.65,1679.5965
2025-01-26 22:55:00,3293.66,3299.18,3288.05,3288.16,1938.5149
2025-01-26 23:00:00,3288.16,3288.16,3278.0,3283.92,4569.578
2025-01-26 23:05:00,3283.92,3286.67,3265.35,3268.85,5938.9809
2025-01-26 23:10:00,3268.85,3276.32,3266.0,3268.67,2425.1699
2025-01-26 23:15:00,3268.67,3269.2,3237.04,3257.2,16031.1618
2025-01-26 23:20:00,3257.29,3257.4,3237.04,3248.7,8115.297
2025-01-26 23:25:00,3248.73,3252.71,3242.91,3251.14,4056.9483
2025-01-26 23:30:00,3251.13,3251.13,3239.8,3241.99,4099.3082
2025-01-26 23:35:00,3242.0,3245.4,3238.01,3240.67,2293.6716
2025-01-26 23:40:00,3240.66,3245.48,3234.03,3240.9,2707.2728
2025-01-26 23:45:00,3240.9,3244.13,3234.69,3243.55,2835.8571
2025-01-26 23:50:00,3243.54,3243.87,3235.04,3239.73,4680.263
2025-01-26 23:55:00,3239.73,3239.87,3230.0,3232.61,4900.1713
2025-01-27 00:00:00,3232.61,3240.69,3210.57,3238.48,11063.9614
2025-01-27 00:05:00,3238.49,3251.99,3236.99,3248.44,4706.8827
2025-01-27 00:10:00,3248.43,3253.91,3238.17,3240.5,2944.4874
2025-01-27 00:15:00,3240.49,3243.46,3231.8,3232.65,2353.8758
2025-01-27 00:20:00,3232.65,3237.62,3224.94,3225.31,2249.6499
2025-01-27 00:25:00,3225.31,3234.95,3225.3,3231.93,1333.3413
2025-01-27 00:30:00,3231.94,3232.36,3218.8,3227.64,2068.2658
2025-01-27 00:35:00,3227.64,3231.82,3223.1,3227.21,1826.9831
2025-01-27 00:40:00,3227.2,3231.51,3223.01,3227.31,1469.4968
2025-01-27 00:45:00,3227.32,3232.44,3215.01,3221.59,4191.7077
2025-01-27 00:50:00,3221.6,3223.06,3210.0,3219.2,3318.194
2025-01-27 00:55:00,3219.2,3220.53,3210.63,3214.12,2903.4311
2025-01-27 01:00:00,3214.13,3221.11,3206.32,3220.11,4494.6401
2025-01-27 01:05:00,3220.1,3224.5,3203.74,3209.01,3589.9821
2025-01-27 01:10:00,3209.01,3209.46,3188.01,3194.55,10162.0842
2025-01-27 01:15:00,3194.55,3210.0,3191.6,3199.71,3811.1001
2025-01-27 01:20:00,3199.72,3215.0,3198.25,3214.45,3474.4754
2025-01-27 01:25:00,3214.45,3216.18,3203.18,3204.2,1799.6494
2025-01-27 01:30:00,3204.2,3205.0,3200.0,3203.96,2696.1342
2025-01-27 01:35:00,3203.97,3215.41,3201.85,3215.41,2164.1902
2025-01-27 01:40:00,3215.45,3218.0,3204.14,3204.6,1672.8794
2025-01-27 01:45:00,3204.59,3210.35,3202.11,3208.75,1512.8873
2025-01-27 01:50:00,3208.74,3213.6,3206.18,3208.32,1320.9902
2025-01-27 01:55:00,3208.32,3208.33,3195.4,3195.58,3389.2616
2025-01-27 02:00:00,3195.58,3195.58,3164.0,3186.4,18528.3967
2025-01-27 02:05:00,3186.49,3193.6,3178.56,3185.07,3979.7205
2025-01-27 02:10:00,3185.07,3193.5,3179.99,3191.4,1767.3888
2025-01-27 02:15:00,3191.4,3195.36,3175.07,3177.0,2955.9252
2025-01-27 02:20:00,3176.99,3189.04,3176.48,3186.36,2869.4382
2025-01-27 02:25:00,3186.36,3187.0,3177.67,3178.29,1650.399
2025-01-27 02:30:00,3178.3,3179.8,3165.18,3173.84,3730.5847
2025-01-27 02:35:00,3173.84,3180.43,3171.31,3175.91,2010.0858
2025-01-27 02:40:00,3175.92,3184.0,3174.0,3180.89,2273.8153
2025-01-27 02:45:00,3180.88,3182.0,3170.0,3173.01,1998.4386
2025-01-27 02:50:00,3172.96,3177.71,3168.08,3176.6,1386.3986
2025-01-27 02:55:00,3176.61,3176.95,3166.19,3170.82,1796.9867
2025-01-27 03:00:00,3170.82,3178.95,3160.71,3178.95,4060.9884
2025-01-27 03:05:00,3178.95,3180.82,3173.56,3180.32,1358.7383
2025-01-27 03:10:00,3180.32,3187.81,3179.36,3187.8,1265.9216
2025-01-27 03:15:00,3187.81,3193.82,3186.0,3193.82,1105.4902
2025-01-27 03:20:00,3193.82,3199.96,3191.05,3193.06,2281.2955
2025-01-27 03:25:00,3193.05,3194.18,3188.86,3191.59,1111.4946
2025-01-27 03:30:00,3191.59,3191.59,3182.06,3183.4,2203.7642
2025-01-27 03:35:00,3183.4,3186.42,3182.69,3184.8,722.0486
2025-01-27 03:40:00,3184.84,3185.95,3182.49,3185.8,744.8784
2025-01-27 03:45:00,3185.79,3187.76,3182.08,3182.27,1414.744
2025-01-27 03:50:00,3182.3,3185.12,3177.67,3179.24,1330.7224
2025-01-27 03:55:00,3179.23,3184.84,3178.64,3183.6,686.1883
2025-01-27 04:00:00,3183.6,3183.6,3173.95,3173.95,1433.3417
2025-01-27 04:05:00,3173.94,3174.98,3168.62,3171.65,1160.1722
2025-01-27 04:10:00,3171.65,3172.4,3166.29,3167.53,1050.3885
2025-01-27 04:15:00,3167.53,3172.38,3155.17,3159.9,3543.639
2025-01-27 04:20:00,3159.91,3167.38,3155.15,3164.1,1998.3459
2025-01-27 04:25:00,3164.1,3167.14,3162.42,3165.87,736.2746
2025-01-27 04:30:00,3165.88,3167.69,3158.02,3166.2,1276.0143
2025-01-27 04:35:00,3166.2,3169.0,3160.0,3163.47,1573.9056
2025-01-27 04:40:00,3163.47,3166.82,3158.74,3166.05,1377.3952
2025-01-27 04:45:00,3166.05,3167.88,3160.3,3160.45,1068.4561
2025-01-27 04:50:00,3160.45,3162.0,3156.02,3159.94,2260.5938
2025-01-27 04:55:00,3159.94,3160.88,3156.7,3157.14,1491.1193
2025-01-27 05:00:00,3157.14,3164.3,3153.33,3154.88,2122.25
2025-01-27 05:05:00,3154.88,3162.16,3153.76,3156.92,1962.3917
2025-01-27 05:10:00,3156.92,3157.42,3148.24,3149.69,5522.9277
2025-01-27 05:15:00,3149.69,3158.57,3149.16,3158.57,2532.7073
2025-01-27 05:20:00,3158.57,3160.34,3151.51,3152.47,1190.2278
2025-01-27 05:25:00,3152.47,3157.76,3150.66,3155.61,862.4428
2025-01-27 05:30:00,3155.61,3155.71,3146.35,3150.3,1490.4673
2025-01-27 05:35:00,3150.3,3155.28,3138.53,3139.36,3674.2162
2025-01-27 05:40:00,3139.36,3144.0,3133.0,3140.72,3468.5515
2025-01-27 05:45:00,3140.73,3141.27,3123.07,3125.49,4718.9867
2025-01-27 05:50:00,3125.49,3125.79,3115.0,3124.38,4584.7307
2025-01-27 05:55:00,3124.38,3141.47,3123.81,3140.94,2480.7026
2025-01-27 06:00:00,3140.94,3144.65,3134.75,3143.18,1509.5832
2025-01-27 06:05:00,3143.19,3151.39,3142.22,3149.9,2185.2261
2025-01-27 06:10:00,3149.91,3149.91,3126.06,3126.73,3508.4883
2025-01-27 06:15:00,3126.72,3127.1,3103.09,3104.71,9003.3193
2025-01-27 06:20:00,3104.79,3118.74,3103.0,3115.76,3370.6643
2025-01-27 06:25:00,3115.77,3121.6,3114.0,3117.34,2132.857
2025-01-27 06:30:00,3117.34,3120.0,3109.0,3119.16,2492.1735
2025-01-27 06:35:00,3119.16,3119.44,3095.0,3105.64,7495.9511
2025-01-27 06:40:00,3105.65,3109.99,3086.02,3095.0,7675.3168
2025-01-27 06:45:00,3095.0,3105.09,3083.69,3084.62,7151.1359
2025-01-27 06:50:00,3084.62,3098.0,3084.33,3091.51,3193.4009
2025-01-27 06:55:00,3091.5,3091.5,3079.0,3084.05,4706.4955
2025-01-27 07:00:00,3084.06,3091.41,3078.33,3084.81,3535.9269
2025-01-27 07:05:00,3084.82,3091.28,3079.15,3080.21,2571.3046
2025-01-27 07:10:00,3080.21,3090.41,3080.21,3084.02,2307.2639
2025-01-27 07:15:00,3084.02,3086.24,3051.54,3053.28,9262.0027
2025-01-27 07:20:00,3053.23,3070.7,3034.38,3063.0,17727.0557
2025-01-27 07:25:00,3063.01,3069.8,3020.01,3027.36,12814.23
2025-01-27 07:30:00,3027.39,3061.68,3026.37,3059.69,12502.0117
2025-01-27 07:35:00,3059.68,3068.62,3051.4,3061.51,5461.466
2025-01-27 07:40:00,3061.5,3081.72,3061.05,3077.7,6246.532
2025-01-27 07:45:00,3077.7,3078.94,3065.0,3074.94,3250.3125
2025-01-27 07:50:00,3074.93,3082.19,3071.04,3080.12,3392.285
2025-01-27 07:55:00,3080.11,3083.8,3069.65,3070.8,3913.1483
2025-01-27 08:00:00,3070.8,3072.55,3052.95,3055.72,5350.6824
2025-01-27 08:05:00,3055.71,3067.5,3052.0,3058.59,2885.2072
2025-01-27 08:10:00,3058.6,3068.52,3053.82,3067.01,2272.8607
2025-01-27 08:15:00,3067.0,3067.0,3052.95,3063.45,2765.8641
2025-01-27 08:20:00,3063.45,3071.33,3060.59,3066.43,2032.2516
2025-01-27 08:25:00,3066.44,3073.54,3061.19,3061.92,1766.3227
2025-01-27 08:30:00,3061.92,3061.93,3047.6,3048.59,3807.7738
2025-01-27 08:35:00,3048.6,3051.9,3041.02,3044.4,2880.2815
2025-01-27 08:40:00,3044.41,3046.97,3038.81,3042.0,2302.4024
2025-01-27 08:45:00,3042.01,3054.87,3040.3,3052.57,2304.2003
2025-01-27 08:50:00,3052.56,3060.9,3051.42,3059.95,1533.8544
2025-01-27 08:55:00,3059.95,3066.32,3059.95,3066.01,2938.6919
2025-01-27 09:00:00,3066.01,3075.28,3062.02,3075.27,2635.5395
2025-01-27 09:05:00,3075.28,3090.77,3075.28,3086.52,3398.3445
2025-01-27 09:10:00,3086.52,3086.52,3078.08,3078.43,2443.7261
2025-01-27 09:15:00,3078.43,3087.47,3075.58,3081.33,2320.2233
2025-01-27 09:20:00,3081.4,3081.91,3070.14,3070.63,2466.5907
2025-01-27 09:25:00,3070.64,3072.68,3060.0,3060.34,2448.6467
2025-01-27 09:30:00,3060.31,3069.89,3058.43,3069.57,1836.3462
2025-01-27 09:35:00,3069.59,3077.38,3063.26,3076.81,1690.1756
2025-01-27 09:40:00,3076.82,3079.11,3069.53,3070.11,1359.1018
2025-01-27 09:45:00,3070.1,3074.2,3066.28,3072.78,2955.0058
2025-01-27 09:50:00,3072.79,3085.0,3070.14,3081.24,2901.1152
2025-01-27 09:55:00,3081.23,3084.44,3079.27,3080.5,1896.5949
2025-01-27 10:00:00,3080.49,3081.5,3068.0,3068.84,2474.813
2025-01-27 10:05:00,3068.85,3079.14,3068.85,3076.37,1631.0499
2025-01-27 10:10:00,3076.38,3076.96,3068.86,3071.11,1810.9671
2025-01-27 10:15:00,3071.11,3072.41,3060.06,3060.3,2553.2933
2025-01-27 10:20:00,3060.3,3075.09,3060.3,3069.4,1850.6404
2025-01-27 10:25:00,3069.41,3070.57,3063.05,3063.05,1135.4793
2025-01-27 10:30:00,3063.05,3065.6,3050.0,3051.2,2863.3716
2025-01-27 10:35:00,3051.2,3054.39,3044.57,3047.29,3361.2066
2025-01-27 10:40:00,3047.28,3052.93,3042.85,3049.88,2906.1937
2025-01-27 10:45:00,3049.85,3055.96,3046.0,3048.0,2031.2246
2025-01-27 10:50:00,3048.0,3049.99,3034.48,3044.49,4389.0439
2025-01-27 10:55:00,3044.5,3048.02,3036.48,3038.39,1708.5191
2025-01-27 11:00:00,3038.4,3053.73,3037.65,3053.1,2672.7971
2025-01-27 11:05:00,3053.1,3058.5,3046.0,3053.7,2528.4067
2025-01-27 11:10:00,3053.76,3055.5,3045.0,3051.8,2283.5399
2025-01-27 11:15:00,3051.81,3067.87,3048.22,3063.29,3168.5519
2025-01-27 11:20:00,3063.3,3070.0,3062.94,3069.21,1999.4041
2025-01-27 11:25:00,3069.21,3071.7,3065.25,3067.37,1836.2268
2025-01-27 11:30:00,3067.36,3075.49,3062.8,3075.39,1993.3913
2025-01-27 11:35:00,3075.39,3075.5,3064.17,3065.03,1672.8435
2025-01-27 11:40:00,3065.02,3065.93,3062.16,3064.2,1591.6312
2025-01-27 11:45:00,3064.2,3068.42,3062.0,3066.59,1312.5181
2025-01-27 11:50:00,3066.6,3067.62,3063.2,3063.74,935.2443
2025-01-27 11:55:00,3063.74,3066.14,3058.5,3058.94,1517.3496
2025-01-27 12:00:00,3058.94,3063.0,3056.71,3059.74,1952.4559
2025-01-27 12:05:00,3059.73,3073.92,3059.3,3069.75,1779.1718
2025-01-27 12:10:00,3069.75,3071.96,3061.46,3062.35,1276.2834
2025-01-27 12:15:00,3062.34,3064.86,3058.33,3058.34,1160.7791
2025-01-27 12:20:00,3058.34,3064.47,3055.22,3062.84,1509.8375
2025-01-27 12:25:00,3062.85,3064.97,3053.67,3059.52,1638.8096
2025-01-27 12:30:00,3059.52,3061.18,3055.6,3059.51,2348.9913
2025-01-27 12:35:00,3059.51,3072.32,3058.2,3070.28,2142.9354
2025-01-27 12:40:00,3070.28,3084.01,3069.02,3084.0,2051.0349
2025-01-27 12:45:00,3084.0,3090.0,3080.0,3085.46,2584.7
2025-01-27 12:50:00,3085.46,3108.58,3082.91,3108.57,4302.8726
2025-01-27 12:55:00,3108.58,3122.87,3101.12,3103.13,9796.1938
2025-01-27 13:00:00,3103.13,3109.76,3095.21,3106.42,3873.1078
2025-01-27 13:05:00,3106.41,3127.99,3103.89,3126.97,4393.5505
2025-01-27 13:10:00,3126.98,3134.74,3120.11,3133.6,6047.0976
2025-01-27 13:15:00,3133.59,3134.5,3117.75,3120.7,4247.7637
2025-01-27 13:20:00,3120.68,3130.9,3110.08,3117.1,3232.0363
2025-01-27 13:25:00,3117.11,3125.13,3113.37,3118.56,1972.6669
2025-01-27 13:30:00,3118.6,3126.79,3113.0,3126.28,3133.4976
2025-01-27 13:35:00,3126.28,3126.29,3120.62,3124.25,1503.9184
2025-01-27 13:40:00,3124.25,3125.19,3109.6,3110.51,1866.9663
2025-01-27 13:45:00,3110.51,3116.96,3101.7,3104.38,2268.0986
2025-01-27 13:50:00,3104.39,3106.55,3088.85,3097.91,3682.8396
2025-01-27 13:55:00,3097.91,3106.73,3096.04,3099.32,1859.9785
2025-01-27 14:00:00,3099.33,3106.0,3095.5,3101.15,1481.9364
2025-01-27 14:05:00,3101.16,3101.42,3093.59,3097.99,1123.8949
2025-01-27 14:10:00,3097.99,3097.99,3083.21,3085.51,1800.0006
2025-01-27 14:15:00,3085.51,3097.1,3085.51,3096.99,1109.435
2025-01-27 14:20:00,3096.99,3105.56,3096.0,3100.36,1544.6166
2025-01-27 14:25:00,3100.33,3106.33,3100.26,3103.86,1093.6833
2025-01-27 14:30:00,3103.85,3127.47,3092.93,3111.21,6834.5694
2025-01-27 14:35:00,3111.21,3125.91,3104.55,3125.63,3982.2877
2025-01-27 14:40:00,3125.62,3126.0,3117.12,3124.1,2567.7718
2025-01-27 14:45:00,3124.09,3143.85,3120.0,3139.12,4207.314
2025-01-27 14:50:00,3139.12,3143.54,3130.03,3138.71,3604.3542
2025-01-27 14:55:00,3138.71,3146.61,3134.52,3137.51,4087.798
2025-01-27 15:00:00,3137.51,3140.0,3125.0,3130.67,3554.5841
2025-01-27 15:05:00,3130.67,3142.58,3127.05,3128.93,2610.0872
2025-01-27 15:10:00,3128.93,3137.24,3127.05,3128.07,2057.0062
2025-01-27 15:15:00,3128.06,3133.0,3113.93,3114.17,3733.6648
2025-01-27 15:20:00,3114.16,3127.0,3112.0,3126.33,1921.3296
2025-01-27 15:25:00,3126.32,3144.24,3124.65,3139.98,2812.7185
2025-01-27 15:30:00,3139.98,3140.57,3132.65,3139.5,1714.9314
2025-01-27 15:35:00,3139.51,3150.76,3139.15,3144.92,2754.9077
2025-01-27 15:40:00,3144.93,3152.0,3141.77,3144.97,2065.8715
2025-01-27 15:45:00,3144.97,3151.01,3139.0,3142.75,1338.7231
2025-01-27 15:50:00,3142.75,3147.41,3136.61,3142.6,1141.1462
2025-01-27 15:55:00,3142.6,3145.0,3130.0,3133.4,874.6638
2025-01-27 16:00:00,3133.39,3133.39,3126.0,3127.95,2910.6757
2025-01-27 16:05:00,3127.96,3128.48,3117.77,3118.51,2287.555
2025-01-27 16:10:00,3118.51,3124.6,3114.5,3122.14,1840.1603
2025-01-27 16:15:00,3122.13,3130.0,3120.79,3124.33,1167.9758
2025-01-27 16:20:00,3124.33,3128.76,3118.87,3119.55,1319.6535
2025-01-27 16:25:00,3119.54,3123.68,3115.03,3118.61,1452.0929
2025-01-27 16:30:00,3118.6,3118.6,3101.37,3103.53,2942.9002
2025-01-27 16:35:00,3103.53,3109.27,3083.67,3087.33,5658.2236
2025-01-27 16:40:00,3087.33,3096.29,3081.4,3090.83,5072.8277
2025-01-27 16:45:00,3090.82,3104.47,3084.1,3099.49,2587.7564
2025-01-27 16:50:00,3099.49,3100.29,3075.81,3076.3,2696.4952
2025-01-27 16:55:00,3076.3,3086.3,3076.3,3084.0,2140.4487
2025-01-27 17:00:00,3084.01,3099.08,3083.03,3095.34,2487.7722
2025-01-27 17:05:00,3095.34,3097.21,3076.21,3083.43,1733.5708
2025-01-27 17:10:00,3083.42,3094.32,3081.41,3089.96,2881.3561
2025-01-27 17:15:00,3089.95,3092.14,3083.53,3085.11,2519.523
2025-01-27 17:20:00,3085.12,3085.27,3067.38,3079.99,2095.5528
2025-01-27 17:25:00,3079.98,3088.0,3075.64,3086.97,1341.5301
2025-01-27 17:30:00,3086.96,3094.3,3078.76,3093.46,1676.3261
2025-01-27 17:35:00,3093.43,3096.86,3089.99,3093.17,1348.3223
2025-01-27 17:40:00,3093.18,3094.54,3083.77,3089.13,1096.8997
2025-01-27 17:45:00,3089.14,3093.21,3084.15,3084.75,992.2649
2025-01-27 17:50:00,3084.75,3084.75,3066.68,3079.51,2109.3774
2025-01-27 17:55:00,3079.5,3079.68,3069.8,3072.7,1520.1298
2025-01-27 18:00:00,3072.7,3081.14,3071.6,3080.14,1311.9304
2025-01-27 18:05:00,3080.14,3083.57,3075.0,3078.81,1297.7367
2025-01-27 18:10:00,3078.8,3083.15,3073.86,3080.13,1617.8556
2025-01-27 18:15:00,3080.12,3088.95,3076.76,3077.76,1371.3769
2025-01-27 18:20:00,3077.78,3081.81,3073.8,3075.89,1484.4113
2025-01-27 18:25:00,3075.9,3078.48,3067.33,3069.01,1564.0748
2025-01-27 18:30:00,3069.0,3078.88,3067.51,3075.81,1786.9927
2025-01-27 18:35:00,3075.81,3078.0,3063.03,3065.61,1695.4675
2025-01-27 18:40:00,3065.61,3070.07,3057.58,3061.13,3630.2338
2025-01-27 18:45:00,3061.14,3066.64,3054.11,3055.06,1631.0761
2025-01-27 18:50:00,3055.05,3060.51,3046.68,3058.08,3034.7205
2025-01-27 18:55:00,3058.07,3064.95,3052.23,3054.82,1766.8758
2025-01-27 19:00:00,3054.82,3071.07,3054.81,3068.59,1968.7355
2025-01-27 19:05:00,3068.59,3071.35,3062.0,3066.53,1337.9908
2025-01-27 19:10:00,3066.52,3073.84,3062.4,3063.56,802.8213
2025-01-27 19:15:00,3063.55,3067.47,3058.88,3065.41,1332.1019
2025-01-27 19:20:00,3065.41,3072.7,3065.03,3072.07,1240.751
2025-01-27 19:25:00,3072.07,3076.61,3068.52,3074.77,1105.2817
2025-01-27 19:30:00,3074.77,3079.78,3068.05,3078.98,1186.6466
2025-01-27 19:35:00,3078.99,3081.99,3072.5,3077.51,995.5758
2025-01-27 19:40:00,3077.51,3079.6,3073.51,3076.79,1275.4903
2025-01-27 19:45:00,3076.79,3078.38,3070.25,3078.38,1539.4903
2025-01-27 19:50:00,3078.39,3079.81,3071.75,3076.82,1374.6885
2025-01-27 19:55:00,3076.81,3077.08,3065.68,3075.93,1585.2136
2025-01-27 20:00:00,3075.93,3085.0,3075.78,3082.6,965.9521
2025-01-27 20:05:00,3082.6,3083.15,3073.13,3082.09,922.5883
2025-01-27 20:10:00,3082.08,3085.55,3079.59,3081.51,760.8314
2025-01-27 20:15:00,3081.5,3088.93,3077.07,3088.93,980.7603
2025-01-27 20:20:00,3088.92,3105.75,3088.92,3104.91,1770.925
2025-01-27 20:25:00,3104.92,3106.99,3095.0,3100.11,1056.9545
2025-01-27 20:30:00,3100.12,3115.57,3100.12,3113.99,1374.5559
2025-01-27 20:35:00,3114.0,3122.94,3111.13,3120.91,1475.3753
2025-01-27 20:40:00,3120.92,3125.43,3113.99,3121.73,1607.7444
2025-01-27 20:45:00,3121.74,3139.51,3120.62,3129.0,2425.7714
2025-01-27 20:50:00,3129.01,3139.27,3128.07,3137.53,1712.1006
2025-01-27 20:55:00,3137.53,3148.97,3137.53,3145.38,2411.9868
2025-01-27 21:00:00,3145.37,3154.0,3142.0,3147.24,1937.3707
2025-01-27 21:05:00,3147.23,3169.66,3145.12,3169.47,3329.7724
2025-01-27 21:10:00,3169.48,3188.98,3166.01,3188.6,3712.7421
2025-01-27 21:15:00,3188.61,3234.73,3184.05,3234.73,9806.1337
2025-01-27 21:20:00,3234.74,3239.0,3187.27,3187.27,8453.1958
2025-01-27 21:25:00,3187.28,3196.8,3178.39,3180.29,3909.1129
2025-01-27 21:30:00,3180.29,3183.76,3163.73,3165.3,2717.5024
2025-01-27 21:35:00,3165.31,3171.36,3155.37,3155.38,2288.2615
2025-01-27 21:40:00,3155.37,3158.31,3146.71,3153.66,2700.0139
2025-01-27 21:45:00,3153.66,3167.25,3153.66,3162.54,1497.6301
2025-01-27 21:50:00,3162.54,3162.54,3150.01,3156.88,1111.5586
2025-01-27 21:55:00,3156.88,3164.32,3156.88,3159.25,999.8701
2025-01-27 22:00:00,3159.26,3173.43,3159.26,3167.2,1511.1841
2025-01-27 22:05:00,3167.2,3171.48,3164.28,3170.26,851.6567
2025-01-27 22:10:00,3170.26,3171.95,3156.23,3164.3,765.311
2025-01-27 22:15:00,3164.31,3166.31,3158.93,3164.1,1037.9746
2025-01-27 22:20:00,3164.1,3164.1,3146.54,3150.02,1076.2582
2025-01-27 22:25:00,3150.03,3159.16,3150.02,3156.01,792.1504
2025-01-27 22:30:00,3156.0,3167.77,3156.0,3165.59,1598.7406
2025-01-27 22:35:00,3165.6,3169.23,3164.0,3164.0,693.6371
2025-01-27 22:40:00,3164.0,3171.19,3163.68,3171.18,594.4845
2025-01-27 22:45:00,3171.09,3180.82,3170.57,3179.35,1162.7986
2025-01-27 22:50:00,3179.35,3181.5,3174.12,3176.17,1221.5668
2025-01-27 22:55:00,3176.17,3178.08,3170.17,3170.95,393.6512
2025-01-27 23:00:00,3170.95,3180.75,3170.55,3175.56,1089.9804
2025-01-27 23:05:00,3175.56,3177.73,3172.7,3176.92,647.1332
2025-01-27 23:10:00,3176.91,3176.97,3172.68,3173.2,516.0928
2025-01-27 23:15:00,3173.2,3174.88,3163.19,3166.51,842.5027
2025-01-27 23:20:00,3166.5,3173.34,3162.66,3172.11,1035.0367
2025-01-27 23:25:00,3172.11,3173.33,3160.0,3163.59,2244.2624
2025-01-27 23:30:00,3163.59,3167.4,3163.48,3165.69,1291.6553
2025-01-27 23:35:00,3165.7,3168.85,3165.0,3165.27,428.1351
2025-01-27 23:40:00,3165.27,3171.03,3165.0,3166.94,619.2305
2025-01-27 23:45:00,3166.94,3172.16,3166.93,3172.1,424.3535
2025-01-27 23:50:00,3172.1,3175.0,3171.69,3174.92,491.0043
2025-01-27 23:55:00,3174.91,3183.04,3174.91,3182.44,1127.1155
2025-01-28 00:00:00,3182.44,3200.6,3180.5,3198.5,2588.796
2025-01-28 00:05:00,3198.49,3203.89,3190.69,3202.29,3591.1873
2025-01-28 00:10:00,3202.3,3202.79,3188.76,3188.9,3123.2166
2025-01-28 00:15:00,3188.91,3190.23,3180.03,3184.09,2238.3414
2025-01-28 00:20:00,3184.1,3187.98,3179.71,3179.98,1806.7455
2025-01-28 00:25:00,3179.98,3180.82,3177.81,3178.3,927.0651
2025-01-28 00:30:00,3178.31,3179.0,3171.69,3172.7,1035.2614
2025-01-28 00:35:00,3172.71,3182.31,3172.7,3180.98,1163.4788
2025-01-28 00:40:00,3180.99,3181.96,3174.75,3178.37,1018.1167
2025-01-28 00:45:00,3178.37,3179.36,3171.6,3171.99,737.1254
2025-01-28 00:50:00,3171.99,3173.29,3164.2,3166.66,2500.5307
2025-01-28 00:55:00,3166.66,3168.79,3164.71,3167.28,1331.8006
2025-01-28 01:00:00,3167.29,3170.75,3164.71,3165.15,923.1177
2025-01-28 01:05:00,3165.15,3167.52,3160.0,3160.62,956.1825
2025-01-28 01:10:00,3160.62,3166.6,3160.59,3165.79,780.1259
2025-01-28 01:15:00,3165.79,3170.49,3159.0,3160.62,752.617
2025-01-28 01:20:00,3160.63,3163.22,3160.21,3161.68,724.2593
2025-01-28 01:25:00,3161.68,3161.68,3152.25,3153.99,1015.7058
2025-01-28 01:30:00,3153.99,3163.76,3151.62,3162.49,1101.6683
2025-01-28 01:35:00,3162.5,3163.98,3158.34,3160.28,544.7977
2025-01-28 01:40:00,3160.28,3160.85,3155.21,3158.01,582.0516
2025-01-28 01:45:00,3158.01,3167.0,3155.78,3166.99,799.3266
2025-01-28 01:50:00,3167.0,3173.84,3167.0,3173.84,777.3408
2025-01-28 01:55:00,3173.84,3176.88,3165.62,3166.68,733.6485
2025-01-28 02:00:00,3166.61,3176.47,3165.21,3176.24,1121.9788
2025-01-28 02:05:00,3176.23,3180.32,3172.41,3174.02,797.3614
2025-01-28 02:10:00,3174.02,3181.42,3174.02,3178.38,666.8233
2025-01-28 02:15:00,3178.37,3184.53,3176.75,3183.75,623.3225
2025-01-28 02:20:00,3183.76,3188.61,3182.2,3188.56,846.5522
2025-01-28 02:25:00,3188.56,3196.0,3185.0,3187.96,1026.7675
2025-01-28 02:30:00,3188.0,3194.06,3183.45,3187.79,955.8289
2025-01-28 02:35:00,3187.79,3187.99,3183.92,3187.6,779.8199
2025-01-28 02:40:00,3187.6,3195.85,3187.32,3192.92,882.2607
2025-01-28 02:45:00,3192.93,3199.77,3191.6,3192.0,1365.8614
2025-01-28 02:50:00,3192.0,3193.43,3186.09,3192.14,1394.9227
2025-01-28 02:55:00,3192.13,3194.4,3189.31,3192.83,439.8591
2025-01-28 03:00:00,3192.83,3194.94,3180.01,3182.0,1572.5411
2025-01-28 03:05:00,3182.01,3182.77,3175.73,3179.75,783.6032
2025-01-28 03:10:00,3179.74,3185.14,3179.08,3184.89,488.2648
2025-01-28 03:15:00,3184.89,3187.94,3180.85,3184.29,1324.3882
2025-01-28 03:20:00,3184.3,3199.38,3181.91,3199.22,1551.012
2025-01-28 03:25:00,3199.23,3202.43,3191.82,3198.87,1823.3079
2025-01-28 03:30:00,3198.86,3205.43,3195.5,3200.84,1366.959
2025-01-28 03:35:00,3200.85,3206.18,3197.0,3204.66,1404.7317
2025-01-28 03:40:00,3204.66,3218.39,3203.2,3216.12,3186.8668
2025-01-28 03:45:00,3216.13,3218.0,3210.94,3214.63,1625.1661
2025-01-28 03:50:00,3214.61,3214.78,3210.56,3212.01,643.0546
2025-01-28 03:55:00,3212.0,3212.0,3201.58,3203.15,1306.6354
2025-01-28 04:00:00,3203.15,3207.5,3198.99,3201.17,919.1463
2025-01-28 04:05:00,3201.18,3204.5,3199.25,3202.74,582.624
2025-01-28 04:10:00,3202.74,3203.9,3199.0,3199.16,507.9479
2025-01-28 04:15:00,3199.16,3200.48,3197.78,3200.01,450.7955
2025-01-28 04:20:00,3200.0,3208.66,3199.74,3207.61,612.0388
2025-01-28 04:25:00,3207.6,3207.61,3201.1,3202.94,718.7574
2025-01-28 04:30:00,3202.94,3209.38,3202.93,3208.95,697.7307
2025-01-28 04:35:00,3208.96,3223.01,3208.96,3219.01,2436.1709
2025-01-28 04:40:00,3219.01,3219.42,3214.5,3217.0,1344.121
2025-01-28 04:45:00,3217.0,3217.29,3210.97,3211.5,675.2487
2025-01-28 04:50:00,3211.49,3218.33,3209.99,3209.99,872.3166
2025-01-28 04:55:00,3210.0,3212.96,3210.0,3212.37,354.478
2025-01-28 05:00:00,3212.38,3216.49,3211.85,3213.86,706.1286
2025-01-28 05:05:00,3213.86,3218.21,3212.68,3215.97,754.791
2025-01-28 05:10:00,3215.97,3220.03,3214.0,3214.99,521.7076
2025-01-28 05:15:00,3214.99,3217.98,3209.0,3210.14,1310.0386
2025-01-28 05:20:00,3210.14,3215.43,3209.42,3215.43,362.836
2025-01-28 05:25:00,3215.43,3215.98,3213.0,3215.31,357.4354
2025-01-28 05:30:00,3215.31,3218.0,3212.75,3217.98,671.5924
2025-01-28 05:35:00,3217.99,3221.48,3216.98,3221.47,680.3839
2025-01-28 05:40:00,3221.48,3221.48,3215.06,3215.82,810.6168
2025-01-28 05:45:00,3215.82,3221.97,3215.74,3218.99,748.9777
2025-01-28 05:50:00,3219.0,3219.69,3212.51,3213.3,865.1548
2025-01-28 05:55:00,3213.3,3213.96,3209.39,3212.95,448.8094
2025-01-28 06:00:00,3212.95,3215.38,3205.07,3214.56,1424.3998
2025-01-28 06:05:00,3214.57,3215.41,3208.0,3209.1,573.141
2025-01-28 06:10:00,3209.11,3211.95,3206.0,3206.01,507.436
2025-01-28 06:15:00,3206.0,3208.44,3205.0,3205.36,640.7023
2025-01-28 06:20:00,3205.36,3209.47,3205.01,3205.46,452.1953
2025-01-28 06:25:00,3205.46,3207.89,3203.74,3207.7,1249.6683
2025-01-28 06:30:00,3207.7,3211.57,3206.05,3207.0,558.7978
2025-01-28 06:35:00,3207.0,3207.0,3199.0,3200.12,981.6235
2025-01-28 06:40:00,3200.13,3201.57,3191.97,3194.73,1613.023
2025-01-28 06:45:00,3194.72,3199.3,3194.29,3198.99,519.9198
2025-01-28 06:50:00,3198.99,3202.24,3196.68,3196.88,774.1672
2025-01-28 06:55:00,3196.88,3197.58,3193.64,3195.0,530.8385
2025-01-28 07:00:00,3194.99,3196.23,3188.8,3196.1,1121.2876
2025-01-28 07:05:00,3196.1,3202.67,3195.53,3201.91,386.5317
2025-01-28 07:10:00,3201.9,3206.22,3201.59,3203.97,390.9807
2025-01-28 07:15:00,3203.96,3207.93,3203.28,3207.46,442.3418
2025-01-28 07:20:00,3207.45,3216.11,3205.69,3214.01,659.3192
2025-01-28 07:25:00,3214.02,3214.6,3209.38,3209.56,392.7022
2025-01-28 07:30:00,3209.54,3210.4,3204.12,3208.94,813.5887
2025-01-28 07:35:00,3208.94,3208.96,3203.89,3203.9,719.8048
2025-01-28 07:40:00,3203.89,3204.89,3201.05,3202.16,697.253
2025-01-28 07:45:00,3202.15,3203.41,3193.3,3197.38,1065.5925
2025-01-28 07:50:00,3197.39,3198.93,3193.83,3193.84,840.8858
2025-01-28 07:55:00,3193.83,3197.65,3193.83,3196.22,1110.4208
2025-01-28 08:00:00,3196.22,3197.75,3188.07,3188.08,758.5367
2025-01-28 08:05:00,3188.08,3191.52,3183.4,3191.51,1081.8123
2025-01-28 08:10:00,3191.51,3194.85,3187.61,3192.54,936.9185
2025-01-28 08:15:00,3192.53,3199.87,3191.29,3198.42,654.4963
2025-01-28 08:20:00,3198.42,3205.45,3198.41,3203.37,956.2725
2025-01-28 08:25:00,3203.36,3203.99,3196.43,3197.63,530.995
2025-01-28 08:30:00,3197.63,3199.82,3188.15,3194.72,1021.2143
2025-01-28 08:35:00,3194.71,3195.18,3189.95,3193.44,575.0916
2025-01-28 08:40:00,3193.43,3201.23,3189.71,3199.55,639.3743
2025-01-28 08:45:00,3199.54,3199.55,3191.7,3195.34,554.0175
2025-01-28 08:50:00,3195.33,3197.5,3191.53,3194.1,472.6865
2025-01-28 08:55:00,3194.1,3199.76,3192.84,3198.4,556.947
2025-01-28 09:00:00,3198.4,3199.32,3193.83,3195.8,921.2353
2025-01-28 09:05:00,3195.81,3198.86,3192.98,3198.13,374.9637
2025-01-28 09:10:00,3198.13,3201.62,3197.51,3199.23,510.9174
2025-01-28 09:15:00,3199.24,3200.58,3193.17,3195.75,473.6691
2025-01-28 09:20:00,3195.74,3196.03,3190.63,3192.5,527.8253
2025-01-28 09:25:00,3192.5,3192.5,3184.7,3185.57,1751.3196
2025-01-28 09:30:00,3185.57,3190.0,3185.32,3189.45,544.7815
2025-01-28 09:35:00,3189.45,3193.22,3188.0,3188.0,431.6437
2025-01-28 09:40:00,3188.01,3193.7,3188.0,3190.83,316.1888
2025-01-28 09:45:00,3190.83,3192.03,3184.22,3187.53,730.9591
2025-01-28 09:50:00,3187.53,3194.42,3185.01,3194.41,381.2116
2025-01-28 09:55:00,3194.41,3198.44,3193.06,3196.92,660.8561
2025-01-28 10:00:00,3196.92,3197.06,3190.77,3192.35,285.3354
2025-01-28 10:05:00,3192.35,3198.26,3191.9,3195.78,515.6328
2025-01-28 10:10:00,3195.79,3197.0,3195.01,3196.02,375.7691
2025-01-28 10:15:00,3196.02,3205.8,3196.02,3201.13,716.5544
2025-01-28 10:20:00,3201.13,3205.61,3200.41,3204.64,670.2455
2025-01-28 10:25:00,3204.64,3208.0,3202.2,3202.2,1431.4882
2025-01-28 10:30:00,3202.2,3202.53,3197.11,3200.9,1054.1569
2025-01-28 10:35:00,3200.91,3201.31,3195.46,3198.7,519.077
2025-01-28 10:40:00,3198.7,3200.88,3193.0,3194.44,568.6618
2025-01-28 10:45:00,3194.44,3195.35,3191.58,3191.6,437.586
2025-01-28 10:50:00,3191.6,3197.0,3189.26,3196.99,691.272
2025-01-28 10:55:00,3197.0,3197.87,3194.38,3194.38,233.4242
2025-01-28 11:00:00,3194.39,3197.87,3194.36,3196.9,355.8331
2025-01-28 11:05:00,3196.91,3199.69,3193.05,3199.35,663.9647
2025-01-28 11:10:00,3199.36,3200.89,3195.84,3197.08,516.542
2025-01-28 11:15:00,3197.09,3199.23,3190.32,3190.32,336.7645
2025-01-28 11:20:00,3190.32,3191.83,3189.41,3191.13,274.0219
2025-01-28 11:25:00,3191.13,3191.26,3187.01,3189.18,451.9036
2025-01-28 11:30:00,3189.19,3189.59,3183.65,3184.87,547.7881
2025-01-28 11:35:00,3184.87,3184.88,3177.1,3181.52,1207.8683
2025-01-28 11:40:00,3181.52,3186.23,3181.02,3185.49,372.4034
2025-01-28 11:45:00,3185.49,3190.6,3185.27,3190.31,406.881
2025-01-28 11:50:00,3190.31,3191.6,3186.0,3186.0,620.1157
2025-01-28 11:55:00,3186.01,3187.67,3184.95,3186.74,310.5717
2025-01-28 12:00:00,3186.75,3190.79,3182.27,3190.78,691.3276
2025-01-28 12:05:00,3190.78,3196.01,3186.19,3186.2,653.2701
2025-01-28 12:10:00,3186.19,3192.62,3184.77,3188.16,448.9029
2025-01-28 12:15:00,3188.17,3190.69,3183.67,3183.68,640.2805
2025-01-28 12:20:00,3183.68,3186.94,3182.72,3183.24,620.9965
2025-01-28 12:25:00,3183.24,3184.0,3180.0,3183.19,515.8654
2025-01-28 12:30:00,3183.18,3183.18,3173.28,3177.25,1280.2713
2025-01-28 12:35:00,3177.26,3181.32,3175.46,3180.01,569.2921
2025-01-28 12:40:00,3180.01,3181.5,3171.32,3176.96,657.5357
2025-01-28 12:45:00,3176.96,3176.96,3166.4,3169.5,1305.8387
2025-01-28 12:50:00,3169.63,3174.09,3169.23,3173.14,610.3936
2025-01-28 12:55:00,3173.13,3176.66,3172.34,3174.99,321.1993
2025-01-28 13:00:00,3174.99,3179.0,3171.21,3178.79,567.1108
2025-01-28 13:05:00,3178.79,3181.5,3177.07,3181.5,363.7698
2025-01-28 13:10:00,3181.49,3185.08,3181.4,3183.87,669.2952
2025-01-28 13:15:00,3183.88,3184.97,3179.66,3181.59,469.2302
2025-01-28 13:20:00,3181.6,3188.65,3181.6,3186.6,512.7757
2025-01-28 13:25:00,3186.61,3189.5,3186.55,3187.76,405.665
2025-01-28 13:30:00,3187.75,3187.75,3178.72,3178.73,470.8882
2025-01-28 13:35:00,3178.73,3181.77,3174.61,3179.57,526.7913
2025-01-28 13:40:00,3179.58,3183.46,3176.96,3177.13,497.86
2025-01-28 13:45:00,3177.12,3181.69,3176.46,3179.98,352.1487
2025-01-28 13:50:00,3179.97,3179.98,3174.47,3174.48,377.5154
2025-01-28 13:55:00,3174.48,3176.38,3170.49,3175.36,558.4032
2025-01-28 14:00:00,3175.36,3175.71,3168.64,3169.4,1101.9895
2025-01-28 14:05:00,3169.4,3169.76,3160.47,3165.21,2263.3643
2025-01-28 14:10:00,3165.21,3168.19,3156.86,3161.5,1121.3621
2025-01-28 14:15:00,3161.49,3165.85,3158.92,3159.37,1075.2032
2025-01-28 14:20:00,3159.36,3170.36,3158.38,3168.17,1041.8256
2025-01-28 14:25:00,3168.17,3174.66,3168.17,3171.83,672.5106
2025-01-28 14:30:00,3171.84,3180.5,3160.23,3169.9,2232.2786
2025-01-28 14:35:00,3169.91,3180.11,3169.15,3170.41,2027.7888
2025-01-28 14:40:00,3170.41,3175.86,3160.0,3162.78,1957.1712
2025-01-28 14:45:00,3162.79,3168.99,3158.59,3167.98,1820.4722
2025-01-28 14:50:00,3167.97,3176.68,3161.1,3176.68,1765.5455
2025-01-28 14:55:00,3176.61,3178.72,3171.73,3172.31,1075.1507
2025-01-28 15:00:00,3172.32,3195.91,3172.32,3189.82,3614.5927
2025-01-28 15:05:00,3189.82,3192.45,3177.04,3177.04,1994.0415
2025-01-28 15:10:00,3177.04,3183.62,3171.2,3179.74,1119.6773
2025-01-28 15:15:00,3179.75,3181.81,3174.71,3176.07,646.9106
2025-01-28 15:20:00,3176.07,3199.22,3174.5,3191.47,3015.5394
2025-01-28 15:25:00,3191.48,3198.86,3186.7,3195.57,1132.6587
2025-01-28 15:30:00,3195.58,3214.38,3194.14,3203.66,4434.6024
2025-01-28 15:35:00,3203.65,3205.99,3199.75,3201.24,1278.0071
2025-01-28 15:40:00,3201.23,3204.01,3189.56,3190.61,2146.8209
2025-01-28 15:45:00,3190.61,3193.65,3181.28,3192.85,1501.0311
2025-01-28 15:50:00,3192.85,3195.84,3179.29,3180.89,1297.5874
2025-01-28 15:55:00,3180.89,3183.66,3173.36,3181.36,1685.7975
2025-01-28 16:00:00,3181.37,3182.98,3172.82,3174.97,1138.4941
2025-01-28 16:05:00,3174.96,3176.46,3163.68,3171.67,1428.8074
2025-01-28 16:10:00,3171.68,3176.47,3166.72,3168.44,824.1464
2025-01-28 16:15:00,3168.44,3172.9,3158.07,3163.0,1490.2436
2025-01-28 16:20:00,3162.99,3169.06,3160.64,3163.65,924.8239
2025-01-28 16:25:00,3163.65,3164.44,3155.21,3160.8,2047.0909
2025-01-28 16:30:00,3160.8,3166.5,3160.23,3162.64,997.8239
2025-01-28 16:35:00,3162.65,3165.0,3155.9,3163.08,1659.3719
2025-01-28 16:40:00,3163.08,3164.08,3153.0,3161.78,1845.955
2025-01-28 16:45:00,3161.77,3167.0,3160.0,3161.46,1544.9341
2025-01-28 16:50:00,3161.47,3163.35,3136.74,3143.96,5907.1687
2025-01-28 16:55:00,3143.96,3151.39,3141.0,3150.81,855.9685
2025-01-28 17:00:00,3150.8,3159.49,3150.8,3159.46,2389.9366
2025-01-28 17:05:00,3159.46,3167.0,3158.56,3165.16,1648.7813
2025-01-28 17:10:00,3165.16,3180.72,3165.15,3178.6,3618.2857
2025-01-28 17:15:00,3178.61,3182.77,3172.27,3182.1,1188.9775
2025-01-28 17:20:00,3182.1,3182.5,3176.02,3176.95,728.8942
2025-01-28 17:25:00,3176.95,3178.5,3169.86,3174.71,1298.2499
2025-01-28 17:30:00,3174.71,3177.46,3169.87,3175.73,1067.2639
2025-01-28 17:35:00,3175.73,3179.51,3170.06,3170.06,612.9076
2025-01-28 17:40:00,3170.06,3170.06,3159.06,3161.64,1334.5241
2025-01-28 17:45:00,3161.64,3164.38,3157.0,3159.91,1001.614
2025-01-28 17:50:00,3159.92,3163.31,3158.0,3162.92,1921.8517
2025-01-28 17:55:00,3162.93,3173.71,3162.92,3167.62,760.7988
2025-01-28 18:00:00,3167.62,3171.17,3163.83,3168.75,781.52
2025-01-28 18:05:00,3168.76,3173.85,3162.44,3162.79,828.9772
2025-01-28 18:10:00,3162.79,3174.87,3161.85,3171.99,1056.1167
2025-01-28 18:15:00,3171.99,3177.56,3169.75,3170.78,780.6868
2025-01-28 18:20:00,3170.79,3171.93,3164.65,3166.07,724.7687
2025-01-28 18:25:00,3166.07,3168.02,3162.81,3164.02,546.3198
2025-01-28 18:30:00,3164.02,3167.12,3163.0,3163.12,393.9598
2025-01-28 18:35:00,3163.13,3163.13,3155.0,3155.42,1117.9438
2025-01-28 18:40:00,3155.41,3156.96,3147.01,3151.25,1235.3915
2025-01-28 18:45:00,3151.25,3151.9,3145.54,3149.38,978.2102
2025-01-28 18:50:00,3149.39,3153.97,3145.18,3150.17,2400.0034
2025-01-28 18:55:00,3150.17,3150.18,3141.0,3144.06,1942.0169
2025-01-28 19:00:00,3144.06,3146.32,3132.48,3135.15,1761.9606
2025-01-28 19:05:00,3135.15,3135.85,3120.36,3126.78,3773.4335
2025-01-28 19:10:00,3126.78,3129.84,3121.66,3127.63,1910.9018
2025-01-28 19:15:00,3127.63,3139.87,3125.0,3139.08,1686.305
2025-01-28 19:20:00,3139.07,3142.34,3136.2,3140.05,883.2297
2025-01-28 19:25:00,3140.04,3143.38,3135.63,3141.94,767.4678
2025-01-28 19:30:00,3141.94,3144.45,3135.94,3141.0,721.3594
2025-01-28 19:35:00,3141.0,3142.88,3134.11,3142.66,696.7606
2025-01-28 19:40:00,3142.66,3143.95,3136.6,3141.11,537.2667
2025-01-28 19:45:00,3141.1,3150.0,3141.1,3150.0,1250.9056
2025-01-28 19:50:00,3150.0,3150.49,3137.97,3141.65,4795.5604
2025-01-28 19:55:00,3141.65,3149.99,3141.64,3147.31,799.8672
2025-01-28 20:00:00,3147.31,3150.36,3141.22,3143.84,5779.3841
2025-01-28 20:05:00,3143.84,3148.5,3140.22,3145.59,1001.2224
2025-01-28 20:10:00,3145.59,3155.37,3144.9,3152.19,543.3893
2025-01-28 20:15:00,3152.19,3152.2,3140.72,3142.96,1007.6766
2025-01-28 20:20:00,3142.97,3143.36,3136.25,3142.01,659.0985
2025-01-28 20:25:00,3142.01,3142.02,3133.44,3133.85,645.1576
2025-01-28 20:30:00,3133.84,3135.38,3125.02,3128.72,2008.1377
2025-01-28 20:35:00,3128.77,3131.91,3123.62,3130.52,1325.3752
2025-01-28 20:40:00,3130.52,3132.7,3125.75,3127.55,1208.6272
2025-01-28 20:45:00,3127.59,3127.79,3108.0,3111.05,2854.3625
2025-01-28 20:50:00,3111.05,3111.5,3103.32,3106.46,2115.0844
2025-01-28 20:55:00,3106.47,3107.22,3093.03,3095.42,4796.7499
2025-01-28 21:00:00,3095.42,3107.25,3093.98,3103.12,3010.4459
2025-01-28 21:05:00,3103.11,3109.64,3098.03,3104.6,2102.3754
2025-01-28 21:10:00,3104.6,3113.23,3100.27,3107.26,1247.2679
2025-01-28 21:15:00,3107.25,3115.27,3104.71,3113.99,1725.994
2025-01-28 21:20:00,3113.99,3114.16,3098.0,3098.4,2259.363
2025-01-28 21:25:00,3098.4,3101.22,3095.35,3099.85,2159.8858
2025-01-28 21:30:00,3099.85,3100.39,3080.01,3082.33,3488.9384
2025-01-28 21:35:00,3082.34,3084.32,3070.01,3070.42,3632.7834
2025-01-28 21:40:00,3070.42,3079.92,3066.0,3072.26,3297.0756
2025-01-28 21:45:00,3072.25,3081.84,3071.24,3077.38,1216.9808
2025-01-28 21:50:00,3077.38,3078.92,3060.22,3066.47,2492.4898
2025-01-28 21:55:00,3066.47,3067.92,3052.15,3053.51,4979.1075
2025-01-28 22:00:00,3053.5,3058.93,3043.03,3044.55,5305.512
2025-01-28 22:05:00,3044.54,3055.0,3044.03,3048.96,3742.0877
2025-01-28 22:10:00,3048.95,3070.25,3040.03,3070.17,4199.7504
2025-01-28 22:15:00,3070.17,3087.0,3067.92,3079.64,5726.5514
2025-01-28 22:20:00,3079.63,3079.86,3063.9,3068.59,1643.6938
2025-01-28 22:25:00,3068.59,3073.74,3065.23,3068.24,1694.0291
2025-01-28 22:30:00,3068.25,3070.61,3061.79,3067.13,1280.7307
2025-01-28 22:35:00,3067.13,3075.41,3066.01,3075.4,993.5081
2025-01-28 22:40:00,3075.41,3082.25,3075.4,3081.4,1317.7796
2025-01-28 22:45:00,3081.4,3087.75,3079.76,3087.05,1309.6543
2025-01-28 22:50:00,3087.06,3091.06,3075.0,3076.76,1031.1518
2025-01-28 22:55:00,3076.76,3087.15,3075.89,3084.16,752.6265
2025-01-28 23:00:00,3084.15,3084.52,3076.74,3084.52,833.2874
2025-01-28 23:05:00,3084.53,3097.0,3084.52,3088.99,1962.5437
2025-01-28 23:10:00,3088.99,3088.99,3079.64,3081.32,1005.8799
2025-01-28 23:15:00,3081.32,3082.64,3073.06,3074.37,1332.1009
2025-01-28 23:20:00,3074.37,3076.73,3071.69,3073.01,771.7534
2025-01-28 23:25:00,3073.0,3076.94,3062.87,3066.4,1353.7998
2025-01-28 23:30:00,3066.4,3066.4,3053.84,3058.34,2186.2223
2025-01-28 23:35:00,3058.34,3066.29,3055.2,3062.51,930.1372
2025-01-28 23:40:00,3062.51,3069.87,3062.51,3069.4,567.5037
2025-01-28 23:45:00,3069.4,3075.79,3069.05,3073.41,649.6923
2025-01-28 23:50:00,3073.41,3080.4,3073.1,3079.81,782.6736
2025-01-28 23:55:00,3079.81,3081.67,3077.23,3077.72,779.0112
2025-01-29 00:00:00,3077.72,3082.94,3076.31,3082.5,1298.9769
2025-01-29 00:05:00,3082.5,3090.0,3080.85,3086.01,1362.2222
2025-01-29 00:10:00,3086.0,3105.65,3085.0,3104.0,2521.0734
2025-01-29 00:15:00,3104.0,3104.0,3094.55,3100.09,1040.7415
2025-01-29 00:20:00,3100.1,3103.0,3093.5,3094.19,1069.6876
2025-01-29 00:25:00,3094.2,3097.23,3093.22,3094.34,568.2093
2025-01-29 00:30:00,3094.37,3099.3,3089.69,3097.9,966.9478
2025-01-29 00:35:00,3097.9,3105.5,3097.61,3103.82,1044.7152
2025-01-29 00:40:00,3103.82,3107.0,3103.0,3106.93,672.8214
2025-01-29 00:45:00,3106.92,3112.25,3105.21,3106.95,980.3515
2025-01-29 00:50:00,3106.95,3113.05,3104.43,3112.0,927.3948
2025-01-29 00:55:00,3112.0,3117.43,3108.12,3110.14,1077.0003
2025-01-29 01:00:00,3110.15,3119.99,3109.95,3118.6,876.0976
2025-01-29 01:05:00,3118.61,3120.0,3114.21,3114.97,563.2609
2025-01-29 01:10:00,3114.97,3116.48,3109.58,3109.95,625.055
2025-01-29 01:15:00,3109.95,3111.67,3107.8,3110.02,686.584
2025-01-29 01:20:00,3110.02,3114.34,3107.01,3107.31,617.4837
2025-01-29 01:25:00,3107.3,3107.3,3102.64,3105.04,759.6085
2025-01-29 01:30:00,3105.04,3109.31,3104.08,3104.21,740.5532
2025-01-29 01:35:00,3104.21,3108.47,3099.21,3108.15,1086.6393
2025-01-29 01:40:00,3108.14,3113.38,3107.9,3111.18,629.4439
2025-01-29 01:45:00,3111.18,3116.5,3110.0,3112.17,640.71
2025-01-29 01:50:00,3112.18,3112.78,3108.37,3109.39,504.0891
2025-01-29 01:55:00,3109.39,3111.8,3108.5,3110.78,268.6454
2025-01-29 02:00:00,3110.78,3118.62,3110.1,3118.61,909.8966
2025-01-29 02:05:00,3118.62,3129.43,3118.0,3122.2,2469.7038
2025-01-29 02:10:00,3122.19,3125.29,3121.24,3122.57,618.7396
2025-01-29 02:15:00,3122.57,3122.58,3118.0,3119.88,887.0923
2025-01-29 02:20:00,3119.87,3120.74,3113.69,3115.34,424.243
2025-01-29 02:25:00,3115.35,3115.82,3110.38,3115.7,663.066
2025-01-29 02:30:00,3115.7,3120.86,3115.69,3117.43,502.9155
2025-01-29 02:35:00,3117.43,3119.34,3115.37,3119.34,382.6197
2025-01-29 02:40:00,3119.33,3119.38,3113.5,3115.62,438.0345
2025-01-29 02:45:00,3115.62,3116.18,3110.28,3113.74,497.178
2025-01-29 02:50:00,3113.73,3115.33,3110.5,3112.82,445.5061
2025-01-29 02:55:00,3112.82,3116.0,3111.04,3114.1,419.1748
2025-01-29 03:00:00,3114.1,3115.6,3108.15,3115.39,672.462
2025-01-29 03:05:00,3115.38,3118.21,3114.49,3117.63,700.1851
2025-01-29 03:10:00,3117.64,3124.14,3113.04,3113.04,910.8098
2025-01-29 03:15:00,3113.04,3116.55,3112.04,3113.74,499.2902
2025-01-29 03:20:00,3113.75,3114.99,3111.0,3112.4,392.7658
2025-01-29 03:25:00,3112.4,3116.7,3111.28,3116.51,328.9352
2025-01-29 03:30:00,3116.5,3117.3,3111.13,3117.15,471.3218
2025-01-29 03:35:00,3117.16,3120.38,3116.1,3120.38,477.3628
2025-01-29 03:40:00,3120.38,3128.31,3119.43,3120.71,1082.2325
2025-01-29 03:45:00,3120.71,3130.51,3116.23,3128.42,851.2443
2025-01-29 03:50:00,3128.43,3128.43,3123.91,3123.92,633.2368
2025-01-29 03:55:00,3123.93,3132.69,3123.93,3130.43,1359.4289
2025-01-29 04:00:00,3130.43,3131.45,3124.6,3130.57,704.2428
2025-01-29 04:05:00,3130.56,3135.6,3128.54,3132.89,1104.992
2025-01-29 04:10:00,3132.87,3134.42,3127.4,3130.68,872.4617
2025-01-29 04:15:00,3130.68,3136.0,3130.68,3131.48,673.2578
2025-01-29 04:20:00,3131.49,3138.49,3131.19,3136.15,660.463
2025-01-29 04:25:00,3136.15,3138.5,3134.0,3138.12,543.4816
2025-01-29 04:30:00,3138.12,3140.0,3134.5,3134.51,1081.3146
2025-01-29 04:35:00,3134.5,3135.94,3130.8,3133.19,502.748
2025-01-29 04:40:00,3133.18,3133.44,3124.93,3126.64,1289.7911
2025-01-29 04:45:00,3126.64,3129.44,3125.12,3127.5,548.3554
2025-01-29 04:50:00,3127.49,3127.5,3123.01,3124.88,673.0708
2025-01-29 04:55:00,3124.89,3125.5,3124.22,3124.33,277.5032
2025-01-29 05:00:00,3124.32,3125.39,3122.13,3124.68,474.7479
2025-01-29 05:05:00,3124.68,3132.36,3124.48,3131.01,891.6834
2025-01-29 05:10:00,3131.0,3134.41,3126.41,3126.41,860.7714
2025-01-29 05:15:00,3126.42,3129.36,3126.41,3129.35,281.9324
2025-01-29 05:20:00,3129.35,3129.66,3126.6,3128.17,257.7558
2025-01-29 05:25:00,3128.16,3128.16,3124.64,3125.34,466.2949
2025-01-29 05:30:00,3125.35,3127.8,3123.01,3125.29,444.3385
2025-01-29 05:35:00,3125.29,3127.58,3119.68,3122.51,768.0418
2025-01-29 05:40:00,3122.52,3122.52,3117.01,3119.7,659.0507
2025-01-29 05:45:00,3119.69,3121.14,3118.0,3121.14,330.117
2025-01-29 05:50:00,3121.14,3126.4,3120.93,3126.39,538.6228
2025-01-29 05:55:00,3126.4,3131.0,3126.39,3131.0,577.5439
2025-01-29 06:00:00,3131.0,3134.82,3130.0,3132.6,1330.8548
2025-01-29 06:05:00,3132.6,3132.72,3128.65,3131.84,349.5961
2025-01-29 06:10:00,3131.83,3137.9,3131.56,3136.36,663.453
2025-01-29 06:15:00,3136.35,3139.14,3134.51,3139.13,687.4151
2025-01-29 06:20:00,3139.14,3145.99,3136.67,3145.89,1072.2251
2025-01-29 06:25:00,3145.89,3146.0,3138.5,3140.9,869.4241
2025-01-29 06:30:00,3140.89,3144.91,3140.89,3144.91,541.9695
2025-01-29 06:35:00,3144.91,3150.27,3144.04,3150.0,1390.1619
2025-01-29 06:40:00,3150.01,3150.25,3142.65,3142.95,716.9995
2025-01-29 06:45:00,3142.95,3146.4,3140.55,3144.5,598.5732
2025-01-29 06:50:00,3144.51,3146.19,3142.72,3142.84,300.5232
2025-01-29 06:55:00,3142.84,3147.32,3142.83,3147.32,274.2658
2025-01-29 07:00:00,3147.32,3147.32,3143.15,3144.43,357.0137
2025-01-29 07:05:00,3144.43,3144.44,3140.64,3141.72,383.3766
2025-01-29 07:10:00,3141.72,3142.05,3139.01,3140.61,480.695
2025-01-29 07:15:00,3140.61,3145.38,3139.26,3144.27,391.958
2025-01-29 07:20:00,3144.27,3147.24,3144.22,3146.91,289.1587
2025-01-29 07:25:00,3146.9,3146.95,3143.9,3146.49,375.7917
2025-01-29 07:30:00,3146.48,3152.0,3144.79,3146.67,845.6509
2025-01-29 07:35:00,3146.67,3156.83,3146.23,3151.57,2168.0587
2025-01-29 07:40:00,3151.57,3151.57,3149.57,3150.38,671.4585
2025-01-29 07:45:00,3150.38,3154.73,3150.38,3153.6,664.38
2025-01-29 07:50:00,3153.6,3156.89,3152.75,3156.88,311.1779
2025-01-29 07:55:00,3156.88,3160.0,3155.41,3156.89,500.2259
2025-01-29 08:00:00,3156.88,3162.7,3155.19,3161.13,816.6871
2025-01-29 08:05:00,3161.13,3164.11,3157.52,3162.28,894.23
2025-01-29 08:10:00,3162.28,3162.84,3156.05,3156.26,491.2415
2025-01-29 08:15:00,3156.27,3156.58,3152.52,3153.89,931.7789
2025-01-29 08:20:00,3153.89,3155.41,3149.17,3153.34,1644.8885
2025-01-29 08:25:00,3153.33,3156.38,3153.04,3154.15,461.2622
2025-01-29 08:30:00,3154.14,3156.6,3150.75,3151.2,590.3453
2025-01-29 08:35:00,3151.21,3152.76,3147.21,3149.11,1609.254
2025-01-29 08:40:00,3149.12,3152.41,3148.31,3149.29,438.0371
2025-01-29 08:45:00,3149.3,3151.29,3148.44,3149.03,474.7887
2025-01-29 08:50:00,3149.02,3149.03,3143.35,3146.18,768.204
2025-01-29 08:55:00,3146.18,3147.51,3143.71,3147.51,252.4071
2025-01-29 09:00:00,3147.5,3148.46,3140.0,3142.24,1390.5131
2025-01-29 09:05:00,3142.23,3144.4,3137.89,3137.9,737.7247
2025-01-29 09:10:00,3137.89,3141.09,3135.41,3140.47,665.8213
2025-01-29 09:15:00,3140.47,3140.47,3133.77,3136.46,758.4379
2025-01-29 09:20:00,3136.46,3138.5,3131.19,3132.62,929.4141
2025-01-29 09:25:00,3132.61,3132.62,3123.14,3126.01,1456.397
2025-01-29 09:30:00,3126.01,3130.87,3126.01,3130.5,709.7283
2025-01-29 09:35:00,3130.5,3133.63,3130.49,3130.62,622.8475
2025-01-29 09:40:00,3130.62,3135.78,3129.04,3135.77,417.3848
2025-01-29 09:45:00,3135.78,3136.48,3133.23,3133.81,377.4006
2025-01-29 09:50:00,3133.8,3135.04,3129.06,3132.7,449.0223
2025-01-29 09:55:00,3132.71,3133.0,3128.5,3130.32,286.6692
2025-01-29 10:00:00,3130.32,3131.5,3119.8,3124.16,1454.4104
2025-01-29 10:05:00,3124.18,3131.53,3123.43,3130.01,628.2903
2025-01-29 10:10:00,3130.02,3133.23,3128.89,3129.49,881.0858
2025-01-29 10:15:00,3129.49,3135.89,3126.75,3134.73,1051.9307
2025-01-29 10:20:00,3134.7,3140.0,3134.64,3136.95,785.6846
2025-01-29 10:25:00,3136.96,3139.55,3135.6,3136.23,261.4441
2025-01-29 10:30:00,3136.24,3141.51,3135.79,3141.5,501.4899
2025-01-29 10:35:00,3141.51,3143.53,3140.22,3140.72,426.0746
2025-01-29 10:40:00,3140.71,3142.47,3136.09,3136.09,380.337
2025-01-29 10:45:00,3136.1,3136.98,3133.9,3135.9,512.2389
2025-01-29 10:50:00,3135.89,3137.4,3132.96,3132.96,452.4148
2025-01-29 10:55:00,3132.93,3138.0,3132.64,3137.7,252.2023
2025-01-29 11:00:00,3137.7,3140.79,3133.68,3136.35,737.6575
2025-01-29 11:05:00,3136.35,3139.36,3134.66,3139.04,316.5746
2025-01-29 11:10:00,3139.03,3140.4,3138.27,3139.08,286.6442
2025-01-29 11:15:00,3139.08,3141.99,3136.67,3138.68,436.6262
2025-01-29 11:20:00,3138.68,3139.49,3135.7,3139.33,370.9215
2025-01-29 11:25:00,3139.34,3140.46,3137.88,3137.89,350.7791
2025-01-29 11:30:00,3137.89,3141.4,3136.83,3138.65,468.2905
2025-01-29 11:35:00,3138.66,3142.06,3136.47,3139.08,658.3574
2025-01-29 11:40:00,3139.08,3144.0,3139.08,3141.45,484.0801
2025-01-29 11:45:00,3141.46,3142.86,3137.58,3138.47,713.7193
2025-01-29 11:50:00,3138.48,3138.48,3134.13,3135.07,370.8528
2025-01-29 11:55:00,3135.08,3135.39,3132.03,3135.13,341.5555
2025-01-29 12:00:00,3135.13,3135.46,3131.65,3133.23,660.9467
2025-01-29 12:05:00,3133.23,3137.38,3132.21,3137.38,761.6127
2025-01-29 12:10:00,3137.39,3138.9,3137.39,3137.87,281.3811
2025-01-29 12:15:00,3137.88,3139.78,3136.01,3137.5,692.8206
2025-01-29 12:20:00,3137.49,3140.38,3127.76,3128.47,1241.939
2025-01-29 12:25:00,3128.47,3128.74,3123.62,3124.91,1745.2994
2025-01-29 12:30:00,3124.91,3128.04,3124.91,3126.8,1691.4638
2025-01-29 12:35:00,3126.81,3126.81,3117.78,3118.72,1389.0076
2025-01-29 12:40:00,3118.71,3122.59,3112.92,3118.41,1348.9461
2025-01-29 12:45:00,3118.4,3120.0,3115.0,3116.25,827.1736
2025-01-29 12:50:00,3116.24,3121.07,3115.0,3120.35,646.9221
2025-01-29 12:55:00,3120.35,3121.17,3118.37,3118.7,557.7755
2025-01-29 13:00:00,3118.71,3122.18,3109.51,3111.01,1373.2941
2025-01-29 13:05:00,3111.0,3111.01,3100.6,3106.35,3154.1737
2025-01-29 13:10:00,3106.35,3112.04,3104.5,3110.67,739.8726
2025-01-29 13:15:00,3110.66,3110.89,3096.9,3097.06,1573.8066
2025-01-29 13:20:00,3097.06,3103.92,3095.51,3095.77,2513.9452
2025-01-29 13:25:00,3095.78,3098.13,3089.26,3094.36,1951.8915
2025-01-29 13:30:00,3094.37,3103.52,3091.52,3101.41,1337.6117
2025-01-29 13:35:00,3101.41,3106.95,3099.0,3103.91,1219.9484
2025-01-29 13:40:00,3103.9,3106.8,3100.42,3104.12,1246.5724
2025-01-29 13:45:00,3104.12,3108.31,3098.88,3100.45,1016.073
2025-01-29 13:50:00,3100.45,3102.73,3093.69,3096.4,2704.6574
2025-01-29 13:55:00,3096.39,3104.28,3095.72,3102.5,965.188
2025-01-29 14:00:00,3102.5,3107.0,3100.0,3101.23,918.5306
2025-01-29 14:05:00,3101.23,3102.29,3097.25,3100.6,598.4812
2025-01-29 14:10:00,3100.61,3106.8,3100.61,3106.25,456.4869
2025-01-29 14:15:00,3106.26,3107.23,3101.89,3106.95,1295.291
2025-01-29 14:20:00,3106.95,3115.07,3103.6,3111.4,1369.4425
2025-01-29 14:25:00,3111.41,3114.72,3110.0,3113.02,946.4242
2025-01-29 14:30:00,3113.02,3116.9,3107.15,3108.51,1416.5499
2025-01-29 14:35:00,3108.51,3110.59,3086.23,3092.39,3713.1799
2025-01-29 14:40:00,3092.4,3103.61,3091.56,3099.74,1762.8918
2025-01-29 14:45:00,3099.75,3100.21,3082.15,3083.09,2540.1752
2025-01-29 14:50:00,3083.1,3097.74,3080.57,3096.83,2449.9721
2025-01-29 14:55:00,3096.82,3103.09,3095.0,3096.62,1233.7715
2025-01-29 15:00:00,3096.62,3108.26,3094.16,3103.25,1201.2421
2025-01-29 15:05:00,3103.25,3113.88,3102.82,3111.0,1157.2965
2025-01-29 15:10:00,3111.0,3119.19,3108.81,3111.7,1529.5054
2025-01-29 15:15:00,3111.71,3112.88,3101.98,3107.19,1392.4737
2025-01-29 15:20:00,3107.18,3111.3,3102.5,3108.61,891.9677
2025-01-29 15:25:00,3108.61,3109.8,3094.63,3099.25,1016.5185
2025-01-29 15:30:00,3099.24,3103.98,3097.81,3101.6,966.4407
2025-01-29 15:35:00,3101.6,3105.75,3099.0,3100.81,595.363
2025-01-29 15:40:00,3100.82,3105.34,3097.07,3099.23,776.3534
2025-01-29 15:45:00,3099.22,3106.63,3095.5,3106.31,1181.341
2025-01-29 15:50:00,3106.31,3110.14,3102.6,3103.31,1650.1503
2025-01-29 15:55:00,3103.31,3103.31,3096.95,3101.12,555.0834
2025-01-29 16:00:00,3101.11,3105.34,3098.98,3102.3,755.601
2025-01-29 16:05:00,3102.3,3102.3,3089.01,3091.64,1900.9772
2025-01-29 16:10:00,3091.64,3093.9,3085.0,3092.21,993.2803
2025-01-29 16:15:00,3092.2,3092.2,3072.57,3085.07,3218.5436
2025-01-29 16:20:00,3085.06,3092.63,3079.12,3091.42,1168.0759
2025-01-29 16:25:00,3091.43,3095.99,3089.42,3090.96,1012.0372
2025-01-29 16:30:00,3090.97,3097.35,3088.69,3094.62,697.0739
2025-01-29 16:35:00,3094.63,3099.9,3088.7,3089.43,790.7813
2025-01-29 16:40:00,3089.42,3091.8,3084.5,3087.16,758.9809
2025-01-29 16:45:00,3087.17,3090.15,3084.26,3088.21,598.322
2025-01-29 16:50:00,3088.21,3092.24,3087.65,3087.82,526.7851
2025-01-29 16:55:00,3087.81,3087.81,3080.0,3086.09,848.5526
2025-01-29 17:00:00,3086.09,3095.21,3084.66,3093.75,859.823
2025-01-29 17:05:00,3093.75,3099.0,3093.29,3098.8,818.5447
2025-01-29 17:10:00,3098.79,3102.94,3096.57,3102.24,843.6897
2025-01-29 17:15:00,3102.23,3116.22,3102.23,3115.51,1404.0257
2025-01-29 17:20:00,3115.52,3115.99,3108.48,3112.44,744.7866
2025-01-29 17:25:00,3112.43,3124.27,3112.0,3120.01,1852.6096
2025-01-29 17:30:00,3120.01,3132.08,3114.52,3129.01,1559.1512
2025-01-29 17:35:00,3129.02,3129.52,3122.67,3124.45,1473.3548
2025-01-29 17:40:00,3124.42,3125.23,3120.74,3121.1,654.6189
2025-01-29 17:45:00,3121.1,3125.84,3117.5,3123.4,1169.3045
2025-01-29 17:50:00,3123.4,3123.96,3115.42,3117.33,667.0022
2025-01-29 17:55:00,3117.36,3118.37,3109.81,3111.59,693.6734
2025-01-29 18:00:00,3111.6,3115.35,3089.64,3093.38,3045.9613
2025-01-29 18:05:00,3093.38,3108.38,3093.07,3106.16,1209.0868
2025-01-29 18:10:00,3106.16,3109.35,3100.0,3106.93,703.1895
2025-01-29 18:15:00,3106.93,3108.05,3101.62,3103.2,737.3156
2025-01-29 18:20:00,3103.2,3103.54,3096.17,3101.4,1092.8513
2025-01-29 18:25:00,3101.41,3112.67,3101.27,3111.6,788.1256
2025-01-29 18:30:00,3111.57,3120.38,3111.35,3119.75,854.4473
2025-01-29 18:35:00,3119.75,3120.38,3111.72,3114.4,905.1471
2025-01-29 18:40:00,3114.4,3117.0,3110.0,3112.99,649.8734
2025-01-29 18:45:00,3113.0,3122.33,3112.56,3121.28,905.3143
2025-01-29 18:50:00,3121.28,3123.64,3117.68,3121.13,1454.7381
2025-01-29 18:55:00,3121.13,3135.16,3121.13,3127.94,2044.7469
2025-01-29 19:00:00,3127.94,3128.12,3078.85,3092.84,15830.4886
2025-01-29 19:05:00,3092.74,3103.7,3077.37,3082.99,6330.9407
2025-01-29 19:10:00,3082.98,3093.45,3068.96,3089.81,5444.1225
2025-01-29 19:15:00,3089.81,3090.32,3064.43,3068.12,3477.4961
2025-01-29 19:20:00,3068.1,3077.9,3062.4,3069.1,2898.2443
2025-01-29 19:25:00,3069.1,3069.1,3054.06,3058.72,5183.0283
2025-01-29 19:30:00,3058.72,3097.37,3056.51,3088.53,6831.8076
2025-01-29 19:35:00,3088.54,3109.19,3066.14,3108.6,7108.071
2025-01-29 19:40:00,3108.6,3153.22,3107.6,3134.64,21447.6913
2025-01-29 19:45:00,3134.64,3152.78,3120.92,3134.16,10802.8566
2025-01-29 19:50:00,3134.17,3145.77,3126.52,3133.22,7592.4147
2025-01-29 19:55:00,3133.21,3136.0,3116.92,3126.5,5475.0008
2025-01-29 20:00:00,3126.49,3130.8,3091.0,3094.04,7819.4828
2025-01-29 20:05:00,3094.03,3117.39,3093.4,3111.49,4558.577
2025-01-29 20:10:00,3111.49,3121.42,3105.66,3113.18,3023.2037
2025-01-29 20:15:00,3113.18,3123.12,3098.59,3120.91,3616.4224
2025-01-29 20:20:00,3120.9,3144.96,3114.91,3142.89,5249.1618
2025-01-29 20:25:00,3142.89,3182.52,3142.01,3162.69,9758.5282
2025-01-29 20:30:00,3162.7,3173.57,3155.37,3160.81,3699.2704
2025-01-29 20:35:00,3160.81,3161.13,3140.0,3143.35,3582.5505
2025-01-29 20:40:00,3143.35,3145.07,3127.82,3134.09,5750.6247
2025-01-29 20:45:00,3134.09,3138.8,3127.62,3137.33,2308.1659
2025-01-29 20:50:00,3137.33,3147.27,3131.98,3141.0,3192.7596
2025-01-29 20:55:00,3141.0,3147.0,3136.01,3136.56,2305.2739
2025-01-29 21:00:00,3136.56,3142.0,3120.22,3123.8,6600.5951
2025-01-29 21:05:00,3123.8,3125.99,3113.64,3118.29,3264.8785
2025-01-29 21:10:00,3118.3,3129.99,3118.08,3126.71,1631.2455
2025-01-29 21:15:00,3126.71,3134.93,3121.5,3134.48,1937.8548
2025-01-29 21:20:00,3134.45,3150.42,3131.93,3148.32,2853.5661
2025-01-29 21:25:00,3148.33,3150.42,3142.12,3150.0,1109.6184
2025-01-29 21:30:00,3149.99,3163.24,3147.72,3159.99,3567.5584
2025-01-29 21:35:00,3159.99,3163.36,3155.0,3155.89,1338.4634
2025-01-29 21:40:00,3155.9,3158.3,3143.04,3144.05,2701.1935
2025-01-29 21:45:00,3144.05,3150.3,3138.07,3150.3,1309.2302
2025-01-29 21:50:00,3150.34,3151.5,3141.51,3142.66,829.7715
2025-01-29 21:55:00,3142.66,3145.42,3140.0,3140.61,1291.9767
2025-01-29 22:00:00,3140.6,3142.8,3132.87,3140.65,1195.8026
2025-01-29 22:05:00,3140.65,3140.65,3127.46,3127.61,1250.3269
2025-01-29 22:10:00,3127.62,3135.48,3124.84,3133.37,2542.7767
2025-01-29 22:15:00,3133.36,3133.72,3124.5,3133.71,1109.018
2025-01-29 22:20:00,3133.71,3144.43,3133.71,3140.02,1157.516
2025-01-29 22:25:00,3140.0,3141.89,3134.95,3141.74,451.5129
2025-01-29 22:30:00,3141.74,3156.52,3141.73,3151.6,1232.5317
2025-01-29 22:35:00,3151.6,3159.35,3150.84,3153.3,878.9486
2025-01-29 22:40:00,3153.31,3153.57,3141.73,3143.43,895.4364
2025-01-29 22:45:00,3143.44,3145.88,3140.53,3140.53,180.4206
2025-01-29 22:50:00,3140.52,3140.66,3136.22,3136.24,425.4887
2025-01-29 22:55:00,3136.24,3137.33,3131.87,3132.45,465.4781
2025-01-29 23:00:00,3132.45,3141.14,3129.87,3134.93,1046.2829
2025-01-29 23:05:00,3134.92,3140.26,3133.54,3137.17,1121.8638
2025-01-29 23:10:00,3137.17,3139.58,3129.25,3138.71,704.896
2025-01-29 23:15:00,3138.71,3149.0,3137.13,3141.26,747.8164
2025-01-29 23:20:00,3141.26,3141.26,3127.49,3129.3,981.9162
2025-01-29 23:25:00,3129.31,3135.97,3127.13,3135.48,389.6775
2025-01-29 23:30:00,3135.48,3135.91,3128.5,3131.9,691.4566
2025-01-29 23:35:00,3131.9,3132.84,3127.78,3132.36,239.2261
2025-01-29 23:40:00,3132.36,3132.98,3120.0,3121.38,788.0815
2025-01-29 23:45:00,3121.39,3122.48,3115.62,3116.68,725.8398
2025-01-29 23:50:00,3116.68,3118.0,3111.02,3113.27,2309.5162
2025-01-29 23:55:00,3113.27,3114.28,3109.5,3113.9,1244.7498
2025-01-30 00:00:00,3113.9,3116.8,3107.14,3111.41,1619.4798
2025-01-30 00:05:00,3111.41,3113.34,3101.58,3102.77,1638.7968
2025-01-30 00:10:00,3102.77,3106.62,3101.72,3104.01,813.085
2025-01-30 00:15:00,3104.01,3109.88,3101.75,3109.3,1421.4527
2025-01-30 00:20:00,3109.3,3109.87,3104.7,3104.9,434.4935
2025-01-30 00:25:00,3104.9,3104.91,3098.04,3102.13,1637.9745
2025-01-30 00:30:00,3102.14,3103.14,3091.06,3098.61,2422.4174
2025-01-30 00:35:00,3098.6,3110.5,3098.6,3110.36,775.2731
2025-01-30 00:40:00,3110.36,3114.34,3108.81,3112.28,722.3126
2025-01-30 00:45:00,3112.29,3121.87,3111.27,3120.84,1329.0429
2025-01-30 00:50:00,3120.83,3127.1,3118.67,3124.99,899.3006
2025-01-30 00:55:00,3125.0,3127.18,3122.6,3124.42,334.9416
2025-01-30 01:00:00,3124.42,3129.56,3121.0,3128.0,510.6875
2025-01-30 01:05:00,3128.0,3132.51,3122.59,3131.4,563.2975
2025-01-30 01:10:00,3131.41,3132.98,3125.82,3132.97,567.4807
2025-01-30 01:15:00,3132.97,3141.75,3132.97,3141.2,1170.2548
2025-01-30 01:20:00,3141.2,3144.61,3135.0,3144.35,1631.3514
2025-01-30 01:25:00,3144.35,3149.0,3143.56,3143.56,2104.7974
2025-01-30 01:30:00,3143.56,3149.69,3140.31,3149.49,1177.8357
2025-01-30 01:35:00,3149.49,3155.51,3134.85,3136.39,2581.238
2025-01-30 01:40:00,3136.4,3147.21,3136.23,3145.04,1071.0446
2025-01-30 01:45:00,3145.04,3146.25,3137.01,3140.03,589.2888
2025-01-30 01:50:00,3140.02,3145.9,3139.25,3139.48,1094.6217
2025-01-30 01:55:00,3139.49,3140.34,3135.01,3138.39,449.2384
2025-01-30 02:00:00,3138.39,3139.21,3128.13,3129.69,850.0396
2025-01-30 02:05:00,3129.69,3140.57,3128.07,3136.55,1157.4438
2025-01-30 02:10:00,3136.56,3145.22,3134.29,3144.38,1001.2117
2025-01-30 02:15:00,3144.37,3145.31,3138.75,3141.5,472.731
2025-01-30 02:20:00,3141.51,3146.48,3139.74,3140.18,1429.1054
2025-01-30 02:25:00,3140.19,3148.56,3139.65,3148.49,881.9993
2025-01-30 02:30:00,3148.5,3152.46,3145.13,3152.46,2582.5652
2025-01-30 02:35:00,3152.47,3153.0,3148.79,3150.07,1400.9731
2025-01-30 02:40:00,3150.0,3151.57,3145.5,3146.93,964.8922
2025-01-30 02:45:00,3146.93,3148.75,3143.01,3144.7,568.134
2025-01-30 02:50:00,3144.7,3149.0,3144.23,3148.98,607.7162
2025-01-30 02:55:00,3148.98,3155.37,3146.72,3155.37,1249.4717
2025-01-30 03:00:00,3155.36,3160.37,3153.64,3158.08,1576.3567
2025-01-30 03:05:00,3158.07,3163.51,3157.45,3160.78,703.6072
2025-01-30 03:10:00,3160.79,3173.72,3160.79,3171.99,1380.0208
2025-01-30 03:15:00,3171.99,3173.0,3164.75,3167.09,625.5122
2025-01-30 03:20:00,3167.09,3168.31,3162.65,3162.66,612.5538
2025-01-30 03:25:00,3162.66,3170.0,3162.65,3168.04,632.5629
2025-01-30 03:30:00,3168.04,3168.99,3162.03,3162.04,756.6506
2025-01-30 03:35:00,3162.04,3168.4,3162.03,3164.82,447.0431
2025-01-30 03:40:00,3164.83,3174.72,3164.83,3174.03,1050.0502
2025-01-30 03:45:00,3174.02,3177.66,3171.38,3176.62,2288.6537
2025-01-30 03:50:00,3176.62,3200.0,3173.26,3196.87,6274.3085
2025-01-30 03:55:00,3196.87,3202.58,3192.3,3201.5,2694.5668
2025-01-30 04:00:00,3201.5,3215.73,3201.0,3205.99,4930.2702
2025-01-30 04:05:00,3205.99,3206.0,3193.96,3195.19,1423.0837
2025-01-30 04:10:00,3195.19,3198.87,3192.48,3197.12,561.1983
2025-01-30 04:15:00,3197.12,3205.73,3193.96,3204.99,1055.597
2025-01-30 04:20:00,3205.0,3212.75,3204.99,3205.89,1254.3609
2025-01-30 04:25:00,3205.89,3206.92,3201.8,3203.48,982.0053
2025-01-30 04:30:00,3203.49,3204.91,3194.42,3195.0,1155.9085
2025-01-30 04:35:00,3194.99,3196.43,3187.42,3193.0,1625.1657
2025-01-30 04:40:00,3192.99,3196.22,3190.67,3196.08,559.432
2025-01-30 04:45:00,3196.07,3196.07,3189.01,3190.21,508.78
2025-01-30 04:50:00,3190.2,3196.0,3189.5,3195.08,583.9733
2025-01-30 04:55:00,3195.07,3201.88,3194.49,3196.81,1708.3526
2025-01-30 05:00:00,3196.83,3198.9,3190.37,3192.2,893.4715
2025-01-30 05:05:00,3192.21,3195.0,3190.0,3193.0,565.7516
2025-01-30 05:10:00,3193.01,3193.01,3188.88,3189.21,413.4272
2025-01-30 05:15:00,3189.22,3195.58,3187.89,3188.78,489.5033
2025-01-30 05:20:00,3188.78,3189.29,3183.63,3185.78,1183.0679
2025-01-30 05:25:00,3185.78,3188.81,3184.51,3186.49,374.5054
2025-01-30 05:30:00,3186.49,3189.2,3184.55,3184.55,286.299
2025-01-30 05:35:00,3184.56,3186.18,3182.75,3184.45,595.6369
2025-01-30 05:40:00,3184.46,3188.45,3183.83,3188.45,262.0489
2025-01-30 05:45:00,3188.45,3188.99,3185.42,3187.33,510.7073
2025-01-30 05:50:00,3187.33,3190.74,3186.85,3190.74,410.6881
2025-01-30 05:55:00,3190.74,3195.43,3190.4,3194.99,988.0376
2025-01-30 06:00:00,3194.99,3198.9,3191.68,3197.6,834.3135
2025-01-30 06:05:00,3197.6,3203.4,3197.01,3201.98,993.3745
2025-01-30 06:10:00,3201.98,3208.38,3198.0,3198.15,1963.4015
2025-01-30 06:15:00,3198.15,3200.68,3194.04,3195.38,621.7545
2025-01-30 06:20:00,3195.38,3201.89,3195.38,3198.07,497.4995
2025-01-30 06:25:00,3198.09,3198.09,3194.84,3194.85,399.7619
2025-01-30 06:30:00,3194.84,3195.85,3194.66,3195.35,296.2625
2025-01-30 06:35:00,3195.34,3197.3,3193.85,3196.48,346.0818
2025-01-30 06:40:00,3196.47,3196.47,3189.81,3189.82,1029.3498
2025-01-30 06:45:00,3189.81,3191.0,3189.01,3190.57,660.1472
2025-01-30 06:50:00,3190.58,3191.83,3187.79,3189.16,350.8032
2025-01-30 06:55:00,3189.16,3189.17,3184.68,3186.1,513.6479
2025-01-30 07:00:00,3186.11,3190.91,3184.34,3189.51,577.4651
2025-01-30 07:05:00,3189.51,3194.8,3189.51,3192.63,808.7042
2025-01-30 07:10:00,3192.62,3192.62,3180.5,3181.37,1121.312
2025-01-30 07:15:00,3181.37,3191.23,3181.37,3190.2,863.2454
2025-01-30 07:20:00,3190.2,3191.87,3189.0,3189.56,360.0945
2025-01-30 07:25:00,3189.56,3189.57,3183.37,3186.5,675.3624
2025-01-30 07:30:00,3186.49,3187.2,3183.62,3185.58,661.1703
2025-01-30 07:35:00,3185.58,3186.09,3178.76,3184.19,2275.105
2025-01-30 07:40:00,3184.19,3185.39,3179.42,3181.81,584.0032
2025-01-30 07:45:00,3181.82,3184.26,3181.19,3182.45,348.4529
2025-01-30 07:50:00,3182.46,3185.0,3182.46,3184.15,326.4615
2025-01-30 07:55:00,3184.14,3191.7,3184.13,3191.04,842.2319
2025-01-30 08:00:00,3191.04,3197.45,3189.9,3190.97,1227.9822
2025-01-30 08:05:00,3190.97,3192.28,3188.41,3189.66,410.5897
2025-01-30 08:10:00,3189.66,3189.66,3181.46,3182.49,1034.0493
2025-01-30 08:15:00,3182.5,3187.79,3181.1,3187.79,647.8572
2025-01-30 08:20:00,3187.8,3194.5,3187.8,3194.19,744.1037
2025-01-30 08:25:00,3194.19,3194.2,3189.52,3192.28,491.2891
2025-01-30 08:30:00,3192.27,3193.84,3188.47,3190.46,423.3592
2025-01-30 08:35:00,3190.46,3192.52,3186.77,3191.3,395.8405
2025-01-30 08:40:00,3191.29,3191.39,3188.85,3191.35,346.7563
2025-01-30 08:45:00,3191.35,3203.04,3190.36,3201.13,2227.8184
2025-01-30 08:50:00,3201.12,3211.35,3199.4,3205.83,2041.1852
2025-01-30 08:55:00,3205.82,3207.63,3202.2,3205.01,716.3133
2025-01-30 09:00:00,3205.01,3212.96,3204.04,3204.22,1289.0945
2025-01-30 09:05:00,3204.22,3209.49,3200.59,3207.53,992.8444
2025-01-30 09:10:00,3207.52,3211.06,3204.36,3207.27,1070.6664
2025-01-30 09:15:00,3207.27,3213.16,3206.36,3213.16,2019.1298
2025-01-30 09:20:00,3213.16,3216.38,3208.55,3210.26,1221.2417
2025-01-30 09:25:00,3210.25,3211.21,3205.3,3208.99,672.7543
2025-01-30 09:30:00,3208.99,3212.73,3206.63,3212.01,892.717
2025-01-30 09:35:00,3212.01,3221.04,3210.61,3218.45,1939.516
2025-01-30 09:40:00,3218.45,3220.0,3213.98,3216.58,1405.1536
2025-01-30 09:45:00,3216.59,3218.19,3212.95,3214.88,760.8066
2025-01-30 09:50:00,3214.87,3229.0,3214.01,3225.63,2226.635
2025-01-30 09:55:00,3225.63,3229.82,3221.05,3221.54,983.8184
2025-01-30 10:00:00,3221.55,3223.0,3214.79,3215.93,904.8843
2025-01-30 10:05:00,3215.93,3217.44,3212.02,3213.42,984.2113
2025-01-30 10:10:00,3213.43,3215.98,3212.2,3213.1,881.7858
2025-01-30 10:15:00,3213.09,3216.12,3208.47,3209.52,1066.087
2025-01-30 10:20:00,3209.52,3214.59,3209.52,3212.67,491.1286
2025-01-30 10:25:00,3212.67,3212.68,3210.39,3210.39,759.1479
2025-01-30 10:30:00,3210.4,3213.88,3207.76,3210.78,520.3284
2025-01-30 10:35:00,3210.8,3215.6,3209.85,3210.68,548.576
2025-01-30 10:40:00,3210.68,3213.92,3210.24,3210.55,314.4258
2025-01-30 10:45:00,3210.55,3216.59,3210.07,3213.73,451.7376
2025-01-30 10:50:00,3213.72,3214.3,3211.03,3214.03,270.2699
2025-01-30 10:55:00,3214.03,3219.69,3213.61,3219.69,538.2375
2025-01-30 11:00:00,3219.69,3220.94,3217.14,3219.58,606.3998
2025-01-30 11:05:00,3219.58,3219.58,3215.5,3216.11,302.8077
2025-01-30 11:10:00,3216.1,3217.77,3215.0,3215.01,391.8406
2025-01-30 11:15:00,3215.0,3222.66,3214.74,3221.44,810.6749
2025-01-30 11:20:00,3221.44,3227.06,3218.99,3224.56,2878.9404
2025-01-30 11:25:00,3224.57,3225.0,3219.13,3220.98,1117.9701
2025-01-30 11:30:00,3220.97,3223.0,3220.0,3222.95,387.3364
2025-01-30 11:35:00,3222.94,3224.0,3220.84,3222.41,323.2406
2025-01-30 11:40:00,3222.41,3225.56,3218.82,3218.83,1000.1276
2025-01-30 11:45:00,3218.82,3222.88,3217.61,3222.29,403.8296
2025-01-30 11:50:00,3222.3,3226.88,3222.29,3225.01,533.694
2025-01-30 11:55:00,3225.02,3227.8,3221.69,3222.71,831.5258
2025-01-30 12:00:00,3222.71,3224.28,3219.61,3219.79,705.2355
2025-01-30 12:05:00,3219.79,3220.98,3216.01,3217.06,611.9042
2025-01-30 12:10:00,3217.05,3218.0,3213.37,3214.35,618.4026
2025-01-30 12:15:00,3214.35,3215.38,3209.24,3210.82,1232.6866
2025-01-30 12:20:00,3210.81,3216.82,3209.51,3215.85,605.3778
2025-01-30 12:25:00,3215.84,3216.0,3211.03,3215.99,587.9847
2025-01-30 12:30:00,3215.99,3218.59,3213.21,3218.58,693.4158
2025-01-30 12:35:00,3218.59,3221.99,3218.01,3219.21,1060.4533
2025-01-30 12:40:00,3219.22,3219.99,3215.13,3215.14,553.2421
2025-01-30 12:45:00,3215.13,3218.67,3213.7,3218.67,537.6584
2025-01-30 12:50:00,3218.67,3220.97,3218.46,3218.46,508.653
2025-01-30 12:55:00,3218.46,3221.6,3218.46,3220.01,480.5966
2025-01-30 13:00:00,3220.0,3220.82,3217.71,3218.48,808.1692
2025-01-30 13:05:00,3218.48,3221.02,3215.76,3221.01,516.2267
2025-01-30 13:10:00,3221.01,3237.0,3220.69,3235.75,2919.3839
2025-01-30 13:15:00,3235.76,3257.73,3235.76,3251.21,8329.6987
2025-01-30 13:20:00,3251.21,3259.88,3246.55,3248.44,2762.2929
2025-01-30 13:25:00,3248.45,3262.03,3248.45,3261.51,2257.8158
2025-01-30 13:30:00,3261.5,3275.97,3251.88,3255.77,9895.6464
2025-01-30 13:35:00,3255.76,3260.72,3247.46,3249.13,1666.17
2025-01-30 13:40:00,3249.14,3253.93,3243.97,3251.93,1740.1544
2025-01-30 13:45:00,3251.93,3253.05,3244.16,3250.41,1252.7798
2025-01-30 13:50:00,3250.4,3257.23,3248.62,3255.31,1052.0552
2025-01-30 13:55:00,3255.3,3264.0,3254.61,3263.14,2111.9468
2025-01-30 14:00:00,3263.14,3269.93,3253.55,3253.82,4417.5563
2025-01-30 14:05:00,3253.82,3266.6,3250.85,3266.58,3841.1502
2025-01-30 14:10:00,3266.58,3269.7,3260.95,3265.65,1525.0608
2025-01-30 14:15:00,3265.64,3269.5,3246.04,3247.56,7606.9558
2025-01-30 14:20:00,3247.55,3254.81,3247.55,3253.3,845.6234
2025-01-30 14:25:00,3253.3,3255.0,3250.07,3253.91,816.9272
2025-01-30 14:30:00,3253.92,3254.97,3244.58,3245.46,2345.0334
2025-01-30 14:35:00,3245.46,3255.56,3241.05,3250.66,3182.8965
2025-01-30 14:40:00,3250.7,3254.71,3243.3,3253.27,2069.5734
2025-01-30 14:45:00,3253.27,3268.63,3252.94,3264.32,2623.2252
2025-01-30 14:50:00,3264.32,3278.25,3260.17,3275.6,5381.4609
2025-01-30 14:55:00,3275.6,3281.0,3264.28,3271.24,6171.3793
2025-01-30 15:00:00,3271.23,3276.27,3260.0,3266.31,3265.7021
2025-01-30 15:05:00,3266.31,3280.0,3263.59,3266.24,5382.3397
2025-01-30 15:10:00,3266.23,3274.5,3262.18,3269.59,2678.0253
2025-01-30 15:15:00,3269.59,3269.94,3260.89,3263.11,2155.7619
2025-01-30 15:20:00,3263.11,3269.16,3260.32,3263.38,1624.7595
2025-01-30 15:25:00,3263.38,3263.38,3248.31,3252.14,4737.3546
2025-01-30 15:30:00,3252.14,3264.9,3250.55,3263.49,1780.47
2025-01-30 15:35:00,3263.49,3272.11,3262.21,3268.65,1425.7567
2025-01-30 15:40:00,3268.66,3274.0,3263.59,3265.92,3245.6571
2025-01-30 15:45:00,3265.93,3277.14,3265.09,3268.86,1784.3831
2025-01-30 15:50:00,3268.86,3269.98,3258.8,3259.46,1089.3432
2025-01-30 15:55:00,3259.47,3261.0,3254.26,3255.3,1684.5616
2025-01-30 16:00:00,3255.3,3260.06,3250.91,3258.87,2895.7102
2025-01-30 16:05:00,3258.87,3262.67,3257.79,3260.79,1055.3671
2025-01-30 16:10:00,3260.8,3263.5,3252.5,3252.59,1101.2493
2025-01-30 16:15:00,3252.58,3261.27,3249.06,3260.95,1535.9923
2025-01-30 16:20:00,3260.95,3271.39,3260.94,3269.94,2017.9561
2025-01-30 16:25:00,3269.93,3273.0,3262.22,3267.48,1179.2931
2025-01-30 16:30:00,3267.48,3269.9,3261.83,3265.91,780.8329
2025-01-30 16:35:00,3265.91,3267.66,3261.18,3266.42,558.0416
2025-01-30 16:40:00,3266.43,3266.43,3260.0,3263.35,553.9545
2025-01-30 16:45:00,3263.35,3269.94,3261.58,3269.68,523.9311
2025-01-30 16:50:00,3269.68,3274.96,3269.43,3274.87,1209.4457
2025-01-30 16:55:00,3274.86,3279.95,3273.62,3278.93,1546.3569
2025-01-30 17:00:00,3278.94,3278.94,3271.0,3275.64,1101.7382
2025-01-30 17:05:00,3275.65,3278.8,3267.5,3268.29,890.7529
2025-01-30 17:10:00,3268.31,3274.86,3265.93,3274.86,1119.5684
2025-01-30 17:15:00,3274.87,3281.0,3271.36,3279.61,1402.4204
2025-01-30 17:20:00,3279.6,3283.43,3273.52,3275.6,1280.0409
2025-01-30 17:25:00,3275.59,3278.41,3267.4,3267.8,961.9532
2025-01-30 17:30:00,3267.79,3272.69,3265.01,3272.14,1237.1707
2025-01-30 17:35:00,3272.15,3272.54,3257.42,3258.2,2756.3482
2025-01-30 17:40:00,3258.21,3264.7,3257.77,3259.51,898.8671
2025-01-30 17:45:00,3259.52,3266.76,3258.4,3264.52,1072.6548
2025-01-30 17:50:00,3264.51,3268.73,3262.6,3267.51,750.7374
2025-01-30 17:55:00,3267.51,3274.23,3265.32,3272.6,668.1104
2025-01-30 18:00:00,3272.6,3274.17,3266.62,3267.74,1467.3591
2025-01-30 18:05:00,3267.74,3276.97,3267.01,3272.39,637.7077
2025-01-30 18:10:00,3272.39,3276.27,3271.1,3271.64,1051.1715
2025-01-30 18:15:00,3271.64,3273.53,3268.32,3270.19,654.0476
2025-01-30 18:20:00,3270.2,3274.37,3268.61,3271.28,835.6124
2025-01-30 18:25:00,3271.28,3271.37,3255.22,3261.55,2100.046
2025-01-30 18:30:00,3261.55,3268.24,3258.24,3265.49,1151.956
2025-01-30 18:35:00,3265.5,3272.36,3263.61,3271.45,733.2865
2025-01-30 18:40:00,3271.45,3275.68,3271.45,3271.64,799.3108
2025-01-30 18:45:00,3271.64,3273.0,3268.42,3268.43,878.4353
2025-01-30 18:50:00,3268.42,3269.8,3265.4,3266.66,965.616
2025-01-30 18:55:00,3266.67,3271.0,3265.28,3270.34,293.7641
2025-01-30 19:00:00,3270.34,3271.9,3265.07,3266.76,999.6858
2025-01-30 19:05:00,3266.77,3273.0,3266.77,3273.0,424.1332
2025-01-30 19:10:00,3273.0,3276.27,3271.84,3274.64,1545.1874
2025-01-30 19:15:00,3274.64,3275.23,3266.33,3266.33,610.7745
2025-01-30 19:20:00,3266.34,3268.66,3263.8,3267.78,858.4049
2025-01-30 19:25:00,3267.77,3269.97,3263.59,3269.7,623.4833
2025-01-30 19:30:00,3269.69,3269.69,3264.34,3264.6,446.2348
2025-01-30 19:35:00,3264.61,3268.0,3259.64,3261.16,644.5428
2025-01-30 19:40:00,3261.16,3261.57,3255.9,3260.82,618.1294
2025-01-30 19:45:00,3260.82,3267.76,3260.34,3267.4,369.3842
2025-01-30 19:50:00,3267.4,3271.36,3266.74,3269.3,430.9456
2025-01-30 19:55:00,3269.3,3273.0,3269.3,3271.61,524.4332
2025-01-30 20:00:00,3271.6,3273.2,3266.18,3266.83,890.4997
2025-01-30 20:05:00,3266.83,3267.0,3263.68,3267.0,316.2569
2025-01-30 20:10:00,3267.01,3269.19,3262.2,3266.26,707.1691
2025-01-30 20:15:00,3266.25,3270.99,3264.41,3269.89,1017.3697
2025-01-30 20:20:00,3269.89,3270.36,3260.0,3261.59,749.0084
2025-01-30 20:25:00,3261.59,3261.98,3257.26,3258.31,647.5363
2025-01-30 20:30:00,3258.3,3258.86,3251.67,3253.56,1100.8947
2025-01-30 20:35:00,3253.56,3254.88,3241.0,3241.21,3596.2986
2025-01-30 20:40:00,3241.21,3245.69,3228.68,3231.36,5972.5731
2025-01-30 20:45:00,3231.37,3246.52,3229.25,3245.66,2220.5367
2025-01-30 20:50:00,3245.66,3249.09,3239.26,3246.57,1596.4095
2025-01-30 20:55:00,3246.57,3249.26,3229.54,3231.6,2000.6169
2025-01-30 21:00:00,3231.6,3240.5,3231.5,3236.5,1091.8521
2025-01-30 21:05:00,3236.5,3240.79,3233.76,3237.21,884.6479
2025-01-30 21:10:00,3237.2,3238.81,3233.0,3237.48,735.356
2025-01-30 21:15:00,3237.49,3244.19,3236.48,3242.55,549.5603
2025-01-30 21:20:00,3242.54,3243.52,3240.51,3242.79,398.5219
2025-01-30 21:25:00,3242.79,3243.99,3240.65,3240.65,343.818
2025-01-30 21:30:00,3240.65,3247.05,3237.41,3239.96,1575.9064
2025-01-30 21:35:00,3239.97,3248.13,3239.96,3247.2,518.7698
2025-01-30 21:40:00,3247.21,3247.54,3244.74,3244.74,236.7603
2025-01-30 21:45:00,3244.74,3244.74,3234.39,3235.76,721.0369
2025-01-30 21:50:00,3235.75,3241.29,3235.35,3240.35,268.675
2025-01-30 21:55:00,3240.35,3245.49,3240.34,3244.35,364.5842
2025-01-30 22:00:00,3244.35,3245.6,3238.85,3239.04,382.8615
2025-01-30 22:05:00,3239.04,3243.0,3238.28,3240.2,595.4736
2025-01-30 22:10:00,3240.2,3246.46,3240.2,3246.45,352.7437
2025-01-30 22:15:00,3246.45,3249.92,3246.08,3248.3,461.4598
2025-01-30 22:20:00,3248.29,3248.99,3246.54,3247.38,524.6387
2025-01-30 22:25:00,3247.38,3248.33,3243.62,3248.33,306.5602
2025-01-30 22:30:00,3248.32,3252.13,3248.32,3251.48,364.7498
2025-01-30 22:35:00,3251.48,3260.58,3250.42,3257.58,1006.8472
2025-01-30 22:40:00,3257.57,3271.01,3255.78,3270.49,1484.5785
2025-01-30 22:45:00,3270.49,3272.0,3262.6,3262.6,667.1503
2025-01-30 22:50:00,3262.61,3264.84,3258.71,3264.83,517.4567
2025-01-30 22:55:00,3264.83,3264.94,3258.57,3260.88,520.5261
2025-01-30 23:00:00,3260.88,3267.78,3258.69,3263.37,1466.999
2025-01-30 23:05:00,3263.37,3270.0,3262.53,3264.87,718.4032
2025-01-30 23:10:00,3264.87,3267.39,3260.62,3261.3,470.5253
2025-01-30 23:15:00,3261.29,3269.48,3261.29,3267.44,405.22
2025-01-30 23:20:00,3267.44,3267.7,3265.04,3265.41,208.4974
2025-01-30 23:25:00,3265.4,3265.41,3262.0,3262.01,180.0045
2025-01-30 23:30:00,3262.01,3262.5,3255.73,3259.02,574.023
2025-01-30 23:35:00,3259.02,3260.5,3256.87,3256.87,387.3782
2025-01-30 23:40:00,3256.87,3258.91,3256.0,3256.16,305.3845
2025-01-30 23:45:00,3256.16,3256.16,3252.01,3253.28,336.0708
2025-01-30 23:50:00,3253.28,3254.4,3246.23,3248.26,791.3099
2025-01-30 23:55:00,3248.25,3249.0,3245.52,3247.39,615.0244
2025-01-31 00:00:00,3247.38,3257.93,3247.0,3257.61,660.9784
2025-01-31 00:05:00,3257.61,3257.93,3241.86,3244.16,1022.9874
2025-01-31 00:10:00,3244.16,3245.35,3238.55,3240.36,902.2542
2025-01-31 00:15:00,3240.37,3243.72,3237.23,3241.07,1070.8633
2025-01-31 00:20:00,3241.07,3255.34,3238.77,3255.34,1009.0365
2025-01-31 00:25:00,3255.33,3261.47,3252.12,3259.33,1217.9868
2025-01-31 00:30:00,3259.32,3264.99,3257.07,3258.14,1157.5628
2025-01-31 00:35:00,3258.15,3261.98,3252.92,3257.32,626.6916
2025-01-31 00:40:00,3257.33,3261.0,3257.32,3260.9,400.4667
2025-01-31 00:45:00,3260.89,3267.27,3260.58,3266.22,832.783
2025-01-31 00:50:00,3266.23,3271.25,3265.05,3269.02,971.0396
2025-01-31 00:55:00,3269.02,3271.6,3266.0,3270.5,719.3733
2025-01-31 01:00:00,3270.5,3273.89,3265.11,3272.51,1178.2386
2025-01-31 01:05:00,3272.5,3273.4,3261.63,3264.54,795.9273
2025-01-31 01:10:00,3264.53,3264.99,3262.2,3262.99,549.9655
2025-01-31 01:15:00,3262.99,3264.5,3255.7,3256.49,723.6326
2025-01-31 01:20:00,3256.49,3257.93,3254.09,3257.92,548.0746
2025-01-31 01:25:00,3257.92,3263.89,3257.72,3263.89,717.1303
2025-01-31 01:30:00,3263.9,3271.23,3263.9,3269.59,1210.5896
2025-01-31 01:35:00,3269.59,3270.36,3265.77,3267.64,637.1933
2025-01-31 01:40:00,3267.65,3270.2,3266.05,3266.05,399.7144
2025-01-31 01:45:00,3266.06,3268.12,3262.25,3266.72,681.6663
2025-01-31 01:50:00,3266.71,3270.0,3265.28,3269.7,515.9948
2025-01-31 01:55:00,3269.69,3271.95,3268.63,3270.63,349.8889
2025-01-31 02:00:00,3270.63,3274.31,3270.14,3272.5,640.9506
2025-01-31 02:05:00,3272.5,3279.5,3269.74,3277.4,2407.4108
2025-01-31 02:10:00,3277.4,3278.97,3270.19,3270.21,666.8097
2025-01-31 02:15:00,3270.21,3271.04,3262.67,3264.26,1351.7559
2025-01-31 02:20:00,3264.27,3265.44,3258.63,3260.81,725.1868
2025-01-31 02:25:00,3260.81,3262.55,3255.0,3258.01,773.8064
2025-01-31 02:30:00,3258.0,3258.36,3249.76,3250.38,1374.0108
2025-01-31 02:35:00,3250.38,3254.79,3247.37,3248.24,662.4151
2025-01-31 02:40:00,3248.24,3253.4,3248.23,3252.13,575.106
2025-01-31 02:45:00,3252.08,3258.82,3249.53,3250.22,978.1917
2025-01-31 02:50:00,3250.23,3252.36,3249.02,3250.29,444.2479
2025-01-31 02:55:00,3250.29,3252.34,3247.6,3247.61,693.7559
2025-01-31 03:00:00,3247.6,3247.61,3241.39,3242.75,1352.2702
2025-01-31 03:05:00,3242.75,3242.76,3233.34,3237.33,1761.9099
2025-01-31 03:10:00,3237.33,3242.76,3236.81,3238.73,837.788
2025-01-31 03:15:00,3238.73,3239.81,3230.22,3231.18,1198.188
2025-01-31 03:20:00,3231.11,3236.31,3226.26,3233.8,2589.9007
2025-01-31 03:25:00,3233.81,3235.11,3229.68,3230.01,1608.1003
2025-01-31 03:30:00,3230.01,3232.32,3222.82,3224.4,1845.043
2025-01-31 03:35:00,3224.41,3231.31,3221.2,3231.3,1489.1052
2025-01-31 03:40:00,3231.3,3231.3,3226.25,3228.25,454.8016
2025-01-31 03:45:00,3228.25,3235.36,3228.24,3232.99,562.4228
2025-01-31 03:50:00,3232.98,3235.08,3230.39,3230.39,602.8376
2025-01-31 03:55:00,3230.4,3231.81,3229.45,3230.65,377.3042
2025-01-31 04:00:00,3230.65,3230.79,3224.64,3224.73,480.948
2025-01-31 04:05:00,3224.72,3230.47,3222.76,3229.0,445.8763
2025-01-31 04:10:00,3229.01,3231.0,3227.9,3228.45,341.8302
2025-01-31 04:15:00,3228.44,3228.44,3220.45,3225.43,577.0518
2025-01-31 04:20:00,3225.43,3232.3,3225.06,3232.16,437.6737
2025-01-31 04:25:00,3232.16,3235.88,3232.0,3233.71,514.3315
2025-01-31 04:30:00,3233.7,3234.48,3229.03,3230.56,663.7878
2025-01-31 04:35:00,3230.56,3230.56,3225.5,3227.45,395.8447
2025-01-31 04:40:00,3227.45,3229.96,3225.57,3225.63,174.503
2025-01-31 04:45:00,3225.63,3225.64,3221.3,3223.06,1089.3878
2025-01-31 04:50:00,3223.05,3223.4,3216.82,3217.35,2938.0391
2025-01-31 04:55:00,3217.34,3218.3,3213.8,3216.61,945.1034
2025-01-31 05:00:00,3216.61,3223.52,3216.0,3223.51,740.0534
2025-01-31 05:05:00,3223.52,3230.88,3222.42,3230.0,1727.0024
2025-01-31 05:10:00,3230.0,3237.57,3230.0,3234.23,983.5353
2025-01-31 05:15:00,3234.22,3243.77,3234.22,3241.53,525.4568
2025-01-31 05:20:00,3241.53,3242.93,3237.79,3238.65,464.7944
2025-01-31 05:25:00,3238.64,3240.04,3237.79,3239.09,242.3234
2025-01-31 05:30:00,3239.08,3239.98,3235.55,3239.34,512.4383
2025-01-31 05:35:00,3239.34,3244.68,3237.64,3238.32,466.0864
2025-01-31 05:40:00,3238.33,3242.33,3238.32,3241.21,237.8192
2025-01-31 05:45:00,3241.21,3242.48,3239.53,3242.0,206.1016
2025-01-31 05:50:00,3242.0,3248.93,3242.0,3246.4,1494.8439
2025-01-31 05:55:00,3246.39,3246.79,3244.45,3245.32,369.502
2025-01-31 06:00:00,3245.32,3249.01,3241.7,3248.02,593.9324
2025-01-31 06:05:00,3248.02,3249.76,3244.51,3247.33,419.1338
2025-01-31 06:10:00,3247.33,3247.52,3241.62,3243.92,301.5632
2025-01-31 06:15:00,3243.91,3248.38,3243.44,3243.44,261.0913
2025-01-31 06:20:00,3243.45,3244.0,3241.62,3241.63,234.9367
2025-01-31 06:25:00,3241.63,3246.0,3241.62,3246.0,186.2582
2025-01-31 06:30:00,3246.0,3254.95,3246.0,3251.11,992.7106
2025-01-31 06:35:00,3251.12,3256.0,3249.18,3256.0,548.435
2025-01-31 06:40:00,3256.0,3267.3,3256.0,3267.07,2924.7759
2025-01-31 06:45:00,3267.07,3271.5,3262.9,3267.69,4702.2915
2025-01-31 06:50:00,3267.68,3268.69,3259.84,3261.51,1496.8144
2025-01-31 06:55:00,3261.5,3263.59,3260.25,3262.93,341.4626
2025-01-31 07:00:00,3262.94,3263.99,3257.28,3257.7,880.1567
2025-01-31 07:05:00,3257.7,3267.6,3257.31,3267.1,855.6683
2025-01-31 07:10:00,3267.09,3267.52,3265.6,3265.92,528.9663
2025-01-31 07:15:00,3265.92,3271.0,3265.92,3270.66,2334.9495
2025-01-31 07:20:00,3270.67,3276.93,3269.11,3272.94,5242.7607
2025-01-31 07:25:00,3272.94,3272.94,3265.0,3265.01,908.3013
2025-01-31 07:30:00,3265.01,3265.1,3259.06,3259.38,1551.0523
2025-01-31 07:35:00,3259.38,3259.38,3253.43,3254.33,1838.6091
2025-01-31 07:40:00,3254.32,3254.33,3249.18,3249.19,1273.1463
2025-01-31 07:45:00,3249.18,3252.98,3243.84,3244.47,1806.0962
2025-01-31 07:50:00,3244.47,3246.47,3239.22,3239.4,1925.3624
2025-01-31 07:55:00,3239.39,3247.01,3239.2,3241.63,1367.5243
2025-01-31 08:00:00,3241.63,3244.38,3238.0,3244.27,917.9699
2025-01-31 08:05:00,3244.27,3248.18,3244.27,3246.62,558.9112
2025-01-31 08:10:00,3246.62,3247.08,3243.36,3243.37,562.5972
2025-01-31 08:15:00,3243.37,3247.36,3239.14,3247.18,849.1398
2025-01-31 08:20:00,3247.18,3249.08,3241.62,3241.7,753.2103
2025-01-31 08:25:00,3241.7,3241.94,3235.02,3238.85,2187.5079
2025-01-31 08:30:00,3238.86,3241.91,3234.53,3241.6,2752.9339
2025-01-31 08:35:00,3241.6,3241.6,3235.05,3239.32,931.5814
2025-01-31 08:40:00,3239.32,3241.9,3238.61,3240.42,908.981
2025-01-31 08:45:00,3240.42,3241.28,3237.0,3238.24,1130.9412
2025-01-31 08:50:00,3238.24,3238.25,3234.05,3238.24,2583.6069
2025-01-31 08:55:00,3238.24,3239.8,3236.59,3237.01,1284.9433
2025-01-31 09:00:00,3237.01,3240.31,3236.29,3239.96,588.0612
2025-01-31 09:05:00,3239.96,3243.07,3237.9,3238.74,428.5784
2025-01-31 09:10:00,3238.74,3239.99,3235.2,3236.22,1626.4573
2025-01-31 09:15:00,3236.23,3239.5,3235.0,3239.5,414.6946
2025-01-31 09:20:00,3239.49,3246.29,3238.88,3246.0,983.6767
2025-01-31 09:25:00,3246.0,3251.0,3246.0,3250.38,678.1108
2025-01-31 09:30:00,3250.39,3271.33,3250.0,3268.31,4899.8917
2025-01-31 09:35:00,3268.31,3271.25,3262.81,3264.64,1308.9182
2025-01-31 09:40:00,3264.65,3267.0,3262.57,3263.15,1054.1976
2025-01-31 09:45:00,3263.15,3266.29,3260.54,3266.1,826.7262
2025-01-31 09:50:00,3266.11,3266.75,3264.6,3265.4,513.5564
2025-01-31 09:55:00,3265.41,3266.4,3262.72,3266.4,728.594
2025-01-31 10:00:00,3266.4,3266.4,3258.84,3264.19,881.3596
2025-01-31 10:05:00,3264.19,3264.33,3258.72,3259.93,672.8735
2025-01-31 10:10:00,3259.93,3264.32,3259.93,3263.98,525.7639
2025-01-31 10:15:00,3263.99,3271.9,3263.22,3263.47,4347.1177
2025-01-31 10:20:00,3263.46,3264.98,3258.8,3261.37,1339.3084
2025-01-31 10:25:00,3261.37,3261.81,3259.77,3261.42,543.3584
2025-01-31 10:30:00,3261.42,3264.3,3256.57,3258.99,806.5741
2025-01-31 10:35:00,3259.0,3264.33,3258.99,3262.6,1266.0107
2025-01-31 10:40:00,3262.6,3267.06,3262.04,3267.05,1412.4641
2025-01-31 10:45:00,3267.05,3272.0,3265.18,3271.67,710.1405
2025-01-31 10:50:00,3271.66,3271.66,3267.95,3269.09,721.0764
2025-01-31 10:55:00,3269.08,3270.58,3267.62,3269.68,651.7635
2025-01-31 11:00:00,3269.67,3276.56,3269.67,3272.58,2641.4694
2025-01-31 11:05:00,3272.59,3301.0,3272.58,3301.0,9041.7848
2025-01-31 11:10:00,3300.99,3301.0,3292.0,3298.51,4875.4029
2025-01-31 11:15:00,3298.51,3311.99,3294.59,3310.51,5999.4739
2025-01-31 11:20:00,3310.52,3323.1,3306.3,3320.04,4885.1348
2025-01-31 11:25:00,3320.05,3333.01,3317.29,3329.35,5180.6211
2025-01-31 11:30:00,3329.35,3330.0,3320.01,3322.65,3068.0387
2025-01-31 11:35:00,3322.66,3329.5,3320.2,3326.6,2506.1934
2025-01-31 11:40:00,3326.6,3333.33,3325.11,3332.0,3391.5885
2025-01-31 11:45:00,3332.0,3333.04,3323.71,3324.98,3055.9639
2025-01-31 11:50:00,3324.98,3329.12,3322.4,3327.26,2051.1249
2025-01-31 11:55:00,3327.25,3338.55,3326.79,3335.16,3813.3704
2025-01-31 12:00:00,3335.16,3344.59,3326.3,3326.95,6763.7976
2025-01-31 12:05:00,3326.95,3331.5,3325.3,3330.17,2381.4845
2025-01-31 12:10:00,3330.17,3340.31,3329.94,3338.12,2769.453
2025-01-31 12:15:00,3338.13,3344.0,3337.2,3341.58,2279.7598
2025-01-31 12:20:00,3341.58,3349.65,3339.56,3349.18,3098.1995
2025-01-31 12:25:00,3349.18,3358.2,3345.08,3350.65,6508.219
2025-01-31 12:30:00,3350.66,3358.86,3346.16,3358.66,3444.736
2025-01-31 12:35:00,3358.67,3359.72,3350.51,3356.44,3237.9855
2025-01-31 12:40:00,3356.44,3357.05,3344.61,3347.4,2354.1824
2025-01-31 12:45:00,3347.41,3352.75,3346.45,3350.85,2911.316
2025-01-31 12:50:00,3350.84,3356.48,3350.24,3356.28,1749.7651
2025-01-31 12:55:00,3356.28,3356.48,3350.62,3350.69,2430.2263
2025-01-31 13:00:00,3350.7,3355.44,3350.0,3353.5,1070.2199
2025-01-31 13:05:00,3353.5,3355.84,3350.9,3354.99,1339.2605
2025-01-31 13:10:00,3355.0,3365.31,3353.3,3360.0,3388.768
2025-01-31 13:15:00,3360.0,3364.39,3351.98,3354.58,3611.7322
2025-01-31 13:20:00,3354.57,3357.84,3351.01,3357.03,2022.577
2025-01-31 13:25:00,3357.03,3370.13,3355.0,3356.77,5813.6012
2025-01-31 13:30:00,3356.78,3359.07,3343.26,3349.51,4627.0503
2025-01-31 13:35:00,3349.52,3360.23,3341.49,3359.3,3270.1579
2025-01-31 13:40:00,3359.3,3359.94,3349.08,3349.99,1996.4684
2025-01-31 13:45:00,3350.0,3356.21,3346.65,3355.25,1994.067
2025-01-31 13:50:00,3355.25,3358.0,3354.12,3355.09,941.8791
2025-01-31 13:55:00,3355.09,3356.43,3351.12,3354.68,995.8692
2025-01-31 14:00:00,3354.67,3358.99,3350.14,3356.12,1751.8893
2025-01-31 14:05:00,3356.12,3358.27,3348.49,3356.74,1695.0182
2025-01-31 14:10:00,3356.74,3362.0,3355.35,3359.41,1862.294
2025-01-31 14:15:00,3359.41,3364.73,3357.16,3364.19,1970.9127
2025-01-31 14:20:00,3364.18,3371.71,3357.27,3360.7,6714.1923
2025-01-31 14:25:00,3360.7,3363.0,3355.07,3362.99,3032.7927
2025-01-31 14:30:00,3362.99,3374.02,3351.55,3354.96,7437.622
2025-01-31 14:35:00,3354.96,3355.5,3345.97,3353.04,3835.279
2025-01-31 14:40:00,3353.04,3367.0,3349.3,3361.33,4975.4545
2025-01-31 14:45:00,3361.32,3362.06,3345.0,3345.91,4263.2327
2025-01-31 14:50:00,3345.91,3350.0,3334.71,3350.0,4694.3256
2025-01-31 14:55:00,3349.99,3352.23,3344.07,3351.11,1289.1811
2025-01-31 15:00:00,3351.11,3358.43,3351.11,3357.5,1965.116
2025-01-31 15:05:00,3357.5,3359.49,3352.8,3355.41,1405.6462
2025-01-31 15:10:00,3355.41,3360.71,3352.27,3354.97,2343.0126
2025-01-31 15:15:00,3354.96,3367.01,3351.82,3360.71,6952.9685
2025-01-31 15:20:00,3360.7,3392.48,3358.26,3388.47,10783.2612
2025-01-31 15:25:00,3388.46,3395.0,3384.2,3392.57,6087.9693
2025-01-31 15:30:00,3392.57,3404.21,3388.67,3402.91,6266.6844
2025-01-31 15:35:00,3402.91,3412.0,3399.0,3404.9,8200.6403
2025-01-31 15:40:00,3404.91,3405.5,3396.59,3400.99,3400.3789
2025-01-31 15:45:00,3400.99,3407.82,3398.51,3406.94,2974.5169
2025-01-31 15:50:00,3406.94,3420.0,3403.36,3415.7,11282.6086
2025-01-31 15:55:00,3415.7,3436.34,3415.69,3427.66,10600.9164
2025-01-31 16:00:00,3427.65,3437.31,3425.3,3428.89,7391.7297
2025-01-31 16:05:00,3428.89,3430.49,3415.02,3420.21,5127.448
2025-01-31 16:10:00,3420.21,3425.8,3410.2,3412.42,4687.2816
2025-01-31 16:15:00,3412.42,3417.56,3404.45,3405.99,9646.3373
2025-01-31 16:20:00,3405.99,3412.39,3399.37,3412.39,4768.9907
2025-01-31 16:25:00,3412.39,3414.54,3394.98,3397.88,4724.6686
2025-01-31 16:30:00,3397.88,3406.92,3397.7,3399.81,2476.2407
2025-01-31 16:35:00,3399.82,3400.0,3392.0,3392.32,3742.0529
2025-01-31 16:40:00,3392.32,3398.64,3391.2,3397.8,2334.5078
2025-01-31 16:45:00,3397.81,3404.61,3392.86,3403.66,2500.6077
2025-01-31 16:50:00,3403.67,3407.73,3399.24,3407.27,2966.8229
2025-01-31 16:55:00,3407.27,3407.27,3400.9,3403.09,1371.4135
2025-01-31 17:00:00,3403.1,3405.45,3395.0,3395.01,1118.7828
2025-01-31 17:05:00,3395.01,3397.25,3385.27,3392.24,3827.4272
2025-01-31 17:10:00,3392.24,3398.33,3389.72,3394.77,1351.0601
2025-01-31 17:15:00,3394.77,3396.51,3389.84,3391.04,963.9157
2025-01-31 17:20:00,3391.04,3394.01,3388.33,3391.82,1795.1762
2025-01-31 17:25:00,3391.82,3397.0,3391.0,3396.98,1307.9801
2025-01-31 17:30:00,3396.99,3398.63,3392.87,3393.03,1858.169
2025-01-31 17:35:00,3393.04,3393.04,3384.42,3386.59,1228.6811
2025-01-31 17:40:00,3386.6,3388.08,3379.11,3384.08,1665.1098
2025-01-31 17:45:00,3384.09,3386.75,3379.79,3379.79,1342.0375
2025-01-31 17:50:00,3379.8,3380.3,3370.34,3379.78,3104.5806
2025-01-31 17:55:00,3379.78,3382.35,3375.3,3375.88,1093.2307
2025-01-31 18:00:00,3375.87,3376.5,3367.22,3367.73,2268.4554
2025-01-31 18:05:00,3367.74,3372.77,3367.73,3372.75,2340.1445
2025-01-31 18:10:00,3372.76,3381.81,3372.76,3381.52,1243.8531
2025-01-31 18:15:00,3381.52,3385.11,3368.1,3368.44,2776.7948
2025-01-31 18:20:00,3368.43,3368.43,3349.48,3358.5,7533.4646
2025-01-31 18:25:00,3358.49,3358.5,3345.25,3346.98,3609.2859
2025-01-31 18:30:00,3346.98,3347.64,3326.05,3326.4,9135.7064
2025-01-31 18:35:00,3326.41,3326.41,3294.97,3323.99,17033.304
2025-01-31 18:40:00,3323.99,3325.31,3302.72,3311.12,5113.5721
2025-01-31 18:45:00,3311.12,3322.0,3299.11,3319.5,10048.6984
2025-01-31 18:50:00,3319.51,3322.5,3303.99,3310.89,6098.5822
2025-01-31 18:55:00,3310.88,3319.49,3309.67,3314.76,6099.2918
2025-01-31 19:00:00,3314.76,3328.76,3312.5,3327.0,6462.9228
2025-01-31 19:05:00,3327.01,3328.13,3308.13,3311.61,4644.7821
2025-01-31 19:10:00,3311.62,3328.0,3310.6,3324.41,2263.5136
2025-01-31 19:15:00,3324.4,3333.5,3318.08,3321.4,3550.8768
2025-01-31 19:20:00,3321.4,3322.68,3309.09,3320.67,2939.7606
2025-01-31 19:25:00,3320.66,3326.54,3320.29,3326.08,1572.7632
2025-01-31 19:30:00,3326.09,3342.32,3326.09,3337.5,2851.2668
2025-01-31 19:35:00,3337.51,3337.51,3320.1,3326.93,2051.1397
2025-01-31 19:40:00,3326.93,3339.5,3320.0,3323.52,3996.2248
2025-01-31 19:45:00,3323.51,3324.53,3315.15,3322.3,2933.5835
2025-01-31 19:50:00,3322.29,3334.5,3320.56,3334.5,2009.2785
2025-01-31 19:55:00,3334.49,3345.84,3334.49,3339.08,2769.4691
2025-01-31 20:00:00,3339.07,3339.07,3327.35,3328.81,2691.8823
2025-01-31 20:05:00,3328.81,3334.21,3324.52,3328.18,1163.172
2025-01-31 20:10:00,3328.18,3333.54,3318.62,3321.97,1778.9871
2025-01-31 20:15:00,3321.97,3325.22,3312.42,3317.71,2373.1204
2025-01-31 20:20:00,3317.71,3319.14,3285.68,3294.8,9251.6624
2025-01-31 20:25:00,3294.8,3315.97,3294.37,3312.32,3336.4757
2025-01-31 20:30:00,3312.33,3326.78,3306.03,3321.75,3085.2323
2025-01-31 20:35:00,3321.76,3323.16,3311.58,3315.31,2233.9869
2025-01-31 20:40:00,3315.3,3324.0,3314.67,3318.87,1591.5485
2025-01-31 20:45:00,3318.87,3330.7,3318.26,3330.5,2240.3246
2025-01-31 20:50:00,3330.48,3332.79,3317.52,3318.2,3354.8164
2025-01-31 20:55:00,3318.21,3322.88,3309.21,3315.99,2951.8868
2025-01-31 21:00:00,3315.91,3319.49,3308.49,3318.25,1927.3268
2025-01-31 21:05:00,3318.25,3320.6,3301.91,3303.35,4943.5
2025-01-31 21:10:00,3303.35,3304.34,3294.01,3296.06,2435.6819
2025-01-31 21:15:00,3296.06,3301.94,3292.57,3292.71,1695.4867
2025-01-31 21:20:00,3292.7,3295.91,3280.0,3295.77,4278.3203
2025-01-31 21:25:00,3295.77,3297.39,3286.01,3286.74,1154.0545
2025-01-31 21:30:00,3286.74,3294.23,3278.5,3290.5,2573.1274
2025-01-31 21:35:00,3290.51,3314.28,3289.5,3313.93,2496.0483
2025-01-31 21:40:00,3313.92,3315.99,3307.01,3309.8,1415.9451
2025-01-31 21:45:00,3309.8,3317.94,3305.58,3316.5,1521.5323
2025-01-31 21:50:00,3316.5,3319.28,3309.13,3313.47,1203.1685
2025-01-31 21:55:00,3313.47,3319.12,3310.79,3319.12,652.1085
2025-01-31 22:00:00,3319.12,3321.0,3314.82,3318.59,770.6715
2025-01-31 22:05:00,3318.58,3318.59,3302.0,3306.29,904.2608
2025-01-31 22:10:00,3306.28,3310.55,3298.39,3300.82,942.2662
2025-01-31 22:15:00,3300.81,3306.17,3294.37,3298.84,1553.22
2025-01-31 22:20:00,3298.84,3308.5,3295.0,3307.34,804.8656
2025-01-31 22:25:00,3307.35,3317.08,3307.35,3316.32,1329.2552
2025-01-31 22:30:00,3316.32,3316.49,3309.44,3311.89,1349.3825
2025-01-31 22:35:00,3311.9,3318.94,3311.53,3314.8,768.5183
2025-01-31 22:40:00,3314.8,3314.8,3308.44,3313.31,1078.8561
2025-01-31 22:45:00,3313.31,3314.26,3292.53,3299.4,1931.6004
2025-01-31 22:50:00,3299.4,3299.48,3284.77,3287.24,2082.9242
2025-01-31 22:55:00,3287.23,3298.19,3282.0,3296.39,1283.2944
2025-01-31 23:00:00,3296.38,3299.21,3288.76,3291.34,1520.3926
2025-01-31 23:05:00,3291.34,3294.09,3285.0,3293.68,944.0939
2025-01-31 23:10:00,3293.68,3300.67,3293.34,3295.37,871.8053
2025-01-31 23:15:00,3295.38,3302.41,3292.81,3302.2,726.2484
2025-01-31 23:20:00,3302.19,3302.82,3297.8,3301.22,515.097
2025-01-31 23:25:00,3301.21,3302.36,3298.58,3301.47,435.336
2025-01-31 23:30:00,3301.47,3301.94,3282.31,3282.32,1328.4212
2025-01-31 23:35:00,3282.32,3286.22,3278.8,3283.9,1436.7719
2025-01-31 23:40:00,3283.89,3289.52,3283.31,3286.4,671.7533
2025-01-31 23:45:00,3286.39,3293.62,3282.29,3292.99,964.2844
2025-01-31 23:50:00,3292.98,3299.88,3292.98,3298.09,863.16
2025-01-31 23:55:00,3298.1,3300.99,3295.19,3300.99,1502.6486
